student_id,age,gender,education_level,school_type,family_income,parent_education,urban_rural,previous_exam_score,previous_gpa,attendance_percentage,assignment_completion_rate,class_participation,study_hours_per_day,self_study_hours,private_tuition,online_learning_hours,study_consistency,study_environment,study_method,revision_frequency,practice_tests_completed,notes_quality,sleep_hours,sleep_quality,daily_screen_time,physical_activity_hours,break_frequency,stress_level,motivation_level,internet_access,device_availability,educational_app_usage,online_course_hours,exam_difficulty,exam_preparation_days,questions_attempted,questions_correct,time_management_score,exam_anxiety_level,exam_score,performance_grade,pass_status,performance_level
STU_000001,20,Female,High School,Public,Middle,,Rural,78.36,2.95,81.49,65.18,Medium,4.94,2.63,0,1.75,Medium,Moderate,Flashcards,Rarely,8,Average,6.31,Excellent,3.8,0.93,Frequently,10,High,1,Shared,Low,2.15,Medium,27,95,86,,9.39,90.4,A,Pass,High
STU_000002,17,Male,High School,Public,Middle,,Suburban,73.4,2.89,,76.53,Low,3.42,2.64,0,1.97,Medium,Moderate,Flashcards,Daily,10,Average,6.81,Excellent,4.04,0.21,Frequently,8,High,1,Shared,Moderate,4.37,Easy,4,100,86,87.17,6.31,86.21,A,Pass,High
STU_000003,18,Other,Undergraduate,Public,Middle,Master,Urban,82.76,3.35,100.0,70.39,Medium,1.06,0.83,0,3.4,Low,Moderate,Summarizing,Weekly,5,Excellent,6.53,Poor,3.19,2.56,Rarely,9,Medium,1,Dedicated,Low,1.43,Easy,28,96,74,63.77,9.87,76.11,B,Pass,Medium
STU_000004,20,Male,High School,Public,Middle,High School,Suburban,60.61,2.57,84.91,75.06,Low,7.89,5.51,0,1.94,Medium,Quiet,Summarizing,Weekly,8,Excellent,6.6,Fair,5.12,2.3,Rarely,10,High,1,Dedicated,Low,3.69,Medium,16,97,77,59.51,9.68,79.74,B,Pass,Medium
STU_000005,16,Female,High School,Private,High,Bachelor,Suburban,74.79,2.84,88.21,61.54,Medium,2.63,2.29,0,0.58,Medium,Noisy,Self-Reading,Rarely,1,Poor,7.83,Excellent,4.82,0.49,Frequently,10,High,1,Dedicated,Moderate,1.97,Medium,28,98,52,84.64,10.0,50.66,D,Pass,Low
STU_000006,18,Male,High School,Public,High,High School,Rural,67.68,,97.11,65.46,Medium,3.18,1.67,1,1.02,Medium,Quiet,Self-Reading,Daily,6,Average,8.83,Fair,8.37,1.64,Occasionally,6,Medium,1,Shared,Moderate,1.08,Hard,27,96,65,55.27,6.12,67.9,C,Pass,Medium
STU_000007,18,Male,High School,Charter,Middle,,Urban,78.84,3.0,85.38,70.92,Medium,3.35,2.11,0,1.47,Medium,Quiet,Practice Tests,Weekly,6,Average,7.16,Fair,2.59,0.71,Occasionally,10,Medium,1,Dedicated,Low,5.62,Hard,12,98,54,86.15,9.46,53.86,D,Pass,Low
STU_000008,20,Female,Undergraduate,Private,Lower-Middle,Bachelor,Suburban,90.79,3.63,80.61,72.83,High,5.51,4.33,0,0.26,Low,Quiet,Self-Reading,Weekly,9,Poor,8.22,Good,6.86,0.09,Frequently,10,Medium,0,Shared,Moderate,4.78,Easy,7,94,91,88.08,10.0,97.61,A,Pass,High
STU_000009,15,Male,Undergraduate,Public,Lower-Middle,Associate,Suburban,61.28,2.43,86.47,70.12,High,2.42,1.65,1,6.23,High,Noisy,Practice Tests,Weekly,7,Excellent,6.55,Good,5.99,1.51,Occasionally,10,Medium,1,Dedicated,Low,2.01,Hard,14,94,35,70.21,8.34,34.44,F,Fail,Low
STU_000010,16,Female,Undergraduate,Public,Lower-Middle,Associate,Rural,61.33,2.72,89.61,61.53,Low,1.26,0.78,0,2.86,Medium,Noisy,Group Study,Weekly,2,Poor,8.9,Good,1.21,1.59,Frequently,10,Medium,1,Dedicated,Low,8.4,Hard,4,87,34,73.78,8.49,39.05,F,Fail,Low
STU_000011,20,Male,High School,Private,Middle,Doctorate,Suburban,71.7,2.86,84.73,64.63,High,1.47,1.04,1,3.47,Low,Quiet,Self-Reading,Daily,4,Average,9.1,Fair,2.63,3.8,Frequently,6,Medium,1,Shared,Moderate,0.64,Medium,2,93,68,,4.59,76.22,B,Pass,Medium
STU_000012,16,Male,High School,Public,Upper-Middle,Associate,Urban,94.04,3.85,96.87,65.89,Medium,2.85,2.02,0,0.4,Low,Moderate,Practice Tests,Daily,3,Excellent,6.77,Good,6.03,0.17,Occasionally,10,Medium,1,Dedicated,Moderate,2.73,Medium,3,94,74,89.89,10.0,77.19,B,Pass,Medium
STU_000013,16,Female,Undergraduate,Public,Middle,Associate,Urban,77.31,3.14,82.01,61.22,Low,3.64,3.15,1,4.03,High,Moderate,Self-Reading,Weekly,5,Average,7.51,Fair,4.54,6.04,Occasionally,10,Medium,1,Dedicated,Low,2.41,Easy,11,98,62,63.69,9.32,60.24,D,Pass,Medium
STU_000014,18,Female,High School,Private,Lower-Middle,,Suburban,67.88,2.64,97.33,90.35,Medium,5.86,3.75,0,2.19,Medium,Quiet,Self-Reading,Daily,7,,8.65,Good,4.4,1.9,Occasionally,7,Medium,1,Dedicated,Moderate,3.55,Hard,24,94,58,100.0,7.1,61.67,D,Pass,Medium
STU_000015,17,Male,High School,Public,Middle,Associate,Suburban,71.9,2.7,95.33,69.98,High,3.19,2.79,0,0.57,Low,Quiet,Group Study,Rarely,9,Average,7.16,Poor,3.6,4.85,Occasionally,10,Medium,1,Shared,Moderate,1.09,Medium,26,94,72,76.86,10.0,75.29,B,Pass,Medium
STU_000016,16,Male,High School,Public,Middle,Bachelor,Rural,41.12,1.83,99.8,86.47,High,0.5,0.3,0,0.58,High,Noisy,Summarizing,Weekly,5,Average,7.22,Excellent,6.78,1.42,Occasionally,9,Medium,1,Shared,Low,0.53,Hard,14,93,36,96.84,8.47,38.77,F,Fail,Low
STU_000017,19,Male,High School,Public,Middle,Bachelor,Rural,75.61,3.12,83.92,59.84,Medium,3.62,2.37,1,1.27,Low,Quiet,Flashcards,Daily,3,Excellent,8.81,Excellent,1.75,3.6,Rarely,10,Medium,1,Shared,Low,2.57,Medium,17,87,77,91.31,10.0,86.36,A,Pass,High
STU_000018,18,Male,Undergraduate,Public,Middle,High School,Suburban,73.86,,87.8,83.33,Medium,2.65,2.34,0,1.14,High,Quiet,Practice Tests,Daily,3,Average,5.84,Fair,5.59,1.37,Frequently,10,Medium,1,Shared,High,1.19,Hard,11,92,52,,8.43,55.88,D,Pass,Low
STU_000019,15,Female,High School,Public,Low,Master,Suburban,52.9,2.03,,57.6,Medium,0.87,0.67,0,0.16,Medium,Quiet,Self-Reading,Weekly,4,Average,6.19,,5.54,4.66,Frequently,10,High,1,Dedicated,Moderate,1.16,Hard,3,100,30,,9.85,32.5,F,Fail,Low
STU_000020,17,Female,High School,Private,Lower-Middle,Associate,Urban,87.54,3.52,78.31,83.69,Medium,2.16,1.3,1,5.54,Medium,Moderate,Summarizing,Weekly,0,Poor,6.61,Good,7.06,2.18,Frequently,10,Medium,0,Dedicated,High,3.35,Medium,28,93,64,81.07,10.0,70.56,C,Pass,Medium
STU_000021,19,Female,High School,Public,Low,Bachelor,Suburban,75.66,2.88,75.56,68.79,Medium,2.27,1.9,0,4.15,Medium,Noisy,Practice Tests,Daily,5,Average,9.28,,6.28,6.6,Frequently,10,High,1,Shared,High,1.42,Medium,28,95,64,98.01,9.8,68.1,C,Pass,Medium
STU_000022,19,Other,Undergraduate,Private,Lower-Middle,High School,Suburban,59.1,2.66,79.9,72.14,High,4.81,3.33,1,0.5,Medium,Quiet,Self-Reading,Daily,8,Average,7.17,Good,8.02,2.52,Occasionally,10,Low,0,Dedicated,Low,4.28,Hard,24,85,53,60.8,7.74,59.96,D,Pass,Low
STU_000023,15,Male,High School,Public,Low,High School,Suburban,63.72,2.42,80.78,63.28,Medium,1.46,1.25,0,1.96,High,Quiet,Flashcards,Daily,5,Average,7.37,Fair,3.86,2.48,Frequently,9,Medium,1,Shared,High,3.1,Medium,1,90,18,78.7,8.43,19.76,F,Fail,Low
STU_000024,17,Male,Undergraduate,Public,Upper-Middle,Associate,Rural,74.88,2.8,90.19,77.12,High,4.11,3.15,1,1.54,Medium,Moderate,Self-Reading,Daily,11,Average,6.52,Excellent,8.49,1.1,Occasionally,7,High,1,None,Low,1.22,Medium,1,87,62,100.0,9.02,72.44,C,Pass,Medium
STU_000025,18,Male,Undergraduate,Private,Upper-Middle,Associate,Suburban,86.91,3.58,,64.81,Medium,0.75,0.65,0,0.08,Medium,Moderate,Group Study,Weekly,4,Poor,7.12,Poor,4.03,1.57,Frequently,10,Low,1,Shared,High,1.5,Hard,24,97,68,100.0,8.78,72.34,C,Pass,Medium
STU_000026,14,Female,Undergraduate,Public,Upper-Middle,High School,Suburban,100.0,4.0,91.06,75.74,Low,3.88,1.99,0,2.97,High,Quiet,Self-Reading,Daily,13,Average,5.71,Poor,6.0,3.33,Frequently,10,Medium,1,Shared,Moderate,1.27,Hard,25,91,59,64.33,10.0,66.4,C,Pass,Medium
STU_000027,17,Female,High School,Private,High,Bachelor,Urban,88.96,3.66,91.0,55.44,Medium,0.5,0.35,0,0.29,High,Quiet,Self-Reading,Weekly,4,Average,5.72,Poor,7.75,3.92,Frequently,9,Medium,1,Dedicated,Moderate,0.26,Medium,14,89,59,57.36,8.72,66.34,C,Pass,Medium
STU_000028,15,Male,High School,Private,Middle,Associate,Suburban,72.24,2.99,78.67,60.58,Medium,1.15,0.68,1,0.58,Medium,Moderate,Flashcards,Daily,3,Excellent,7.48,Poor,6.33,1.46,Rarely,10,Medium,1,Dedicated,Low,1.2,Hard,23,91,44,66.75,10.0,47.83,F,Fail,Low
STU_000029,19,Female,High School,Charter,Low,Bachelor,Urban,74.52,3.34,84.36,56.74,Medium,2.83,2.36,0,0.38,Low,Quiet,Practice Tests,Weekly,5,Excellent,7.88,Good,4.23,0.5,Occasionally,8,Medium,1,Dedicated,High,5.87,Medium,2,92,69,90.01,4.11,73.88,C,Pass,Medium
STU_000030,18,Female,High School,Charter,Low,Associate,Suburban,58.62,2.08,83.17,72.11,Medium,5.57,4.84,0,0.08,Low,Quiet,Flashcards,Weekly,7,Poor,5.49,Good,3.13,0.32,Occasionally,10,High,1,Dedicated,High,1.1,Hard,17,96,58,89.45,10.0,58.27,D,Pass,Low
STU_000031,17,Male,High School,Public,Low,Associate,Rural,66.2,2.89,91.57,56.36,Medium,5.35,3.61,0,3.91,Medium,Moderate,Practice Tests,Daily,6,Average,8.63,Fair,3.2,0.26,Frequently,10,Medium,1,Dedicated,Moderate,0.36,Hard,25,89,60,72.54,10.0,65.74,C,Pass,Medium
STU_000032,14,Male,Undergraduate,Private,Middle,Bachelor,Urban,65.48,2.74,100.0,59.9,High,2.85,1.8,0,0.07,High,Noisy,Practice Tests,Daily,7,Average,8.57,Excellent,4.79,6.03,Occasionally,7,High,1,Dedicated,High,1.45,Medium,15,87,69,73.2,5.03,81.66,B,Pass,High
STU_000033,14,Male,High School,Private,Low,Master,Suburban,63.05,2.88,81.4,74.87,Medium,4.59,3.32,1,1.42,Medium,Quiet,Flashcards,Daily,11,Average,6.96,Fair,7.09,5.37,Occasionally,9,High,1,Dedicated,High,1.7,Medium,4,88,77,87.4,8.78,84.17,B,Pass,High
STU_000034,16,Female,Undergraduate,Public,Middle,High School,Suburban,84.86,3.5,73.86,51.95,Medium,1.01,0.62,0,3.59,Medium,Noisy,Practice Tests,Weekly,2,Average,6.81,Fair,4.31,0.98,Frequently,10,Low,1,Shared,Low,3.54,Easy,12,98,49,66.81,10.0,49.29,F,Fail,Low
STU_000035,16,Male,Undergraduate,Public,High,Bachelor,Urban,72.41,3.15,,72.2,High,4.08,2.11,0,7.64,High,Quiet,Flashcards,Weekly,4,Average,8.49,Fair,6.47,1.36,Occasionally,10,Low,1,Dedicated,Low,0.93,Easy,23,97,91,100.0,6.18,92.31,A,Pass,High
STU_000036,20,Female,High School,Charter,Low,High School,Urban,81.06,3.3,78.98,64.3,Low,3.6,3.02,1,0.22,High,Noisy,Self-Reading,Weekly,6,Average,7.17,Fair,4.62,0.99,Rarely,10,Medium,1,Dedicated,High,0.52,Hard,1,90,47,84.02,9.14,51.14,D,Pass,Low
STU_000037,15,Female,Undergraduate,Public,Low,Bachelor,Suburban,59.45,2.25,,75.7,High,1.26,0.74,0,2.79,Low,Moderate,Flashcards,Weekly,4,Average,8.07,Poor,4.26,1.91,Occasionally,7,Medium,1,Dedicated,Low,1.24,Hard,9,87,53,70.4,7.34,60.83,D,Pass,Medium
STU_000038,17,Male,Undergraduate,Public,Middle,Bachelor,Urban,49.26,2.01,89.99,65.93,High,1.53,0.92,0,2.5,Medium,Quiet,Flashcards,Weekly,1,Average,7.96,Poor,5.39,1.17,Occasionally,7,Low,1,Shared,Low,0.1,Medium,25,85,42,91.74,7.76,53.66,D,Pass,Low
STU_000039,17,Female,Undergraduate,Public,Lower-Middle,Associate,Suburban,91.29,3.74,80.01,80.59,High,4.38,2.26,0,0.23,Medium,Moderate,Self-Reading,Rarely,7,Average,6.8,Fair,5.5,2.05,Occasionally,7,Medium,1,Dedicated,High,1.51,Easy,10,87,82,64.28,8.04,96.07,A,Pass,High
STU_000040,20,Male,Undergraduate,Public,High,High School,Urban,59.7,2.19,89.02,74.8,Medium,4.24,3.0,0,1.84,Medium,Quiet,Flashcards,Rarely,4,Average,9.27,Good,4.63,4.29,Frequently,10,Low,1,Dedicated,Low,1.47,Medium,18,90,61,89.62,9.4,67.43,C,Pass,Medium
STU_000041,19,Male,Undergraduate,Public,High,Associate,Suburban,66.92,2.83,98.57,90.66,High,5.19,4.09,0,0.6,Medium,Moderate,Practice Tests,Daily,10,Poor,7.28,Good,3.68,4.78,Occasionally,10,Medium,1,Dedicated,Low,1.29,Easy,17,96,66,77.6,10.0,68.46,C,Pass,Medium
STU_000042,19,Female,High School,Public,Low,High School,Rural,47.21,1.8,78.52,62.9,High,2.59,1.44,0,3.48,Low,Moderate,Practice Tests,Weekly,6,Average,7.76,Good,6.22,1.65,Frequently,10,High,1,None,Low,2.0,Medium,17,91,39,45.89,9.53,40.38,F,Fail,Low
STU_000043,20,Male,High School,Public,Upper-Middle,Bachelor,Suburban,64.26,2.59,87.47,71.43,Medium,1.57,1.23,0,1.51,Low,Moderate,Group Study,Rarely,6,Average,5.95,Fair,4.94,1.39,Frequently,10,Medium,1,Shared,Low,5.66,Easy,13,96,59,59.72,8.08,64.78,D,Pass,Medium
STU_000044,19,Male,Undergraduate,Public,Middle,Master,Suburban,77.14,3.0,80.03,66.97,Medium,2.41,2.16,0,0.37,Medium,Quiet,Flashcards,Weekly,8,Poor,5.24,Fair,4.51,0.81,Frequently,10,Medium,1,Dedicated,Low,0.11,Medium,13,94,56,,10.0,58.63,D,Pass,Low
STU_000045,16,Male,High School,Public,Lower-Middle,Master,Rural,71.13,2.66,,77.43,High,1.75,0.98,1,1.55,Low,Moderate,Practice Tests,Rarely,7,Poor,6.53,Poor,4.06,1.89,Occasionally,7,Medium,1,Dedicated,Moderate,1.39,Hard,21,85,55,97.17,7.16,64.03,D,Pass,Medium
STU_000046,17,Female,High School,Public,Upper-Middle,Master,Suburban,56.78,2.28,75.65,75.4,Low,1.64,1.39,0,7.26,Medium,Quiet,Flashcards,Daily,4,Average,6.43,Good,6.89,3.35,Frequently,10,Medium,1,Dedicated,Low,1.37,Hard,2,99,39,74.87,7.61,42.53,F,Fail,Low
STU_000047,20,Female,High School,Public,Middle,Master,Rural,81.12,3.34,85.17,73.7,Medium,4.52,3.29,0,1.48,Medium,Quiet,Summarizing,Daily,6,Poor,6.76,Good,4.17,2.37,Rarely,10,High,0,Dedicated,Moderate,8.29,Hard,3,91,64,73.6,9.5,70.64,C,Pass,Medium
STU_000048,17,Male,Undergraduate,Public,Lower-Middle,High School,Urban,52.34,,100.0,72.49,Medium,3.27,2.54,1,1.72,Medium,Noisy,Flashcards,Weekly,5,Average,7.26,Fair,3.46,0.89,Rarely,10,Medium,1,Shared,Low,1.77,Easy,24,89,59,70.51,9.35,65.12,C,Pass,Medium
STU_000049,14,Male,Undergraduate,Public,Lower-Middle,Master,Urban,45.81,1.68,85.07,59.23,Medium,2.74,2.43,0,5.9,Medium,Quiet,Summarizing,Weekly,4,Average,6.34,Fair,3.89,1.29,Rarely,10,Low,1,Dedicated,High,0.76,Medium,6,94,43,56.8,8.6,44.75,F,Fail,Low
STU_000050,16,Female,Undergraduate,Charter,Middle,Associate,Urban,61.53,2.61,88.29,83.38,High,2.33,1.66,0,3.03,Medium,Quiet,Flashcards,Weekly,3,Poor,7.68,Fair,5.18,2.67,Occasionally,10,High,1,Dedicated,Low,2.65,Medium,15,92,46,58.91,10.0,51.44,D,Pass,Low
STU_000051,18,Female,Undergraduate,Public,Middle,Bachelor,Urban,72.09,3.0,93.12,83.15,Medium,4.32,3.35,1,0.85,Medium,Moderate,Flashcards,Rarely,4,Average,7.71,Good,6.8,1.07,Occasionally,10,Medium,1,Dedicated,Moderate,0.01,Hard,30,98,62,67.57,10.0,62.21,D,Pass,Medium
STU_000052,16,Male,Undergraduate,Public,Low,Associate,Urban,63.66,2.59,96.47,71.73,High,3.41,1.88,1,0.06,Medium,Quiet,Flashcards,Weekly,5,Average,6.33,Excellent,2.31,1.52,Occasionally,8,Low,1,None,Low,1.04,Medium,3,98,61,74.15,8.98,61.24,D,Pass,Medium
STU_000053,20,Male,High School,Charter,Middle,Bachelor,Suburban,71.46,,76.34,54.79,Low,1.72,1.52,1,0.37,Medium,Quiet,Self-Reading,Rarely,5,Average,9.56,Excellent,3.26,0.33,Rarely,6,Low,1,Dedicated,Moderate,2.33,Easy,21,90,89,81.9,7.27,98.97,A,Pass,High
STU_000054,18,Male,High School,Public,Middle,Master,Suburban,71.34,2.83,94.64,91.67,Low,3.42,2.75,0,3.03,High,Moderate,Flashcards,Weekly,7,Excellent,5.57,Excellent,4.26,0.12,Occasionally,10,Low,0,Dedicated,Low,0.97,Easy,1,97,41,58.66,10.0,44.19,F,Fail,Low
STU_000055,14,Female,Undergraduate,Public,Upper-Middle,Associate,Rural,63.81,2.4,84.74,65.18,Medium,1.86,1.07,0,1.58,High,Quiet,Flashcards,Weekly,5,Poor,6.91,Excellent,5.95,1.37,Rarely,9,High,1,Dedicated,High,3.78,Medium,6,88,31,64.92,8.18,36.88,F,Fail,Low
STU_000056,20,Male,Undergraduate,Public,Lower-Middle,High School,Urban,71.95,2.57,88.45,79.91,High,4.63,2.97,0,2.37,Medium,Moderate,Practice Tests,Weekly,8,Excellent,7.21,Good,4.33,3.86,Occasionally,10,Low,1,Dedicated,High,2.28,Easy,21,93,82,100.0,9.15,89.57,A,Pass,High
STU_000057,15,Female,Undergraduate,Private,Upper-Middle,Associate,Suburban,70.76,2.74,,70.37,Medium,1.06,0.93,0,2.83,High,Noisy,Summarizing,Weekly,2,Average,6.53,Poor,4.17,0.37,Frequently,10,High,1,Dedicated,High,1.57,Hard,27,97,63,65.53,9.47,65.28,C,Pass,Medium
STU_000058,17,Male,Undergraduate,Public,Upper-Middle,Master,Urban,78.23,2.98,82.18,58.06,Medium,1.35,1.18,0,4.46,High,Moderate,Flashcards,Daily,7,Average,7.51,Fair,4.63,8.46,Frequently,10,High,1,Shared,Low,2.34,Easy,17,91,68,69.56,10.0,76.9,B,Pass,Medium
STU_000059,14,Male,Undergraduate,Private,Lower-Middle,High School,Rural,67.59,2.96,86.1,77.85,Low,5.51,4.0,1,0.4,High,Moderate,Flashcards,Rarely,8,Excellent,8.66,Good,3.69,1.55,Occasionally,6,Low,1,Dedicated,Low,3.07,Medium,3,95,66,100.0,9.23,72.53,C,Pass,Medium
STU_000060,17,Male,High School,Public,Middle,Doctorate,Rural,59.31,2.49,76.21,80.57,Low,6.95,5.76,0,1.1,Low,Moderate,Summarizing,Weekly,11,Average,9.71,Good,3.36,7.98,Occasionally,10,Low,1,Dedicated,Moderate,0.07,Medium,18,97,78,86.38,8.67,79.86,B,Pass,Medium
STU_000061,19,Male,High School,Private,Middle,Bachelor,Rural,65.58,2.64,83.83,70.64,Low,2.87,1.75,1,1.86,Medium,Moderate,Group Study,Weekly,5,Average,6.48,Good,5.75,5.14,Frequently,10,Medium,1,Shared,Moderate,2.85,Easy,19,98,41,67.01,9.43,44.92,F,Fail,Low
STU_000062,15,Male,High School,Private,Middle,Associate,Rural,66.7,2.85,81.14,52.94,Low,3.98,3.12,0,4.84,Medium,Quiet,Group Study,Weekly,7,Average,7.59,Fair,3.49,0.38,Rarely,10,Medium,1,Dedicated,Moderate,4.68,Hard,6,97,53,80.81,10.0,53.38,D,Pass,Low
STU_000063,15,Male,Undergraduate,Public,Lower-Middle,Associate,Rural,70.23,2.71,89.09,58.91,High,1.82,0.99,0,5.52,Low,Quiet,Flashcards,Weekly,8,Average,6.54,Poor,5.39,1.17,Occasionally,10,Low,1,Dedicated,Moderate,1.48,Medium,4,87,45,78.55,10.0,52.55,D,Pass,Low
STU_000064,14,Female,Undergraduate,Public,Lower-Middle,Associate,Urban,58.77,2.08,,87.26,Medium,7.15,4.82,0,0.05,Medium,Moderate,Flashcards,Weekly,10,Average,6.96,Good,5.11,3.93,Occasionally,10,Medium,1,Dedicated,High,8.23,Hard,23,99,78,74.58,8.86,79.1,B,Pass,Medium
STU_000065,15,Male,Undergraduate,Public,Middle,Bachelor,Urban,80.88,3.29,78.69,72.1,Medium,4.95,2.99,0,0.48,High,Moderate,Flashcards,Weekly,6,Average,7.32,Poor,3.48,2.46,Frequently,10,Medium,1,Dedicated,Moderate,0.65,Medium,5,85,56,64.63,10.0,65.71,C,Pass,Medium
STU_000066,18,Male,High School,Private,Lower-Middle,Associate,Urban,76.47,3.14,91.99,75.87,High,5.09,3.42,0,4.48,Medium,Quiet,Summarizing,Weekly,3,Excellent,5.07,Fair,4.88,0.76,Occasionally,10,High,1,Dedicated,Moderate,3.85,Hard,15,95,55,100.0,8.86,57.71,D,Pass,Low
STU_000067,15,Female,High School,Charter,Middle,Bachelor,Urban,54.31,2.12,,75.14,High,2.38,1.76,0,1.23,High,Quiet,Summarizing,Weekly,1,Average,5.34,Fair,3.08,0.16,Frequently,10,Low,1,Shared,High,6.34,Hard,12,93,25,70.15,10.0,25.8,F,Fail,Low
STU_000068,17,Male,Undergraduate,Public,Low,Bachelor,Urban,36.28,1.23,,60.65,Medium,1.13,0.61,1,0.88,High,Moderate,Self-Reading,Weekly,4,Average,8.43,Fair,5.87,4.47,Frequently,10,High,1,Dedicated,Low,0.32,Medium,26,91,42,65.67,10.0,48.17,F,Fail,Low
STU_000069,17,Male,Undergraduate,Private,Upper-Middle,Master,Rural,71.1,2.71,100.0,70.93,Low,4.65,2.45,0,2.58,Low,Quiet,Self-Reading,Rarely,4,Average,6.98,Fair,4.95,0.21,Frequently,9,Low,1,Dedicated,Low,10.12,Hard,7,87,63,89.34,10.0,71.52,C,Pass,Medium
STU_000070,20,Male,High School,Public,High,High School,Rural,72.71,2.97,80.26,58.32,Medium,4.75,3.75,1,1.29,Medium,Moderate,Practice Tests,Weekly,8,Excellent,8.07,Poor,1.89,0.88,Rarely,7,Medium,1,Dedicated,Low,2.96,Hard,22,100,58,72.07,6.06,59.1,D,Pass,Low
STU_000071,17,Female,High School,Public,Lower-Middle,High School,Rural,57.56,2.29,84.93,70.88,Medium,3.16,1.73,0,4.43,Low,Quiet,Practice Tests,Weekly,6,Average,5.18,Good,4.8,0.49,Occasionally,10,Medium,1,Shared,High,2.28,Medium,9,85,49,81.64,8.84,57.2,D,Pass,Low
STU_000072,20,Male,High School,Public,Lower-Middle,High School,Rural,71.74,2.87,,77.47,Medium,4.15,2.41,0,5.2,Low,Noisy,Self-Reading,Weekly,4,,8.32,Good,7.11,0.22,Rarely,10,High,1,Shared,High,0.08,Medium,2,85,56,100.0,9.21,68.52,C,Pass,Medium
STU_000073,17,Male,Undergraduate,Private,Lower-Middle,,Rural,68.75,2.8,98.63,81.03,High,4.18,3.35,0,1.15,Medium,Noisy,Group Study,Daily,4,Poor,5.54,Fair,6.16,7.83,Occasionally,10,Medium,0,Dedicated,Moderate,1.32,Medium,10,90,34,80.48,10.0,40.32,F,Fail,Low
STU_000074,18,Male,High School,Public,Middle,High School,Suburban,79.72,2.89,76.23,62.2,High,3.02,2.66,1,2.88,Medium,Quiet,Flashcards,Daily,6,,6.24,Good,6.07,0.66,Frequently,10,Medium,1,Dedicated,Moderate,0.79,Medium,6,90,45,64.45,8.76,50.63,D,Pass,Low
STU_000075,20,Male,High School,Public,High,Bachelor,Suburban,61.28,2.55,87.97,80.52,Medium,2.69,2.22,0,1.12,Medium,Quiet,Self-Reading,Daily,4,Excellent,8.42,Fair,6.41,6.23,Occasionally,10,Low,0,Shared,Moderate,11.41,Easy,29,88,51,94.86,10.0,58.17,D,Pass,Low
STU_000076,16,Female,High School,Public,Lower-Middle,Doctorate,Rural,63.22,2.56,,51.65,Medium,3.82,3.33,1,0.84,Medium,Quiet,Flashcards,Rarely,6,Average,6.99,Excellent,1.83,0.46,Occasionally,10,High,1,Dedicated,High,4.0,Medium,17,86,51,81.66,10.0,61.03,D,Pass,Medium
STU_000077,19,Female,High School,Public,Low,,Urban,61.35,2.41,80.55,65.69,Medium,1.92,1.53,0,0.08,Medium,Quiet,Practice Tests,Weekly,3,Average,7.92,Fair,3.7,1.41,Rarely,10,Medium,1,Dedicated,Moderate,1.8,Hard,27,94,41,97.76,9.5,43.29,F,Fail,Low
STU_000078,14,Female,High School,Private,Lower-Middle,High School,Suburban,81.76,3.26,89.41,68.92,Medium,1.47,0.87,0,0.19,Low,Noisy,Flashcards,Rarely,2,Average,5.68,Fair,6.83,2.48,Frequently,10,Medium,1,Dedicated,High,4.36,Easy,9,92,66,60.88,9.84,71.79,C,Pass,Medium
STU_000079,17,Male,Undergraduate,Public,Middle,Associate,Urban,56.96,1.93,71.44,48.62,Medium,0.96,0.6,0,5.79,Medium,Noisy,Group Study,Weekly,3,Poor,6.42,Good,4.43,0.75,Rarely,10,Medium,1,Dedicated,Low,6.17,Hard,2,89,9,75.76,8.89,9.6,F,Fail,Low
STU_000080,15,Female,Undergraduate,Public,Upper-Middle,Bachelor,Urban,84.83,3.39,96.31,63.54,Low,2.84,1.84,0,4.68,Medium,Noisy,Practice Tests,Weekly,3,Poor,6.65,Excellent,3.23,0.87,Rarely,10,Medium,1,Dedicated,Moderate,1.27,Easy,28,98,95,81.57,10.0,95.75,A,Pass,High
STU_000081,17,Female,Undergraduate,Private,Lower-Middle,Master,Urban,65.76,2.66,81.64,73.45,Medium,0.5,0.31,0,0.28,Medium,Noisy,Group Study,Rarely,5,Average,5.71,Excellent,5.64,1.28,Occasionally,10,Medium,1,Shared,Low,6.99,Easy,9,94,59,85.73,9.98,62.67,D,Pass,Medium
STU_000082,15,Male,High School,Private,Low,High School,Suburban,73.37,3.08,82.8,74.41,Medium,2.18,1.16,0,0.51,Low,Moderate,Flashcards,Daily,9,Poor,6.54,Fair,6.46,0.54,Frequently,10,Medium,1,Shared,Moderate,2.86,Easy,22,99,79,60.1,8.71,77.87,B,Pass,Medium
STU_000083,19,Male,High School,Private,Low,Bachelor,Urban,64.58,2.59,87.39,84.61,Low,5.0,2.99,0,1.94,Medium,Moderate,Self-Reading,Weekly,5,Average,7.51,Good,7.73,1.0,Occasionally,7,High,1,Dedicated,Low,0.05,Easy,18,92,92,86.85,7.16,98.85,A,Pass,High
STU_000084,19,Male,High School,Public,Upper-Middle,Master,Urban,77.76,3.04,,63.1,Medium,4.57,2.74,0,1.35,Medium,Noisy,Self-Reading,Weekly,8,,6.53,Good,3.88,10.5,Rarely,10,High,1,Shared,Moderate,2.89,Medium,6,98,83,68.9,10.0,85.75,A,Pass,High
STU_000085,19,Male,Undergraduate,Public,Middle,Bachelor,Rural,70.11,2.87,78.61,87.03,Medium,5.46,2.85,1,2.71,Low,Moderate,Summarizing,Weekly,7,Average,7.76,Good,3.2,3.38,Occasionally,10,Low,1,Dedicated,Moderate,3.57,Medium,6,94,74,59.32,10.0,80.23,B,Pass,High
STU_000086,15,Male,High School,Public,Low,Master,Suburban,43.91,1.73,,70.33,Low,5.5,3.96,0,0.94,Medium,Quiet,Group Study,Weekly,7,Average,5.3,Fair,6.77,0.52,Occasionally,10,Medium,1,Dedicated,Low,1.41,Easy,4,89,74,77.25,8.76,81.98,B,Pass,High
STU_000087,17,Male,High School,Public,Middle,Bachelor,Urban,61.52,2.68,79.75,84.82,Medium,4.76,3.73,1,0.03,Low,Moderate,Group Study,Weekly,11,Excellent,5.8,Poor,6.94,2.85,Occasionally,10,Medium,1,Shared,High,0.07,Hard,19,91,42,,9.4,44.07,F,Fail,Low
STU_000088,19,Female,High School,Public,Middle,Bachelor,Urban,73.53,2.6,90.15,64.88,Low,0.66,0.42,1,0.75,Medium,Quiet,Practice Tests,Weekly,4,Average,5.64,Good,3.18,0.39,Occasionally,10,Medium,1,Dedicated,High,3.36,Easy,30,86,32,72.54,9.32,36.23,F,Fail,Low
STU_000089,18,Male,Undergraduate,Public,High,Associate,Urban,64.67,2.65,84.47,89.24,Low,3.34,2.67,1,1.97,Low,Quiet,Practice Tests,Weekly,6,Poor,6.26,Good,3.86,1.59,Occasionally,10,Medium,1,Dedicated,Moderate,0.49,Medium,16,90,66,81.66,8.37,71.89,C,Pass,Medium
STU_000090,20,Female,High School,Charter,Low,Master,Suburban,60.47,2.52,94.27,72.18,Medium,1.33,1.07,0,2.8,High,Noisy,Group Study,Daily,3,,7.39,Poor,4.22,5.38,Occasionally,10,Medium,1,Dedicated,Moderate,0.16,Hard,7,88,40,83.85,10.0,42.87,F,Fail,Low
STU_000091,15,Male,Undergraduate,Public,Middle,Associate,Urban,67.12,2.68,,62.45,Low,4.06,2.69,0,0.74,Medium,Quiet,Self-Reading,Weekly,6,Average,5.75,Excellent,7.84,0.27,Occasionally,8,Medium,1,Dedicated,Moderate,1.07,Medium,2,92,66,88.97,9.16,70.13,C,Pass,Medium
STU_000092,15,Male,Undergraduate,Private,Lower-Middle,High School,Suburban,87.18,3.65,80.18,65.41,Low,3.43,2.88,0,0.67,Medium,Noisy,Flashcards,Daily,6,Excellent,6.94,Poor,3.16,1.96,Occasionally,10,Medium,1,Dedicated,Moderate,4.38,Hard,1,91,41,46.78,10.0,47.16,F,Fail,Low
STU_000093,17,Male,Undergraduate,Public,Middle,Bachelor,Suburban,57.39,2.24,85.5,46.32,Medium,1.07,0.65,0,2.71,Medium,Quiet,Summarizing,Daily,1,,4.57,Poor,4.75,1.26,Occasionally,10,Medium,1,Shared,High,0.05,Easy,8,92,44,90.77,10.0,46.73,F,Fail,Low
STU_000094,15,Male,Undergraduate,Public,Low,High School,Rural,83.6,3.2,92.37,68.52,Low,3.9,2.02,0,1.25,High,Noisy,Self-Reading,Rarely,11,Average,8.78,Poor,5.63,0.9,Rarely,10,Medium,1,Dedicated,High,1.29,Easy,20,91,83,91.41,10.0,88.64,A,Pass,High
STU_000095,15,Female,High School,Public,Lower-Middle,High School,Urban,71.06,2.8,77.7,69.21,Medium,5.55,3.44,0,0.76,High,Moderate,Summarizing,Weekly,13,Average,7.31,Good,3.83,4.45,Frequently,10,Medium,1,Shared,Moderate,4.01,Medium,24,86,78,66.24,8.8,90.9,A,Pass,High
STU_000096,19,Female,Undergraduate,Private,Upper-Middle,Master,Suburban,85.12,3.39,75.22,60.5,High,2.22,1.85,0,0.59,Low,Moderate,Flashcards,Weekly,7,Average,7.56,Fair,6.72,0.32,Frequently,10,Medium,1,Dedicated,High,2.95,Medium,19,86,61,79.38,8.72,70.11,C,Pass,Medium
STU_000097,17,Male,Undergraduate,Charter,Middle,Associate,Suburban,57.47,2.3,74.77,69.42,Medium,0.57,0.35,0,3.03,Medium,Moderate,Summarizing,Daily,4,Excellent,6.66,Good,4.05,3.55,Rarely,8,Medium,1,Shared,Low,2.34,Easy,13,85,45,78.39,7.03,51.94,D,Pass,Low
STU_000098,19,Female,Undergraduate,Private,Lower-Middle,Bachelor,Rural,67.92,2.9,90.32,83.11,Medium,3.44,2.47,1,1.25,Low,Moderate,Group Study,Weekly,4,,5.76,Good,5.19,1.22,Rarely,9,Medium,0,Dedicated,Low,2.93,Easy,17,100,83,85.51,10.0,82.77,B,Pass,High
STU_000099,20,Male,Undergraduate,Public,Upper-Middle,High School,Rural,74.46,2.97,,63.4,Medium,1.73,1.19,0,1.66,Medium,Moderate,Practice Tests,Weekly,7,Average,6.02,Good,4.44,1.53,Occasionally,8,High,1,Dedicated,Moderate,0.32,Hard,6,99,53,81.41,7.07,53.84,D,Pass,Low
STU_000100,20,Male,High School,Public,Lower-Middle,Associate,Suburban,61.38,2.5,89.6,68.35,Low,1.66,1.43,0,4.11,High,Quiet,Practice Tests,Weekly,4,Average,6.12,Poor,3.5,0.29,Frequently,8,Low,1,Dedicated,High,0.82,Medium,19,92,40,74.61,8.36,45.58,F,Fail,Low
STU_000101,19,Male,High School,Charter,High,High School,Suburban,59.03,2.24,82.08,60.79,High,2.94,1.5,0,7.35,Medium,Moderate,Summarizing,Daily,6,Average,6.08,Fair,5.94,0.99,Frequently,10,Medium,1,Dedicated,High,0.97,Medium,15,95,62,74.61,6.95,65.95,C,Pass,Medium
STU_000102,20,Female,Undergraduate,Public,Middle,High School,Suburban,67.59,2.65,100.0,73.98,High,3.67,2.79,1,6.36,Low,Quiet,Practice Tests,Weekly,3,Excellent,4.86,Good,7.34,1.85,Rarely,10,Medium,1,Dedicated,Low,0.45,Medium,3,99,58,56.56,10.0,56.56,D,Pass,Low
STU_000103,17,Female,Undergraduate,Public,Middle,Bachelor,Rural,64.5,2.48,,92.13,High,4.74,4.02,0,4.67,Medium,Noisy,Summarizing,Weekly,10,Average,7.88,Fair,3.76,2.95,Occasionally,10,Medium,1,Dedicated,Low,0.45,Medium,14,87,87,49.25,10.0,100.0,A,Pass,High
STU_000104,14,Female,High School,Charter,Middle,High School,Suburban,54.8,2.46,84.53,65.17,Medium,3.26,2.44,0,0.73,Medium,Moderate,Practice Tests,Weekly,7,Excellent,4.84,Fair,6.09,4.0,Occasionally,10,Medium,1,Dedicated,Low,7.27,Easy,14,86,59,91.03,10.0,70.16,C,Pass,Medium
STU_000105,19,Female,High School,Public,Middle,Master,Suburban,82.35,3.35,97.37,72.76,Medium,4.13,3.71,1,1.16,High,Quiet,Self-Reading,Daily,6,Average,5.82,Fair,3.85,4.03,Frequently,10,Medium,1,Shared,Low,4.18,Hard,14,88,52,75.87,9.01,59.11,D,Pass,Low
STU_000106,18,Female,Undergraduate,Public,High,Master,Suburban,91.51,3.42,95.88,99.03,Medium,4.54,2.81,0,2.79,High,Quiet,Practice Tests,Weekly,7,Poor,7.27,Fair,2.57,2.04,Rarely,9,Medium,0,Dedicated,Moderate,12.04,Easy,19,95,93,68.34,6.36,97.48,A,Pass,High
STU_000107,18,Female,High School,Public,Middle,Associate,Rural,84.14,3.38,,70.07,Medium,6.08,3.4,1,0.77,High,Quiet,Summarizing,Weekly,5,Excellent,7.2,Fair,7.12,5.78,Occasionally,10,High,1,Shared,Moderate,0.18,Medium,6,100,77,94.36,10.0,79.05,B,Pass,Medium
STU_000108,15,Female,Undergraduate,Private,Lower-Middle,Bachelor,Rural,58.32,,,73.46,Medium,4.4,2.91,0,5.15,Medium,Quiet,Practice Tests,Weekly,4,Poor,6.53,Fair,4.23,5.89,Rarely,7,Medium,1,Dedicated,Low,0.83,Easy,30,93,59,98.94,7.55,62.74,D,Pass,Medium
STU_000109,20,Female,Undergraduate,Charter,Lower-Middle,High School,Suburban,71.95,3.08,90.56,83.81,High,2.67,2.08,0,2.62,High,Noisy,Group Study,Rarely,6,Average,7.53,Fair,3.57,0.09,Frequently,9,Low,1,Dedicated,Low,1.01,Easy,7,97,82,100.0,7.44,84.64,B,Pass,High
STU_000110,18,Female,High School,Charter,Lower-Middle,Bachelor,Rural,39.77,1.34,80.47,61.96,Medium,1.53,1.35,1,2.73,Medium,Noisy,Flashcards,Rarely,8,,8.58,Excellent,5.56,0.68,Frequently,10,High,1,Dedicated,Low,0.12,Medium,5,94,42,71.63,10.0,46.33,F,Fail,Low
STU_000111,15,Female,High School,Public,Upper-Middle,Associate,Suburban,54.07,2.4,81.9,59.07,Low,2.43,1.87,0,0.05,Medium,Moderate,Self-Reading,Weekly,4,Excellent,5.31,Poor,5.72,2.63,Frequently,10,High,0,Dedicated,Moderate,3.35,Hard,8,92,27,,10.0,28.93,F,Fail,Low
STU_000112,14,Male,High School,Public,Middle,High School,Rural,57.62,2.34,81.56,69.74,Medium,1.92,1.46,0,3.82,Medium,Quiet,Group Study,Weekly,3,Average,6.79,Fair,3.48,1.36,Rarely,10,Medium,1,Dedicated,Moderate,14.98,Easy,16,94,39,,10.0,41.15,F,Fail,Low
STU_000113,17,Male,Undergraduate,Public,Middle,Master,Urban,51.47,1.99,89.1,83.1,Medium,1.83,1.56,0,0.41,Medium,Moderate,Summarizing,Weekly,1,Excellent,5.82,Poor,5.76,1.1,Rarely,10,High,1,Dedicated,Low,0.37,Medium,10,94,29,82.08,9.42,30.13,F,Fail,Low
STU_000114,17,Female,High School,Public,Low,Bachelor,Suburban,82.62,3.35,93.27,68.58,Low,1.79,0.94,0,0.14,Medium,Noisy,Group Study,Weekly,8,Average,6.63,Fair,3.8,5.09,Occasionally,10,High,1,Dedicated,Moderate,3.75,Medium,19,96,56,73.61,10.0,56.77,D,Pass,Low
STU_000115,17,Male,Undergraduate,Public,Upper-Middle,High School,Urban,72.64,2.66,85.73,86.21,Medium,3.49,2.69,0,5.14,Medium,Noisy,Flashcards,Weekly,8,,7.17,Poor,5.57,0.37,Occasionally,10,High,1,Dedicated,Low,3.4,Hard,18,93,65,89.66,10.0,68.76,C,Pass,Medium
STU_000116,18,Female,High School,Public,Upper-Middle,Bachelor,Rural,73.72,2.83,91.16,54.49,Medium,1.84,1.61,0,2.86,Medium,Quiet,Self-Reading,Daily,9,Poor,7.68,Good,8.05,1.85,Frequently,10,Medium,1,Dedicated,Moderate,6.68,Hard,30,92,69,75.98,10.0,74.69,C,Pass,Medium
STU_000117,14,Male,High School,Public,Middle,Bachelor,Suburban,70.64,2.72,75.3,56.33,Low,1.45,1.07,1,0.81,Medium,Noisy,Group Study,Rarely,4,Average,6.18,Fair,5.8,0.42,Occasionally,10,Medium,1,Shared,High,3.48,Medium,20,93,47,90.25,10.0,52.13,D,Pass,Low
STU_000118,18,Female,High School,Public,Lower-Middle,High School,Urban,74.5,3.06,81.69,70.53,Low,0.86,0.56,0,2.12,Medium,Quiet,Flashcards,Rarely,2,Excellent,6.13,Fair,1.47,0.06,Frequently,10,High,1,Dedicated,Moderate,1.68,Hard,3,98,40,71.49,9.41,39.88,F,Fail,Low
STU_000119,20,Female,High School,Public,High,Master,Urban,71.96,2.98,89.38,73.91,Low,1.72,1.36,0,3.99,High,Quiet,Summarizing,Daily,9,Excellent,5.22,Poor,7.0,2.92,Rarely,9,Medium,1,Dedicated,Moderate,7.06,Medium,4,93,39,61.79,10.0,42.72,F,Fail,Low
STU_000120,18,Male,High School,Public,Middle,High School,Suburban,57.45,2.25,84.17,83.13,Medium,2.86,1.44,0,1.76,Low,Quiet,Practice Tests,Weekly,3,Average,5.72,,7.24,2.58,Frequently,10,High,1,Dedicated,Low,3.0,Medium,26,98,52,70.46,10.0,51.22,D,Pass,Low
STU_000121,14,Female,High School,Public,Low,High School,Urban,60.37,2.47,77.54,92.88,Low,7.05,4.5,0,4.25,Medium,Quiet,Flashcards,Daily,10,Average,6.0,Excellent,4.4,0.59,Rarely,10,Low,1,Dedicated,High,0.95,Easy,5,98,71,84.87,10.0,73.6,C,Pass,Medium
STU_000122,14,Male,High School,Public,Lower-Middle,Associate,Suburban,87.65,,78.64,95.64,Medium,9.49,8.14,1,1.42,High,Quiet,Group Study,Weekly,12,Average,6.74,Fair,5.67,1.72,Occasionally,7,Medium,1,Dedicated,Moderate,2.11,Medium,11,91,91,100.0,4.16,100.0,A,Pass,High
STU_000123,20,Male,Undergraduate,Private,Low,Bachelor,Urban,70.89,3.13,99.57,71.89,Medium,1.78,1.52,0,0.78,Medium,Moderate,Practice Tests,Weekly,5,Excellent,6.59,Good,6.45,2.27,Occasionally,9,High,1,Dedicated,Low,0.09,Medium,14,98,58,69.82,8.82,59.09,D,Pass,Low
STU_000124,14,Female,Undergraduate,Private,Lower-Middle,Associate,Urban,63.17,2.52,87.44,68.04,Medium,3.77,3.33,0,1.28,High,Noisy,Self-Reading,Weekly,6,Average,7.85,Fair,3.37,12.0,Occasionally,7,High,0,Dedicated,Moderate,4.87,Easy,14,87,64,81.65,7.49,74.84,C,Pass,Medium
STU_000125,14,Female,High School,Public,Middle,,Urban,69.34,2.85,86.21,79.01,Medium,2.58,1.92,0,2.83,High,Noisy,Summarizing,Rarely,4,,6.35,,6.36,0.61,Occasionally,10,Medium,0,Dedicated,High,5.33,Easy,22,89,63,79.57,10.0,71.91,C,Pass,Medium
STU_000126,17,Male,High School,Private,Low,Bachelor,Urban,54.1,2.28,75.26,60.51,High,3.71,3.28,0,2.1,Medium,Moderate,Flashcards,Rarely,4,Poor,8.36,Fair,5.31,2.98,Occasionally,8,Medium,1,None,Moderate,1.04,Hard,29,98,46,96.05,5.38,48.48,F,Fail,Low
STU_000127,20,Male,Undergraduate,Public,Low,Doctorate,Rural,66.15,2.7,100.0,91.31,High,4.71,2.85,1,3.39,High,Moderate,Summarizing,Rarely,10,Excellent,8.23,,1.0,3.06,Rarely,10,High,1,Dedicated,Moderate,1.22,Medium,12,98,89,75.86,10.0,89.3,A,Pass,High
STU_000128,16,Female,Undergraduate,Public,Lower-Middle,Associate,Rural,74.04,3.18,74.77,54.6,High,3.18,2.42,0,0.94,Medium,Moderate,Practice Tests,Daily,2,Average,8.07,Excellent,4.59,1.31,Occasionally,10,High,1,Dedicated,Low,4.66,Medium,12,93,50,62.57,7.77,57.31,D,Pass,Low
STU_000129,16,Female,High School,Private,Upper-Middle,High School,Suburban,76.97,2.98,82.97,69.07,Medium,3.46,1.87,1,0.6,Medium,Moderate,Practice Tests,Rarely,8,Average,5.04,Good,7.43,0.31,Frequently,8,Medium,1,Dedicated,High,1.51,Easy,11,93,77,,8.92,81.66,B,Pass,High
STU_000130,14,Female,Undergraduate,Public,Low,Associate,Suburban,74.71,,75.8,59.82,Medium,2.73,2.35,0,3.02,Medium,Moderate,Flashcards,Daily,7,,7.12,Good,4.33,2.52,Rarely,9,Medium,1,Dedicated,Moderate,1.6,Medium,18,90,59,72.4,8.6,65.46,C,Pass,Medium
STU_000131,16,Female,Undergraduate,Public,Low,High School,Rural,74.29,2.85,80.51,62.54,Low,0.92,0.48,1,2.27,Medium,Quiet,Self-Reading,Rarely,8,Excellent,8.08,Fair,3.57,0.26,Occasionally,9,Low,1,Dedicated,High,1.25,Easy,6,100,76,72.73,9.85,75.59,B,Pass,Medium
STU_000132,16,Other,Undergraduate,Public,High,Bachelor,Suburban,78.3,3.17,96.83,72.25,Low,1.43,0.83,0,0.58,Medium,Quiet,Practice Tests,Weekly,6,Average,6.17,Good,5.65,5.27,Occasionally,10,Low,1,Shared,Moderate,2.11,Medium,5,100,66,72.67,10.0,67.37,C,Pass,Medium
STU_000133,14,Female,Undergraduate,Public,Low,Bachelor,Suburban,72.61,2.73,87.94,63.13,Medium,1.42,0.75,1,0.14,Low,Quiet,Group Study,Weekly,5,Poor,5.65,,7.3,2.78,Frequently,10,Low,1,Dedicated,Low,0.68,Hard,30,98,43,,9.92,43.18,F,Fail,Low
STU_000134,16,Male,Undergraduate,Charter,High,High School,Rural,94.0,3.61,91.45,71.05,Low,0.65,0.34,1,3.55,Low,Moderate,Summarizing,Rarely,6,Excellent,7.6,Poor,4.44,1.56,Occasionally,9,High,1,Dedicated,Moderate,2.23,Easy,20,93,86,,7.23,91.62,A,Pass,High
STU_000135,18,Female,High School,Private,Lower-Middle,High School,Urban,89.05,3.58,82.99,72.84,Medium,4.89,2.67,1,0.74,Medium,Moderate,Self-Reading,Daily,9,Poor,6.89,,5.05,5.68,Frequently,10,Medium,1,Dedicated,Low,4.38,Hard,13,99,77,69.34,8.8,80.3,B,Pass,High
STU_000136,15,Male,High School,Public,Lower-Middle,High School,Rural,51.78,2.08,95.75,78.35,Medium,4.12,3.68,0,2.8,Medium,Quiet,Summarizing,Weekly,9,Excellent,6.75,Poor,7.6,2.87,Occasionally,10,High,1,Dedicated,Moderate,0.34,Easy,3,95,44,71.43,8.21,46.37,F,Fail,Low
STU_000137,20,Female,High School,Private,Low,Master,Rural,68.27,2.8,89.81,59.66,High,2.72,2.05,1,0.82,Low,Moderate,Group Study,Weekly,6,Poor,6.94,Poor,5.51,1.35,Occasionally,10,Medium,1,Shared,Low,0.01,Easy,23,98,67,97.49,9.96,66.99,C,Pass,Medium
STU_000138,15,Male,High School,Public,Low,Bachelor,Suburban,61.28,2.35,82.54,55.65,Medium,2.37,1.71,0,1.4,Low,Quiet,Self-Reading,Daily,2,Average,6.52,Good,3.6,0.43,Frequently,10,Low,1,Shared,Low,2.64,Hard,30,87,30,81.96,10.0,34.48,F,Fail,Low
STU_000139,14,Female,High School,Public,Upper-Middle,Bachelor,Suburban,64.39,2.76,,85.13,Medium,9.86,5.9,0,0.52,High,Quiet,Flashcards,Weekly,16,Average,5.44,Poor,5.61,3.42,Rarely,10,High,1,Shared,Low,3.16,Hard,6,94,86,87.15,10.0,92.59,A,Pass,High
STU_000140,17,Female,Undergraduate,Private,Lower-Middle,Associate,Suburban,65.21,2.89,,55.36,Medium,4.3,3.84,1,3.11,Medium,Quiet,Practice Tests,Daily,6,Poor,8.38,Fair,3.45,0.6,Frequently,9,Medium,1,Dedicated,Moderate,3.61,Easy,1,95,49,93.83,10.0,52.34,D,Pass,Low
STU_000141,20,Male,High School,Private,Low,Bachelor,Urban,70.38,2.83,68.95,83.87,Low,4.05,2.45,1,4.53,Medium,Quiet,Summarizing,Daily,10,Average,7.84,Fair,2.88,1.97,Occasionally,10,Low,1,Dedicated,Moderate,7.49,Hard,25,94,57,72.05,10.0,57.8,D,Pass,Low
STU_000142,14,Male,Undergraduate,Public,Lower-Middle,,Urban,73.75,2.88,88.41,76.87,Low,3.52,1.79,0,1.82,High,Moderate,Practice Tests,Rarely,6,Poor,6.5,Poor,4.71,11.54,Occasionally,8,High,1,Dedicated,Moderate,1.22,Easy,26,93,59,65.26,9.54,65.96,C,Pass,Medium
STU_000143,17,Female,High School,Public,Lower-Middle,High School,Suburban,52.24,2.1,68.67,53.91,High,3.12,2.8,0,0.13,Medium,Moderate,Summarizing,Weekly,5,Average,7.11,Fair,6.31,0.18,Occasionally,7,Medium,1,Dedicated,High,1.81,Medium,8,86,59,,6.93,68.44,C,Pass,Medium
STU_000144,15,Female,High School,Charter,Middle,Associate,Rural,70.16,2.72,86.7,71.44,Medium,1.9,1.23,0,2.39,Medium,Quiet,Summarizing,Daily,9,Average,5.29,Good,5.63,0.11,Frequently,10,High,1,Shared,Low,0.61,Hard,25,100,64,64.8,9.46,62.79,D,Pass,Medium
STU_000145,14,Female,Undergraduate,Public,Lower-Middle,Master,Suburban,100.0,3.94,85.23,70.32,High,1.46,0.96,0,0.68,Low,Moderate,Practice Tests,Rarely,7,Average,8.47,Poor,3.74,4.81,Frequently,10,Medium,1,Shared,Moderate,0.63,Medium,17,92,69,74.48,10.0,73.98,C,Pass,Medium
STU_000146,20,Female,High School,Private,Low,Master,Urban,80.55,3.27,79.32,65.67,High,0.97,0.64,0,6.3,Low,Moderate,Flashcards,Weekly,1,Poor,7.28,Good,5.52,1.17,Frequently,10,Medium,1,Dedicated,Moderate,2.5,Medium,6,100,59,72.23,9.61,60.02,D,Pass,Medium
STU_000147,20,Male,Undergraduate,Private,Middle,Bachelor,Urban,66.9,2.78,88.51,52.97,High,3.47,2.86,0,1.01,Low,Noisy,Flashcards,Daily,5,Average,6.34,Poor,5.05,0.86,Frequently,10,Medium,1,Dedicated,Low,3.14,Medium,19,96,65,100.0,10.0,65.99,C,Pass,Medium
STU_000148,19,Female,Undergraduate,Private,Low,Doctorate,Rural,69.94,2.77,72.59,55.33,Low,2.95,1.71,0,0.35,Medium,Moderate,Practice Tests,Daily,2,Average,5.9,Good,5.68,0.06,Rarely,10,Medium,1,Dedicated,Low,1.71,Easy,23,91,55,81.8,10.0,58.73,D,Pass,Low
STU_000149,18,Male,High School,Public,Low,High School,Suburban,68.18,2.77,95.84,89.65,High,6.28,5.39,0,0.39,Medium,Quiet,Flashcards,Daily,8,Average,7.42,Good,4.93,0.21,Occasionally,10,High,1,Dedicated,Low,0.17,Easy,1,90,59,76.65,9.33,65.2,C,Pass,Medium
STU_000150,16,Male,Undergraduate,Public,Lower-Middle,Doctorate,Suburban,49.18,2.21,79.88,84.84,Medium,7.96,6.37,1,3.79,Medium,Quiet,Self-Reading,Weekly,10,Excellent,8.95,Poor,4.96,1.72,Occasionally,10,Medium,1,None,Moderate,0.15,Hard,12,98,52,100.0,9.35,56.15,D,Pass,Low
STU_000151,17,Male,Undergraduate,Public,Middle,High School,Urban,67.77,2.91,80.29,55.71,Medium,4.32,2.36,0,0.7,Medium,Moderate,Group Study,Weekly,6,Average,7.76,Good,5.65,4.25,Frequently,8,Medium,1,Dedicated,Low,4.93,Medium,27,96,67,64.03,5.07,68.65,C,Pass,Medium
STU_000152,19,Female,High School,Public,Middle,,Urban,79.32,,92.24,68.11,Medium,0.5,0.29,1,0.01,Low,Moderate,Group Study,Weekly,5,Poor,7.03,Good,3.55,2.65,Occasionally,9,Medium,1,Dedicated,High,6.29,Hard,11,94,65,100.0,10.0,66.56,C,Pass,Medium
STU_000153,16,Female,Undergraduate,Public,Lower-Middle,Associate,Urban,73.19,2.99,90.29,68.33,Medium,1.12,0.8,0,0.01,Medium,Moderate,Self-Reading,Weekly,5,Average,6.97,Poor,5.72,0.72,Occasionally,10,Medium,1,Dedicated,Moderate,0.47,Medium,8,92,59,,10.0,63.48,D,Pass,Medium
STU_000154,16,Male,High School,Private,Low,Bachelor,Urban,72.55,3.11,76.02,66.27,High,2.88,1.57,0,0.42,Low,Moderate,Summarizing,Weekly,3,,5.4,Excellent,6.33,7.44,Occasionally,8,High,1,Dedicated,Low,0.4,Medium,8,100,57,80.69,8.55,56.57,D,Pass,Low
STU_000155,14,Male,High School,Private,Low,High School,Suburban,70.99,2.81,68.2,75.54,Medium,4.23,3.65,1,0.73,Medium,Quiet,Summarizing,Daily,6,Average,4.64,Good,5.03,3.24,Occasionally,10,Medium,0,Dedicated,Moderate,0.76,Medium,12,86,45,53.72,10.0,54.91,D,Pass,Low
STU_000156,16,Female,High School,Private,Middle,Associate,Rural,69.45,2.62,89.22,80.45,Medium,3.45,1.83,1,0.35,Medium,Quiet,Practice Tests,Weekly,7,Average,7.4,Fair,2.32,0.62,Occasionally,10,Medium,0,Dedicated,Moderate,1.01,Medium,26,88,65,78.93,9.06,73.68,C,Pass,Medium
STU_000157,18,Male,Undergraduate,Public,Low,Doctorate,Suburban,54.6,2.27,83.11,71.9,Medium,3.13,1.64,1,0.52,Low,Quiet,Practice Tests,Daily,12,Average,6.11,Fair,5.8,0.46,Occasionally,9,Low,1,Dedicated,Moderate,0.24,Medium,30,86,54,,8.48,61.9,D,Pass,Medium
STU_000158,20,Male,High School,Public,Lower-Middle,Associate,Rural,76.38,3.03,72.11,68.71,Medium,6.33,3.41,0,2.0,Medium,Moderate,Flashcards,Daily,7,Excellent,8.41,Good,6.3,0.53,Occasionally,8,Medium,1,Dedicated,Moderate,0.18,Medium,2,86,52,74.69,10.0,60.29,D,Pass,Medium
STU_000159,19,Female,High School,Public,Lower-Middle,,Suburban,100.0,,78.5,67.99,High,0.81,0.45,0,2.67,Medium,Noisy,Practice Tests,Daily,4,Average,5.97,Poor,3.56,12.0,Occasionally,10,Medium,1,Dedicated,Moderate,9.94,Hard,7,87,48,,10.0,57.63,D,Pass,Low
STU_000160,16,Male,Undergraduate,Public,Middle,Bachelor,Rural,67.59,2.59,81.94,66.64,Medium,1.85,1.52,0,4.82,Medium,Moderate,Summarizing,Weekly,6,Poor,6.13,Fair,4.56,1.99,Occasionally,8,High,1,Dedicated,High,1.29,Medium,15,92,50,94.65,6.95,54.47,D,Pass,Low
STU_000161,14,Male,High School,Public,Low,Associate,Urban,67.82,2.96,,55.21,Medium,3.31,2.07,0,1.14,Medium,Quiet,Practice Tests,Weekly,3,Average,5.59,Fair,5.47,1.02,Rarely,10,Low,1,Dedicated,Moderate,1.74,Medium,1,98,24,,10.0,25.65,F,Fail,Low
STU_000162,18,Female,Undergraduate,Charter,Upper-Middle,Bachelor,Rural,69.09,2.98,,77.14,Medium,3.85,3.18,0,4.83,Medium,Quiet,Group Study,Weekly,11,Poor,7.77,Fair,9.83,0.38,Occasionally,10,High,1,Dedicated,High,1.11,Easy,1,87,35,81.84,9.2,42.59,F,Fail,Low
STU_000163,15,Female,Undergraduate,Private,Lower-Middle,Associate,Urban,61.19,,80.57,50.01,High,1.35,0.87,0,2.22,High,Quiet,Practice Tests,Daily,6,Poor,7.03,Good,6.82,0.67,Occasionally,7,Medium,1,Shared,Low,0.3,Easy,25,96,68,65.63,8.14,69.95,C,Pass,Medium
STU_000164,20,Male,Undergraduate,Private,Middle,High School,Suburban,75.88,2.86,82.67,84.89,Medium,4.27,2.78,0,0.73,Medium,Quiet,Summarizing,Rarely,4,Poor,7.93,Good,6.28,0.24,Occasionally,8,Medium,0,Dedicated,Low,7.27,Easy,19,91,87,70.17,9.45,95.84,A,Pass,High
STU_000165,20,Female,Undergraduate,Private,Upper-Middle,Associate,Suburban,74.29,3.02,90.42,70.44,Medium,1.54,0.9,1,0.22,Medium,Moderate,Group Study,Daily,3,Average,6.78,Good,4.72,0.61,Occasionally,10,High,1,Shared,Low,0.27,Easy,4,93,58,62.71,9.54,61.33,D,Pass,Medium
STU_000166,19,Female,Undergraduate,Charter,Lower-Middle,Associate,Rural,87.27,3.58,93.06,80.55,High,2.24,1.75,0,0.57,Medium,Moderate,Self-Reading,Daily,3,Average,7.61,Good,8.15,2.47,Occasionally,10,Medium,1,Shared,Low,8.63,Hard,6,96,60,97.02,10.0,62.32,D,Pass,Medium
STU_000167,20,Male,High School,Public,Low,Associate,Urban,80.51,3.29,69.47,52.03,Low,3.44,2.35,0,0.83,Medium,Noisy,Practice Tests,Rarely,5,Average,6.61,Fair,6.6,0.68,Occasionally,10,High,0,Dedicated,Low,1.02,Medium,8,91,66,100.0,9.1,73.45,C,Pass,Medium
STU_000168,16,Female,Undergraduate,Public,High,High School,Urban,98.62,4.0,,49.08,Low,3.86,2.71,0,1.78,High,Moderate,Group Study,Daily,4,Excellent,5.85,Fair,4.26,9.27,Frequently,10,Low,0,Dedicated,Low,1.92,Medium,14,86,59,56.79,8.6,69.51,C,Pass,Medium
STU_000169,14,Male,High School,Public,Middle,High School,Urban,61.64,2.46,79.58,38.28,Low,1.98,1.08,1,0.6,Low,Moderate,Practice Tests,Weekly,4,Average,6.13,Poor,9.44,1.49,Occasionally,7,Medium,0,Shared,Moderate,3.99,Easy,19,97,57,68.08,7.19,56.37,D,Pass,Low
STU_000170,20,Female,Undergraduate,Charter,Upper-Middle,Bachelor,Rural,59.9,2.36,87.2,62.73,Medium,2.11,1.81,0,0.43,Medium,Quiet,Flashcards,Weekly,6,Average,6.1,Poor,5.23,4.1,Occasionally,10,Medium,1,Dedicated,Low,1.59,Easy,18,88,48,69.6,10.0,53.73,D,Pass,Low
STU_000171,20,Male,High School,Private,Lower-Middle,Associate,Rural,69.71,2.83,74.29,58.5,Medium,3.28,2.08,0,1.31,Low,Quiet,Practice Tests,Weekly,6,Average,7.33,Fair,4.27,5.37,Occasionally,10,Medium,1,Dedicated,Moderate,5.59,Medium,18,89,62,,8.63,71.77,C,Pass,Medium
STU_000172,15,Female,High School,Private,Lower-Middle,Associate,Urban,68.74,2.9,78.95,65.85,Medium,3.74,2.99,0,1.64,Medium,Moderate,Summarizing,Weekly,4,Average,6.23,Excellent,6.73,5.75,Frequently,10,Medium,1,Dedicated,Moderate,0.71,Easy,25,87,54,66.35,10.0,61.15,D,Pass,Medium
STU_000173,15,Female,Undergraduate,Public,High,Associate,Urban,71.76,2.85,,93.74,Medium,4.52,3.62,1,2.67,Medium,Moderate,Group Study,Weekly,9,Poor,5.54,,4.44,1.43,Occasionally,10,Low,0,Dedicated,High,2.7,Medium,6,100,57,62.28,9.95,56.46,D,Pass,Low
STU_000174,17,Male,High School,Public,High,Associate,Rural,68.59,2.76,75.17,63.65,Low,7.39,5.69,0,6.3,High,Moderate,Summarizing,Daily,5,Poor,6.5,Fair,3.03,1.04,Occasionally,10,Low,1,Dedicated,Low,0.03,Medium,27,98,67,78.39,9.88,65.39,C,Pass,Medium
STU_000175,18,Male,High School,Private,Middle,Master,Suburban,58.37,2.35,88.18,73.35,Low,2.32,1.22,0,0.91,High,Moderate,Flashcards,Rarely,4,Average,6.65,Excellent,6.78,0.71,Occasionally,10,High,0,Dedicated,Low,3.58,Easy,29,87,45,78.32,8.13,52.63,D,Pass,Low
STU_000176,16,Female,High School,Public,Upper-Middle,Bachelor,Urban,49.25,1.7,91.51,61.12,Medium,1.55,1.05,1,2.72,Low,Quiet,Practice Tests,Weekly,2,Average,7.0,Fair,7.19,1.9,Frequently,10,Low,0,Dedicated,Moderate,8.29,Easy,16,87,41,91.41,9.98,46.56,F,Fail,Low
STU_000177,20,Female,Undergraduate,Public,Low,High School,Rural,74.32,2.99,85.64,65.91,Medium,2.35,1.59,0,0.94,Medium,Moderate,Group Study,Daily,6,Average,6.4,Excellent,6.78,0.01,Occasionally,10,Medium,1,Dedicated,Moderate,1.74,Medium,8,98,54,81.58,10.0,52.69,D,Pass,Low
STU_000178,20,Female,High School,Private,Lower-Middle,Bachelor,Urban,57.45,2.48,88.26,100.0,Low,9.51,6.41,0,1.94,Medium,Moderate,Group Study,Weekly,15,Poor,6.9,Fair,5.99,5.62,Rarely,10,Medium,1,Dedicated,Low,6.49,Easy,27,90,90,68.28,10.0,100.0,A,Pass,High
STU_000179,14,Male,High School,Public,Low,Bachelor,Rural,52.78,1.89,88.97,81.76,High,3.36,2.6,0,0.27,Low,Quiet,Group Study,Weekly,7,Average,4.33,Excellent,3.72,0.09,Occasionally,10,Medium,1,Shared,Low,1.16,Medium,10,89,41,71.04,10.0,45.9,F,Fail,Low
STU_000180,17,Male,Undergraduate,Public,Low,Associate,Suburban,93.08,3.92,85.95,60.14,High,2.24,1.84,0,1.6,High,Quiet,Flashcards,Daily,2,Average,8.57,Good,3.83,0.49,Occasionally,10,High,0,Dedicated,Low,2.45,Medium,7,95,72,96.33,9.76,73.54,C,Pass,Medium
STU_000181,18,Male,High School,Private,Upper-Middle,Bachelor,Urban,61.72,2.63,84.86,52.71,Low,0.98,0.68,1,2.34,High,Quiet,Summarizing,Weekly,6,Average,4.35,Poor,4.87,0.48,Rarely,10,Medium,1,Dedicated,Moderate,0.47,Easy,14,97,40,36.92,9.81,43.84,F,Fail,Low
STU_000182,17,Female,Undergraduate,Public,Middle,,Rural,58.85,2.13,94.03,83.29,Medium,2.83,2.41,0,1.03,Medium,Quiet,Practice Tests,Weekly,5,Average,7.74,Excellent,2.83,2.87,Frequently,10,Medium,1,Shared,Moderate,0.34,Medium,8,85,50,88.49,10.0,61.49,D,Pass,Medium
STU_000183,19,Female,Undergraduate,Public,Middle,High School,Urban,54.45,2.24,76.28,60.48,Medium,1.28,0.96,0,2.28,Medium,Moderate,Self-Reading,Daily,6,Poor,6.84,Good,5.2,0.0,Occasionally,7,Low,1,Shared,Low,0.87,Easy,22,100,49,64.64,4.81,46.74,F,Fail,Low
STU_000184,18,Male,High School,Public,Low,High School,Rural,81.06,3.29,80.02,52.19,Low,2.25,1.88,0,0.65,High,Moderate,Practice Tests,Daily,7,Average,8.22,Excellent,8.71,0.4,Occasionally,7,Medium,1,Dedicated,High,5.11,Medium,5,87,71,89.27,9.54,82.99,B,Pass,High
STU_000185,20,Male,High School,Public,Middle,High School,Suburban,67.69,2.98,87.06,66.98,Medium,1.52,1.29,0,2.5,Low,Noisy,Group Study,Weekly,1,Poor,6.17,Excellent,5.45,5.71,Occasionally,10,High,1,Dedicated,Low,9.88,Hard,1,93,13,69.67,8.96,12.56,F,Fail,Low
STU_000186,20,Female,High School,Private,Low,Master,Urban,54.92,2.19,,61.16,Medium,2.57,1.81,1,0.21,High,Quiet,Group Study,Daily,7,Average,7.63,Excellent,4.33,1.19,Rarely,8,Medium,1,Dedicated,Moderate,0.55,Medium,3,85,41,,9.86,47.44,F,Fail,Low
STU_000187,18,Female,High School,Public,Middle,Associate,Suburban,61.43,2.27,73.38,54.33,Medium,1.84,1.24,0,0.53,Low,Quiet,Practice Tests,Daily,7,Poor,5.4,Good,5.17,0.35,Rarely,10,Low,1,Dedicated,Low,1.39,Medium,29,100,47,54.35,9.94,47.64,F,Fail,Low
STU_000188,20,Female,High School,Private,Upper-Middle,Master,Urban,87.32,3.51,78.89,81.04,Medium,8.06,6.67,0,1.72,Medium,Moderate,Practice Tests,Weekly,10,Poor,6.93,Poor,6.25,3.87,Occasionally,8,High,1,Dedicated,Moderate,4.12,Medium,19,97,83,82.25,10.0,85.82,A,Pass,High
STU_000189,16,Male,Undergraduate,Private,Lower-Middle,Master,Suburban,73.37,2.85,100.0,76.55,Medium,4.21,2.22,0,0.44,High,Quiet,Self-Reading,Weekly,11,Excellent,4.49,Good,6.24,3.77,Occasionally,10,Medium,1,Dedicated,High,5.92,Medium,30,87,67,,10.0,77.44,B,Pass,Medium
STU_000190,18,Female,High School,Public,Middle,Associate,Urban,70.11,2.8,74.08,62.61,High,1.54,1.2,1,1.12,Medium,Moderate,Summarizing,Daily,3,Average,5.25,Good,2.9,1.6,Occasionally,9,Medium,1,Dedicated,Moderate,3.0,Easy,10,92,57,72.57,10.0,58.99,D,Pass,Low
STU_000191,17,Male,Undergraduate,Charter,Upper-Middle,High School,Suburban,76.84,2.88,67.81,55.18,High,2.06,1.59,0,1.12,Low,Quiet,Practice Tests,Weekly,6,Excellent,7.37,Good,1.26,4.59,Occasionally,9,Medium,1,Dedicated,Moderate,6.22,Medium,11,85,61,100.0,9.37,69.22,C,Pass,Medium
STU_000192,18,Male,High School,Public,High,Bachelor,Suburban,63.95,2.87,93.42,70.75,Medium,1.71,1.45,0,0.57,Medium,Quiet,Summarizing,Daily,11,Average,7.39,Poor,8.52,8.95,Rarely,7,High,1,Dedicated,Low,3.17,Medium,9,100,66,76.89,7.72,67.83,C,Pass,Medium
STU_000193,20,Male,Undergraduate,Public,Lower-Middle,Associate,Urban,74.38,2.9,86.91,74.56,Medium,4.36,2.9,1,1.99,Medium,Noisy,Practice Tests,Weekly,10,Poor,8.46,Fair,5.27,4.46,Rarely,6,High,1,Dedicated,Moderate,6.94,Easy,15,92,86,93.6,6.27,92.13,A,Pass,High
STU_000194,16,Female,High School,Public,Lower-Middle,Bachelor,Suburban,77.72,3.17,89.6,78.59,Medium,4.01,3.33,1,4.36,Medium,Quiet,Flashcards,Rarely,3,Excellent,5.26,Excellent,3.97,10.68,Occasionally,9,Medium,1,Dedicated,Low,1.98,Easy,17,91,63,67.48,6.24,66.89,C,Pass,Medium
STU_000195,16,Male,Undergraduate,Private,Lower-Middle,High School,Suburban,46.21,1.78,81.87,81.63,High,3.42,2.61,1,1.35,Medium,Moderate,Self-Reading,Weekly,4,Average,5.53,Excellent,4.81,1.66,Rarely,10,Low,1,Shared,Low,1.77,Hard,2,93,10,59.57,10.0,9.6,F,Fail,Low
STU_000196,19,Female,High School,Private,Low,High School,Urban,55.81,2.3,84.71,55.86,Low,1.29,1.02,0,1.12,High,Moderate,Group Study,Weekly,5,Excellent,6.16,Poor,5.8,2.6,Occasionally,8,Low,1,Dedicated,High,0.95,Medium,24,93,54,81.67,8.11,57.4,D,Pass,Low
STU_000197,17,Female,High School,Public,Middle,Master,Suburban,54.08,2.16,79.74,49.84,Low,2.7,2.23,1,0.05,Medium,Moderate,Summarizing,Weekly,8,Average,5.78,,4.28,9.59,Rarely,10,Low,1,Dedicated,Low,1.12,Hard,16,89,33,67.12,10.0,36.27,F,Fail,Low
STU_000198,15,Male,High School,Public,Lower-Middle,Bachelor,Suburban,76.98,2.88,83.49,54.63,Medium,2.5,1.97,0,3.68,Medium,Noisy,Flashcards,Rarely,5,Poor,5.72,Excellent,6.38,0.22,Occasionally,10,High,1,Dedicated,Low,3.14,Medium,3,92,62,79.85,10.0,68.34,C,Pass,Medium
STU_000199,15,Female,Undergraduate,Private,High,High School,Rural,91.96,3.8,91.87,86.01,Low,3.07,2.65,0,0.65,Medium,Quiet,Self-Reading,Weekly,5,Average,8.42,Fair,4.15,0.88,Frequently,8,High,1,Dedicated,Moderate,1.4,Hard,6,90,68,87.98,5.22,72.18,C,Pass,Medium
STU_000200,18,Female,High School,Private,Upper-Middle,High School,Rural,82.25,3.37,,69.92,Medium,2.44,1.53,0,0.42,Medium,Quiet,Group Study,Rarely,5,Average,8.98,Fair,5.67,2.37,Frequently,9,High,1,Shared,Moderate,0.7,Easy,25,100,82,89.44,8.0,77.71,B,Pass,Medium
STU_000201,19,Male,High School,Private,Middle,,Urban,74.6,2.84,87.96,65.75,Medium,2.93,2.41,0,1.66,High,Moderate,Self-Reading,Weekly,2,Poor,8.44,Good,8.43,4.34,Occasionally,10,High,1,Dedicated,Moderate,1.09,Medium,16,86,38,87.16,9.2,45.97,F,Fail,Low
STU_000202,14,Male,High School,Private,Middle,Bachelor,Suburban,70.03,2.61,77.28,68.48,Medium,0.96,0.82,0,3.92,Medium,Noisy,Summarizing,Daily,2,Average,7.81,Excellent,5.43,0.1,Rarely,8,Medium,1,Dedicated,Low,10.76,Medium,25,97,48,76.91,3.39,51.3,D,Pass,Low
STU_000203,18,Male,High School,Private,Upper-Middle,Master,Suburban,83.53,3.4,88.6,69.98,Medium,0.81,0.69,0,6.29,Medium,Quiet,Practice Tests,Daily,8,Excellent,6.97,Good,6.64,0.66,Occasionally,10,Low,1,Shared,Low,0.77,Easy,19,98,66,89.99,9.45,66.65,C,Pass,Medium
STU_000204,19,Male,High School,Charter,Lower-Middle,,Urban,56.03,2.46,79.91,59.86,Medium,3.75,3.24,0,0.97,Medium,Moderate,Group Study,Weekly,10,Average,9.79,Fair,6.56,0.6,Occasionally,10,High,1,Dedicated,High,2.22,Medium,30,97,47,66.96,10.0,49.95,F,Fail,Low
STU_000205,17,Male,High School,Private,Upper-Middle,Associate,Suburban,67.76,2.56,72.27,67.79,Low,2.99,1.53,1,0.37,Medium,Moderate,Self-Reading,Weekly,6,Average,6.46,Good,2.61,1.98,Occasionally,10,Medium,1,Dedicated,Moderate,1.49,Easy,21,92,56,48.76,10.0,60.98,D,Pass,Medium
STU_000206,17,Female,Undergraduate,Public,Low,Bachelor,Suburban,65.31,2.68,78.4,74.63,Medium,1.78,1.13,0,1.47,Medium,Quiet,Group Study,Weekly,4,Average,9.4,Fair,4.03,3.92,Occasionally,10,Medium,1,Dedicated,Low,7.19,Easy,23,88,72,100.0,10.0,82.72,B,Pass,High
STU_000207,17,Male,Undergraduate,Public,Low,High School,Suburban,76.39,3.08,85.16,71.57,Low,4.0,3.52,0,0.13,Low,Quiet,Group Study,Rarely,7,Excellent,8.47,Poor,4.22,0.16,Frequently,10,Medium,1,Dedicated,Low,0.13,Medium,20,93,80,70.64,10.0,85.14,A,Pass,High
STU_000208,17,Female,Undergraduate,Public,Middle,Bachelor,Urban,60.87,,78.16,86.37,Low,6.99,4.11,0,3.68,Medium,Moderate,Practice Tests,Daily,8,Poor,6.01,,5.23,2.05,Occasionally,10,Medium,1,Dedicated,High,0.54,Medium,8,89,55,98.9,8.93,61.77,D,Pass,Medium
STU_000209,17,Female,Undergraduate,Public,Middle,High School,Suburban,72.81,,,71.46,Medium,4.97,3.94,0,0.01,High,Noisy,Practice Tests,Rarely,7,Average,5.86,Fair,6.73,1.3,Frequently,9,High,1,Dedicated,Low,3.79,Hard,30,90,51,56.82,7.63,57.57,D,Pass,Low
STU_000210,19,Female,Undergraduate,Public,Middle,Bachelor,Urban,71.06,2.97,,71.82,Medium,3.47,2.33,0,0.2,Low,Quiet,Flashcards,Daily,7,Average,7.87,Good,4.02,1.11,Occasionally,7,High,1,Dedicated,Low,7.63,Medium,6,96,86,77.41,6.31,93.0,A,Pass,High
STU_000211,19,Female,Undergraduate,Private,Middle,Associate,Urban,61.26,,71.4,66.17,Medium,2.07,1.7,0,4.75,Medium,Quiet,Flashcards,Daily,3,Excellent,6.01,Fair,3.95,0.22,Frequently,10,High,1,Shared,Moderate,0.62,Easy,9,86,31,62.9,8.71,38.44,F,Fail,Low
STU_000212,16,Female,Undergraduate,Private,Lower-Middle,Bachelor,Urban,60.92,2.77,,67.87,Medium,2.53,1.65,0,3.02,High,Quiet,Self-Reading,Daily,8,Average,8.25,Good,4.93,0.43,Frequently,10,Medium,1,Dedicated,Moderate,5.58,Easy,13,87,49,87.31,9.02,57.37,D,Pass,Low
STU_000213,15,Female,Undergraduate,Public,Lower-Middle,Associate,Suburban,84.65,3.57,86.61,68.43,Medium,1.73,1.41,1,2.4,High,Moderate,Group Study,Weekly,4,Average,6.86,,3.26,3.47,Occasionally,8,Low,1,Dedicated,High,1.48,Medium,20,96,71,75.55,10.0,74.18,C,Pass,Medium
STU_000214,20,Male,High School,Public,Middle,High School,Suburban,69.62,2.85,84.1,52.37,Medium,2.47,1.58,0,2.35,Medium,Moderate,Self-Reading,Daily,7,Excellent,8.13,Excellent,2.77,0.49,Occasionally,7,Medium,1,Dedicated,Low,0.9,Medium,13,96,60,86.49,9.92,63.29,D,Pass,Medium
STU_000215,17,Male,High School,Public,High,Associate,Urban,78.98,3.26,87.93,99.0,Low,8.35,6.88,0,0.63,Medium,Quiet,Summarizing,Daily,5,Average,4.92,Good,6.14,0.74,Rarely,10,High,1,Dedicated,Moderate,1.77,Medium,16,99,67,63.85,8.87,67.24,C,Pass,Medium
STU_000216,14,Female,High School,Public,Lower-Middle,Associate,Suburban,66.5,2.8,76.17,75.52,Medium,2.6,1.48,0,0.3,High,Noisy,Group Study,Weekly,4,Poor,8.02,Fair,5.22,0.08,Occasionally,10,Low,0,Dedicated,Low,0.9,Easy,27,92,64,73.87,10.0,69.11,C,Pass,Medium
STU_000217,20,Female,Undergraduate,Public,Middle,Associate,Suburban,74.31,2.97,90.05,60.76,High,2.62,2.13,1,1.58,Medium,Quiet,Practice Tests,Daily,12,Average,5.96,Good,6.73,2.32,Occasionally,10,High,1,Dedicated,Low,1.4,Easy,26,85,74,,8.72,89.62,A,Pass,High
STU_000218,19,Female,High School,Private,Upper-Middle,High School,Urban,83.39,3.41,77.18,68.45,Low,1.9,1.28,0,8.01,High,Quiet,Flashcards,Rarely,2,Average,7.98,Good,5.8,1.25,Frequently,9,High,1,Dedicated,Moderate,0.25,Hard,4,87,47,84.92,8.59,55.7,D,Pass,Low
STU_000219,14,Female,High School,Private,Middle,High School,Suburban,49.72,1.58,93.6,68.21,High,1.38,0.76,1,0.41,Medium,Moderate,Flashcards,Daily,2,Poor,9.55,Good,5.86,11.01,Frequently,6,Low,1,Dedicated,High,2.48,Medium,6,93,44,85.68,6.56,44.55,F,Fail,Low
STU_000220,14,Male,High School,Public,Upper-Middle,Doctorate,Urban,78.82,3.29,,59.46,Medium,1.93,1.28,0,7.45,Medium,Quiet,Flashcards,Weekly,9,Average,6.74,,2.04,1.11,Rarely,10,High,1,Dedicated,Moderate,1.62,Hard,14,88,53,90.9,9.71,60.5,D,Pass,Medium
STU_000221,14,Female,Undergraduate,Private,Lower-Middle,High School,Rural,77.09,,79.69,61.26,High,1.73,1.37,0,3.32,High,Quiet,Summarizing,Weekly,2,Average,8.26,Fair,7.86,0.05,Rarely,10,High,1,Shared,High,0.33,Medium,5,88,41,68.26,10.0,45.86,F,Fail,Low
STU_000222,16,Female,Undergraduate,Charter,Middle,Associate,Urban,71.25,3.04,96.25,83.94,Medium,1.9,1.66,0,0.81,Medium,Quiet,Self-Reading,Daily,4,Average,4.93,Fair,3.85,0.47,Occasionally,10,Medium,1,Dedicated,Low,3.75,Easy,18,87,58,61.29,10.0,65.12,C,Pass,Medium
STU_000223,19,Female,High School,Private,Upper-Middle,High School,Urban,90.22,3.63,79.94,76.72,Low,6.27,4.35,1,1.37,High,Quiet,Group Study,Rarely,11,Average,7.73,Fair,5.53,3.16,Rarely,8,Medium,1,Dedicated,Low,1.77,Easy,9,96,90,99.44,8.43,94.49,A,Pass,High
STU_000224,14,Male,Undergraduate,Public,Upper-Middle,Master,Urban,85.48,3.53,81.17,79.26,Low,5.0,2.89,1,1.97,High,Quiet,Flashcards,Daily,12,Average,7.41,Good,7.66,2.71,Rarely,10,Low,1,Dedicated,Low,0.18,Hard,22,86,68,94.33,9.7,81.44,B,Pass,High
STU_000225,17,Male,High School,Private,Middle,Bachelor,Urban,64.21,,91.93,70.14,Low,2.25,1.8,0,0.59,Medium,Quiet,Summarizing,Weekly,5,Excellent,5.92,Good,4.37,8.25,Rarely,10,Medium,1,Dedicated,Moderate,5.55,Medium,22,96,48,81.97,10.0,49.92,F,Fail,Low
STU_000226,18,Male,High School,Private,Low,Bachelor,Rural,63.91,2.78,97.3,88.99,Low,11.95,10.0,0,1.87,Medium,Moderate,Self-Reading,Weekly,8,,5.05,Fair,2.2,2.64,Rarely,10,Medium,1,Shared,High,4.32,Medium,15,95,86,68.77,10.0,88.91,A,Pass,High
STU_000227,14,Male,Undergraduate,Public,Middle,Doctorate,Suburban,67.19,2.73,84.29,72.01,High,3.55,1.92,0,0.1,Medium,Quiet,Practice Tests,Daily,7,Average,5.68,,5.02,4.1,Frequently,10,Medium,1,Dedicated,Moderate,2.03,Medium,2,97,48,70.12,10.0,50.78,D,Pass,Low
STU_000228,16,Male,High School,Private,Lower-Middle,Bachelor,Rural,55.86,2.33,84.95,79.39,Medium,2.17,1.45,0,5.11,High,Moderate,Self-Reading,Rarely,3,Excellent,6.97,Good,3.63,1.46,Occasionally,7,High,1,Dedicated,Moderate,1.49,Easy,13,98,73,75.32,7.63,74.37,C,Pass,Medium
STU_000229,20,Male,Undergraduate,Private,Low,,Urban,66.45,3.05,,63.54,Medium,4.22,3.36,1,0.02,Medium,Noisy,Flashcards,Weekly,8,Average,9.64,Fair,4.88,0.31,Occasionally,10,Medium,1,Dedicated,Moderate,0.55,Medium,11,99,62,100.0,10.0,63.01,D,Pass,Medium
STU_000230,19,Female,High School,Private,Upper-Middle,High School,Urban,87.85,3.31,83.25,74.72,Medium,4.41,2.47,1,2.28,Medium,Quiet,Group Study,Weekly,4,Excellent,6.97,Good,5.31,3.92,Occasionally,8,Medium,0,Dedicated,Low,1.05,Easy,4,86,67,83.54,7.16,80.9,B,Pass,High
STU_000231,16,Female,Undergraduate,Public,High,Bachelor,Urban,82.68,3.22,82.49,80.32,Medium,8.19,4.39,0,0.39,Medium,Moderate,Summarizing,Daily,7,Average,8.76,Fair,8.8,1.17,Occasionally,10,High,1,Dedicated,Moderate,6.74,Easy,25,93,90,80.3,9.6,92.81,A,Pass,High
STU_000232,14,Female,Undergraduate,Public,Upper-Middle,High School,Urban,87.92,3.59,100.0,84.04,Low,5.18,3.12,0,0.6,Medium,Quiet,Flashcards,Weekly,3,Average,7.03,Poor,4.02,4.4,Occasionally,8,Medium,1,Shared,High,6.91,Medium,25,97,75,,7.5,76.02,B,Pass,Medium
STU_000233,19,Female,Undergraduate,Public,High,Bachelor,Suburban,72.32,3.0,98.73,64.31,Medium,3.23,2.69,0,0.29,Medium,Quiet,Flashcards,Daily,3,Average,7.87,Good,5.32,4.02,Occasionally,10,High,1,Dedicated,Moderate,3.69,Hard,8,95,54,59.92,9.81,56.18,D,Pass,Low
STU_000234,18,Female,Undergraduate,Public,Low,Bachelor,Urban,77.73,3.34,68.36,66.2,Medium,4.23,2.18,0,5.96,Medium,Quiet,Flashcards,Weekly,3,Poor,8.34,Good,1.52,0.86,Frequently,10,Medium,1,Dedicated,Moderate,1.55,Hard,6,85,51,84.88,10.0,63.27,D,Pass,Medium
STU_000235,14,Male,High School,Public,Middle,Master,Urban,94.51,3.79,72.79,74.99,Medium,7.1,4.03,0,11.72,Low,Quiet,Self-Reading,Daily,10,Poor,6.22,Excellent,5.93,3.04,Rarely,10,Low,1,Shared,Low,1.16,Medium,4,97,78,53.68,10.0,81.75,B,Pass,High
STU_000236,16,Female,High School,Private,Middle,Doctorate,Suburban,72.91,3.1,97.17,80.51,Medium,5.01,4.04,0,3.61,Medium,Moderate,Flashcards,Weekly,9,Average,7.84,Good,5.55,0.54,Rarely,9,Low,0,Dedicated,Moderate,0.09,Hard,16,93,75,76.23,9.14,81.18,B,Pass,High
STU_000237,15,Male,High School,Public,High,Bachelor,Urban,82.64,3.18,91.42,65.75,Medium,0.72,0.57,0,1.97,Medium,Moderate,Self-Reading,Rarely,3,Average,8.04,Fair,3.71,0.76,Occasionally,9,Medium,1,Dedicated,High,3.6,Medium,7,97,51,67.22,10.0,53.16,D,Pass,Low
STU_000238,17,Female,High School,Private,Middle,High School,Suburban,61.14,2.74,68.32,74.9,Medium,2.31,1.54,0,3.01,High,Quiet,Summarizing,Weekly,5,Average,8.45,Excellent,3.64,1.83,Occasionally,9,High,1,Dedicated,High,3.69,Medium,29,93,53,63.22,10.0,57.59,D,Pass,Low
STU_000239,20,Female,High School,Public,Upper-Middle,Master,Suburban,73.35,2.89,75.67,49.33,Low,0.68,0.42,1,1.89,High,Quiet,Practice Tests,Weekly,7,Poor,6.64,Poor,4.74,2.82,Rarely,8,Low,1,Dedicated,Moderate,4.61,Medium,3,96,46,56.04,6.35,49.28,F,Fail,Low
STU_000240,16,Male,Undergraduate,Public,Lower-Middle,High School,Suburban,62.27,2.75,81.4,51.32,Medium,1.35,1.07,1,2.26,Medium,Moderate,Summarizing,Weekly,3,,8.28,Good,6.68,1.3,Rarely,10,Medium,1,Dedicated,Low,1.92,Medium,1,85,21,74.43,7.93,26.48,F,Fail,Low
STU_000241,19,Male,Undergraduate,Private,Middle,Associate,Rural,83.69,3.22,95.87,79.85,High,2.19,1.86,0,2.98,High,Noisy,Flashcards,Rarely,6,Average,5.51,Good,4.79,4.86,Occasionally,9,High,1,Dedicated,Low,7.79,Hard,1,88,28,51.58,9.53,31.72,F,Fail,Low
STU_000242,14,Female,High School,Charter,Lower-Middle,Associate,Suburban,55.69,2.54,,71.79,High,3.51,2.08,0,3.24,Medium,Moderate,Summarizing,Weekly,4,Average,7.5,,6.84,10.06,Rarely,10,High,1,Dedicated,Low,2.17,Medium,14,100,34,81.38,10.0,34.57,F,Fail,Low
STU_000243,17,Male,High School,Public,Lower-Middle,Associate,Rural,86.72,3.28,84.77,70.57,Medium,5.1,4.35,0,0.23,High,Quiet,Group Study,Weekly,8,Excellent,7.24,Poor,4.46,1.99,Frequently,10,Medium,1,Shared,Moderate,9.15,Easy,19,99,96,,10.0,97.55,A,Pass,High
STU_000244,14,Female,High School,Private,High,Bachelor,Suburban,84.2,3.3,94.69,73.95,Medium,3.26,1.66,0,0.15,Medium,Quiet,Self-Reading,Weekly,3,Poor,6.55,Fair,5.36,2.59,Occasionally,10,Low,1,Dedicated,High,1.79,Medium,8,90,67,67.04,10.0,72.74,C,Pass,Medium
STU_000245,19,Female,High School,Private,Lower-Middle,Bachelor,Rural,67.38,2.81,75.34,54.49,Low,1.57,1.0,1,1.14,High,Quiet,Flashcards,Weekly,8,Average,8.95,Poor,6.52,6.48,Occasionally,10,Medium,1,Dedicated,Moderate,2.81,Medium,6,90,35,84.57,10.0,38.55,F,Fail,Low
STU_000246,14,Male,High School,Public,Middle,High School,Urban,70.8,2.78,,76.06,Medium,6.11,5.04,0,1.33,Low,Noisy,Flashcards,Daily,4,Average,6.14,Fair,2.99,0.53,Frequently,8,Low,1,Dedicated,Moderate,3.85,Medium,23,88,66,66.27,10.0,76.78,B,Pass,Medium
STU_000247,15,Male,Undergraduate,Charter,Lower-Middle,Doctorate,Urban,67.78,2.48,90.14,72.65,Medium,3.5,2.68,0,4.77,High,Noisy,Practice Tests,Daily,6,Excellent,6.94,Fair,3.23,2.01,Occasionally,10,Low,1,Shared,Moderate,3.2,Hard,20,93,50,98.05,8.59,55.66,D,Pass,Low
STU_000248,17,Female,High School,Private,Upper-Middle,Bachelor,Suburban,64.76,2.72,82.07,85.97,Medium,9.78,7.95,0,0.01,Medium,Quiet,Summarizing,Weekly,13,Average,5.75,Fair,3.91,0.42,Rarely,9,Medium,1,Shared,Low,3.07,Medium,10,86,69,,9.33,79.55,B,Pass,Medium
STU_000249,17,Male,High School,Public,Middle,Master,Suburban,63.71,2.55,,84.21,High,4.6,3.06,0,3.75,Low,Moderate,Flashcards,Weekly,7,Poor,6.15,Good,4.09,1.13,Frequently,10,Medium,1,Dedicated,Moderate,12.02,Medium,28,91,71,66.65,9.24,76.96,B,Pass,Medium
STU_000250,19,Male,Undergraduate,Public,Upper-Middle,High School,Urban,78.01,3.17,88.17,71.96,High,2.28,1.37,0,2.35,Medium,Quiet,Self-Reading,Rarely,3,Average,4.91,Good,6.0,0.7,Rarely,8,Medium,1,Dedicated,Moderate,2.23,Medium,28,90,50,69.14,8.68,56.2,D,Pass,Low
STU_000251,20,Female,High School,Public,Middle,Bachelor,Suburban,73.09,2.86,96.63,80.99,Medium,2.88,2.42,1,0.37,High,Quiet,Practice Tests,Weekly,6,Average,6.52,Excellent,6.01,2.63,Occasionally,9,High,1,Dedicated,Low,1.49,Medium,25,96,70,62.26,7.6,72.79,C,Pass,Medium
STU_000252,15,Female,Undergraduate,Private,Upper-Middle,Associate,Urban,40.57,1.49,,71.37,Medium,3.46,1.74,0,0.82,Medium,Quiet,Summarizing,Weekly,6,Average,8.01,Good,7.43,0.77,Occasionally,10,Medium,1,Dedicated,Moderate,3.74,Medium,27,90,48,74.32,10.0,53.88,D,Pass,Low
STU_000253,16,Male,High School,Charter,Middle,Master,Urban,70.72,2.82,79.72,73.03,High,5.2,3.62,0,0.87,Medium,Quiet,Practice Tests,Rarely,10,Average,8.69,Good,3.44,2.28,Rarely,10,Medium,1,Dedicated,Moderate,3.97,Medium,10,89,71,92.67,8.52,79.69,B,Pass,Medium
STU_000254,14,Male,High School,Private,Lower-Middle,Bachelor,Urban,77.86,3.21,76.52,50.32,High,0.92,0.78,1,0.72,Low,Quiet,Summarizing,Daily,8,Average,7.04,Fair,6.01,0.6,Frequently,10,Medium,1,Dedicated,Low,1.07,Medium,8,94,47,,10.0,52.09,D,Pass,Low
STU_000255,18,Female,High School,Private,High,High School,Urban,89.24,3.46,94.76,77.86,Medium,6.56,3.44,0,2.62,Medium,Moderate,Group Study,Daily,12,Average,8.02,Excellent,6.8,1.56,Occasionally,10,High,1,Dedicated,Low,8.3,Hard,26,100,89,,9.79,87.76,A,Pass,High
STU_000256,14,Female,High School,Public,Middle,High School,Urban,70.93,,93.09,69.59,Low,1.87,1.16,1,2.78,Low,Moderate,Self-Reading,Daily,1,Poor,8.73,Good,7.46,0.18,Occasionally,9,High,1,Shared,High,1.44,Easy,20,99,74,79.08,10.0,75.01,B,Pass,Medium
STU_000257,14,Male,Undergraduate,Public,Middle,Bachelor,Rural,83.85,3.37,74.91,74.91,Medium,2.3,1.95,1,1.13,Medium,Moderate,Self-Reading,Weekly,3,Excellent,7.86,Good,4.1,1.43,Frequently,8,Medium,1,Shared,Low,1.28,Easy,9,95,65,,6.91,68.64,C,Pass,Medium
STU_000258,16,Male,High School,Public,Low,Associate,Suburban,72.65,,76.17,85.53,Medium,1.95,1.37,0,1.43,Low,Moderate,Flashcards,Weekly,8,Average,7.68,Good,5.82,1.81,Occasionally,8,High,1,Dedicated,Moderate,6.36,Hard,4,97,34,90.97,9.36,35.77,F,Fail,Low
STU_000259,14,Female,High School,Public,Middle,,Suburban,60.87,2.79,88.38,87.48,Medium,6.61,3.52,0,9.5,Low,Noisy,Self-Reading,Weekly,9,Average,8.55,Fair,7.23,8.12,Occasionally,10,High,1,Dedicated,Low,7.41,Medium,14,91,68,80.82,10.0,74.33,C,Pass,Medium
STU_000260,15,Female,High School,Private,Middle,High School,Suburban,78.28,3.15,,78.37,High,1.84,1.34,1,2.33,Medium,Quiet,Self-Reading,Weekly,5,Poor,6.08,Good,6.68,2.56,Occasionally,8,High,1,Dedicated,High,3.1,Medium,27,99,60,88.92,6.4,57.72,D,Pass,Low
STU_000261,15,Male,Undergraduate,Public,Lower-Middle,High School,Urban,47.48,1.86,70.39,45.98,Low,5.35,4.77,0,1.36,High,Moderate,Summarizing,Weekly,9,Excellent,7.78,Excellent,1.87,2.62,Rarely,9,High,1,Dedicated,Moderate,1.24,Medium,7,93,38,94.22,8.93,41.89,F,Fail,Low
STU_000262,17,Female,Undergraduate,Public,Low,Doctorate,Suburban,62.16,2.7,77.57,82.96,High,2.53,2.06,0,0.99,Low,Moderate,Flashcards,Weekly,4,Average,7.94,Fair,4.02,0.36,Rarely,8,Low,1,Shared,Moderate,0.89,Hard,23,87,44,81.61,8.88,48.92,F,Fail,Low
STU_000263,19,Male,Undergraduate,Private,High,,Urban,83.13,3.34,90.03,72.54,Low,2.7,2.27,0,0.51,High,Quiet,Self-Reading,Weekly,11,Average,8.33,Fair,7.77,0.49,Rarely,10,Low,1,Dedicated,Moderate,10.19,Easy,12,98,98,62.81,8.15,100.0,A,Pass,High
STU_000264,20,Male,Undergraduate,Public,Lower-Middle,Bachelor,Suburban,63.1,2.38,81.69,73.46,Medium,2.65,1.51,0,1.03,Medium,Quiet,Summarizing,Weekly,5,Poor,5.49,Fair,5.03,4.69,Occasionally,8,Medium,1,Dedicated,High,2.29,Medium,20,94,59,67.92,8.02,62.3,D,Pass,Medium
STU_000265,18,Female,High School,Public,High,Bachelor,Urban,65.96,2.57,80.62,67.55,High,1.22,0.9,0,1.1,Low,Moderate,Practice Tests,Daily,4,Average,7.99,Good,5.63,0.23,Occasionally,7,Low,1,Dedicated,Moderate,0.52,Hard,3,99,42,54.73,6.74,42.59,F,Fail,Low
STU_000266,14,Female,Undergraduate,Public,Middle,,Suburban,79.06,3.1,84.25,60.34,Medium,4.27,3.27,0,3.31,High,Moderate,Self-Reading,Rarely,8,Poor,9.09,Excellent,6.76,0.62,Occasionally,10,High,1,Dedicated,Moderate,2.64,Easy,4,92,78,80.3,10.0,86.3,A,Pass,High
STU_000267,14,Female,High School,Private,Low,Master,Urban,74.22,3.04,91.26,69.61,Low,4.6,3.86,0,11.17,Medium,Moderate,Self-Reading,Daily,4,Average,9.17,Fair,6.01,4.13,Rarely,6,High,1,Dedicated,Low,0.05,Medium,10,91,91,,5.29,99.3,A,Pass,High
STU_000268,16,Female,High School,Private,Middle,Associate,Suburban,83.68,3.32,,69.43,High,3.48,2.16,0,4.12,Medium,Quiet,Practice Tests,Daily,5,Average,8.59,Fair,5.41,2.78,Occasionally,10,High,0,Dedicated,High,1.08,Medium,18,97,67,83.03,8.3,72.42,C,Pass,Medium
STU_000269,19,Female,Undergraduate,Private,Lower-Middle,Bachelor,Urban,63.51,,81.32,60.51,Medium,2.11,1.81,1,0.45,Medium,Quiet,Practice Tests,Rarely,11,Average,7.06,Good,4.32,3.55,Occasionally,10,Medium,1,Shared,Moderate,2.42,Easy,11,87,54,,9.29,60.53,D,Pass,Medium
STU_000270,15,Female,High School,Charter,Low,Bachelor,Suburban,63.94,2.66,,82.9,Medium,4.9,3.23,0,0.22,Medium,Quiet,Flashcards,Weekly,6,Excellent,7.35,Fair,5.76,4.24,Occasionally,10,Medium,1,Dedicated,Moderate,0.0,Medium,22,85,55,76.47,10.0,61.98,D,Pass,Medium
STU_000271,18,Female,Undergraduate,Public,Upper-Middle,High School,Urban,54.9,2.15,93.75,63.4,Medium,5.1,4.53,1,0.39,Low,Quiet,Group Study,Weekly,4,,6.24,Excellent,6.08,2.24,Frequently,10,Medium,1,Dedicated,Low,0.11,Easy,29,88,66,76.56,10.0,73.94,C,Pass,Medium
STU_000272,17,Female,High School,Charter,Upper-Middle,Bachelor,Urban,78.45,3.35,100.0,80.72,High,6.84,5.59,0,1.61,Medium,Moderate,Summarizing,Daily,11,Average,7.34,Fair,4.7,1.73,Rarely,9,Low,1,Dedicated,Moderate,0.61,Medium,19,93,82,83.29,7.93,89.61,A,Pass,High
STU_000273,15,Female,High School,Private,High,Doctorate,Suburban,65.77,2.94,97.73,65.97,Low,3.65,3.18,1,0.77,High,Noisy,Summarizing,Daily,8,,7.86,Good,5.24,3.56,Occasionally,10,Medium,1,Shared,Moderate,7.65,Hard,27,86,52,100.0,8.21,60.18,D,Pass,Medium
STU_000274,19,Female,High School,Public,Lower-Middle,High School,Suburban,76.68,2.84,89.46,69.52,High,4.0,2.09,0,0.25,High,Quiet,Practice Tests,Daily,2,Average,7.6,Good,5.78,1.69,Occasionally,8,Medium,1,Dedicated,High,1.04,Easy,16,99,90,84.19,7.39,90.54,A,Pass,High
STU_000275,20,Female,Undergraduate,Private,Middle,High School,Rural,86.12,3.45,75.27,74.89,Low,4.11,3.54,1,0.11,High,Quiet,Group Study,Rarely,8,Average,7.25,Fair,4.3,1.33,Occasionally,7,High,1,Shared,Moderate,9.08,Easy,15,92,86,,6.16,95.08,A,Pass,High
STU_000276,17,Male,High School,Charter,High,Master,Urban,74.85,2.87,85.41,64.01,High,3.52,2.9,0,0.02,High,Quiet,Self-Reading,Rarely,4,Average,7.43,Good,3.59,9.49,Frequently,9,Medium,1,Shared,Moderate,8.22,Medium,3,89,52,87.8,9.54,55.79,D,Pass,Low
STU_000277,20,Female,High School,Public,Upper-Middle,High School,Urban,71.48,2.81,70.36,62.98,Medium,3.04,1.52,1,3.87,Medium,Quiet,Group Study,Daily,5,Poor,9.69,Fair,2.77,0.33,Rarely,10,Low,1,None,High,5.66,Medium,21,100,59,,8.2,58.73,D,Pass,Low
STU_000278,16,Female,High School,Private,High,High School,Rural,64.31,2.45,85.43,78.0,Medium,4.13,2.95,0,1.18,Medium,Quiet,Group Study,Rarely,8,Excellent,9.16,Poor,7.71,0.53,Occasionally,10,Medium,1,Dedicated,High,8.66,Medium,23,98,58,65.09,9.35,59.24,D,Pass,Low
STU_000279,16,Male,Undergraduate,Public,Upper-Middle,High School,Urban,69.62,2.99,76.3,64.46,Low,4.19,2.16,0,4.2,Medium,Moderate,Practice Tests,Daily,14,,8.76,Good,8.35,2.84,Frequently,10,High,1,Dedicated,Low,0.09,Medium,22,86,60,72.43,8.36,72.48,C,Pass,Medium
STU_000280,14,Male,High School,Private,Lower-Middle,Bachelor,Suburban,54.09,2.44,75.87,73.34,Low,1.23,0.62,1,2.89,Medium,Noisy,Practice Tests,Daily,3,,5.36,Good,4.01,3.66,Frequently,10,Medium,1,Dedicated,Low,0.04,Medium,13,93,38,75.14,10.0,43.29,F,Fail,Low
STU_000281,20,Male,Undergraduate,Private,Lower-Middle,High School,Suburban,53.59,2.01,75.18,69.35,Low,3.38,2.27,1,0.2,High,Moderate,Summarizing,Rarely,8,Average,8.26,Poor,3.43,0.09,Occasionally,8,High,1,Dedicated,Low,7.81,Medium,29,99,59,88.06,10.0,58.45,D,Pass,Low
STU_000282,19,Male,Undergraduate,Public,Middle,Associate,Rural,76.41,3.11,72.66,75.17,High,4.61,3.27,0,0.12,Medium,Moderate,Group Study,Daily,4,Average,8.54,Fair,6.94,0.01,Frequently,10,Low,1,Dedicated,Low,0.15,Medium,22,93,65,98.21,6.59,70.86,C,Pass,Medium
STU_000283,18,Male,High School,Public,Middle,High School,Rural,49.07,1.87,84.93,72.3,Low,0.76,0.47,0,0.31,High,Moderate,Summarizing,Rarely,3,Average,5.84,Fair,4.27,1.27,Occasionally,10,Medium,1,Dedicated,Moderate,4.52,Easy,27,90,36,53.43,10.0,41.59,F,Fail,Low
STU_000284,17,Female,High School,Public,High,Associate,Suburban,73.9,3.04,85.98,100.0,High,11.04,7.88,0,0.35,Medium,Moderate,Group Study,Weekly,13,Average,6.86,Poor,4.4,2.7,Occasionally,10,High,1,Dedicated,Moderate,3.13,Medium,1,93,80,100.0,10.0,85.27,A,Pass,High
STU_000285,15,Male,High School,Private,High,,Urban,87.72,3.56,73.05,58.23,Medium,3.23,2.33,0,1.58,Medium,Quiet,Group Study,Daily,7,Average,4.82,Poor,3.83,1.14,Rarely,10,High,1,Dedicated,Low,2.26,Hard,18,94,64,,10.0,65.28,C,Pass,Medium
STU_000286,19,Male,High School,Public,Low,Bachelor,Urban,74.37,,71.72,55.22,Medium,3.48,2.37,0,6.23,Low,Quiet,Group Study,Weekly,4,Average,8.32,Poor,5.41,0.24,Rarely,10,High,0,Shared,High,0.88,Medium,8,96,55,90.79,10.0,57.38,D,Pass,Low
STU_000287,19,Male,Undergraduate,Public,Low,Bachelor,Rural,48.44,1.86,87.46,54.73,Medium,2.56,1.95,0,1.8,Low,Quiet,Summarizing,Weekly,7,Average,5.44,Excellent,6.17,4.97,Frequently,8,Low,1,Shared,Low,6.09,Hard,24,94,48,69.5,3.34,53.25,D,Pass,Low
STU_000288,16,Male,Undergraduate,Public,Middle,Associate,Suburban,75.75,2.75,87.98,71.33,Medium,4.74,3.03,0,1.36,Medium,Moderate,Flashcards,Daily,6,Average,8.03,Poor,6.47,0.55,Occasionally,7,High,1,Dedicated,High,9.28,Medium,25,93,63,61.54,7.21,70.35,C,Pass,Medium
STU_000289,20,Male,Undergraduate,Public,Lower-Middle,Bachelor,Urban,67.54,2.74,71.84,52.4,Medium,3.43,1.94,0,1.4,Medium,Quiet,Flashcards,Weekly,4,Average,6.95,Fair,5.51,3.66,Rarely,10,High,1,Shared,Low,1.19,Medium,6,95,36,73.04,9.55,38.89,F,Fail,Low
STU_000290,14,Male,Undergraduate,Public,Lower-Middle,Master,Suburban,87.25,3.4,93.43,65.32,Low,1.94,1.09,0,3.08,Medium,Quiet,Practice Tests,Rarely,8,Average,8.44,Excellent,8.93,1.47,Occasionally,7,Low,1,Dedicated,Low,2.72,Hard,8,88,67,,8.09,75.95,B,Pass,Medium
STU_000291,14,Female,Undergraduate,Public,Low,Master,Suburban,50.32,2.11,64.59,62.54,High,3.45,1.75,0,1.54,Low,Moderate,Group Study,Daily,6,Average,8.19,Excellent,4.77,4.79,Frequently,9,Low,1,Dedicated,Moderate,0.52,Medium,17,90,55,98.69,8.54,60.74,D,Pass,Medium
STU_000292,17,Male,High School,Private,Lower-Middle,High School,Suburban,87.54,3.53,74.06,57.38,High,1.72,0.86,0,1.4,Low,Moderate,Flashcards,Daily,5,Average,8.01,Fair,4.38,0.4,Occasionally,10,Low,1,Shared,High,3.66,Easy,13,99,77,,9.41,79.52,B,Pass,Medium
STU_000293,16,Female,High School,Public,Low,High School,Urban,59.53,2.52,75.12,76.1,High,2.62,2.11,0,0.35,High,Moderate,Group Study,Daily,6,,7.39,Fair,5.47,1.61,Occasionally,10,Medium,0,Shared,Moderate,9.76,Medium,24,87,45,81.03,10.0,50.85,D,Pass,Low
STU_000294,19,Female,High School,Public,High,High School,Suburban,76.09,2.85,90.34,77.21,High,4.78,4.29,1,0.78,Medium,Quiet,Flashcards,Daily,5,Excellent,5.8,Fair,6.01,2.58,Frequently,8,High,1,Dedicated,Moderate,4.46,Hard,22,88,40,61.9,8.41,47.06,F,Fail,Low
STU_000295,18,Female,High School,Charter,Middle,High School,Suburban,59.42,2.59,92.73,61.96,Low,1.31,1.09,1,0.62,Medium,Moderate,Group Study,Daily,5,Average,3.0,Excellent,4.94,12.0,Occasionally,10,High,1,Shared,Low,6.9,Medium,25,89,35,76.73,10.0,40.73,F,Fail,Low
STU_000296,16,Male,Undergraduate,Private,Low,Bachelor,Suburban,65.46,2.64,87.33,60.62,Low,2.41,1.47,0,1.69,High,Moderate,Group Study,Daily,5,Poor,6.74,Good,6.28,4.01,Rarely,8,High,1,Dedicated,Moderate,2.46,Hard,1,93,28,67.86,10.0,28.57,F,Fail,Low
STU_000297,17,Male,High School,Public,Low,High School,Urban,84.03,3.66,,66.99,High,3.4,1.75,0,1.68,Low,Quiet,Flashcards,Rarely,8,Average,8.19,Fair,4.71,1.04,Occasionally,9,Low,1,Dedicated,High,3.39,Medium,30,98,77,70.25,8.13,79.7,B,Pass,Medium
STU_000298,17,Female,Undergraduate,Public,High,,Urban,74.66,2.83,88.42,72.48,Medium,5.7,3.24,0,1.56,Medium,Quiet,Summarizing,Weekly,7,Average,8.0,Fair,6.36,0.27,Frequently,10,High,1,Dedicated,High,1.23,Medium,23,100,80,77.9,8.67,81.63,B,Pass,High
STU_000299,16,Female,High School,Private,Middle,Bachelor,Suburban,55.89,2.38,91.97,70.61,Medium,3.01,2.48,0,1.04,Medium,Quiet,Self-Reading,Weekly,9,Excellent,6.55,Fair,2.51,4.25,Frequently,10,Medium,1,Shared,Moderate,0.25,Easy,12,91,69,88.67,6.3,76.49,B,Pass,Medium
STU_000300,17,Male,High School,Charter,Upper-Middle,Bachelor,Urban,64.11,2.58,,55.54,Medium,1.55,1.38,0,1.84,High,Moderate,Practice Tests,Rarely,4,,7.62,Good,2.81,5.2,Occasionally,10,Low,1,Dedicated,Moderate,1.09,Easy,6,90,51,75.34,7.37,57.01,D,Pass,Low
STU_000301,16,Male,High School,Charter,Low,Bachelor,Suburban,64.96,2.52,86.52,88.06,High,5.07,4.12,0,1.23,Medium,Noisy,Self-Reading,Daily,9,Poor,5.34,Good,3.14,0.6,Occasionally,10,Medium,0,Dedicated,Low,0.32,Hard,6,92,53,,10.0,57.97,D,Pass,Low
STU_000302,15,Male,High School,Private,High,Bachelor,Suburban,74.69,3.22,97.41,90.42,High,2.47,2.22,0,0.85,Medium,Moderate,Self-Reading,Weekly,5,Poor,8.85,Good,3.92,0.08,Frequently,9,Medium,1,Shared,Moderate,7.53,Hard,2,94,52,94.03,10.0,53.81,D,Pass,Low
STU_000303,16,Male,High School,Private,Lower-Middle,Doctorate,Urban,74.74,2.88,91.6,78.23,Low,2.93,1.55,0,0.05,Low,Quiet,Practice Tests,Weekly,8,Poor,6.44,,7.7,1.57,Occasionally,7,High,1,Dedicated,Moderate,0.87,Medium,7,85,63,65.75,3.71,75.08,B,Pass,Medium
STU_000304,20,Female,Undergraduate,Private,Middle,Master,Urban,74.99,3.14,,79.66,High,2.12,1.43,0,1.27,Medium,Moderate,Self-Reading,Weekly,5,Average,6.54,Fair,3.97,4.86,Frequently,10,Medium,1,Shared,High,1.26,Easy,14,89,72,85.79,10.0,81.1,B,Pass,High
STU_000305,16,Female,High School,Public,Lower-Middle,Master,Urban,68.96,2.7,89.73,58.85,Medium,2.34,1.38,0,2.32,Medium,Moderate,Flashcards,Daily,3,Average,6.64,,5.99,0.57,Occasionally,9,High,1,Dedicated,Low,1.32,Easy,30,89,63,82.48,9.35,72.64,C,Pass,Medium
STU_000306,17,Female,Undergraduate,Private,Upper-Middle,Associate,Rural,40.64,1.55,73.85,55.5,Medium,3.21,2.85,0,5.3,Medium,Moderate,Flashcards,Daily,5,Excellent,5.27,Fair,4.35,9.3,Rarely,10,Low,1,Dedicated,Low,0.64,Medium,21,95,24,82.22,9.98,26.85,F,Fail,Low
STU_000307,20,Male,Undergraduate,Private,Lower-Middle,Bachelor,Urban,47.36,2.15,87.41,64.0,Medium,4.45,2.26,0,6.19,Medium,Quiet,Flashcards,Rarely,6,Average,6.67,Fair,5.91,2.09,Occasionally,7,Low,1,Shared,Low,2.05,Medium,4,85,42,70.31,8.56,46.51,F,Fail,Low
STU_000308,17,Female,Undergraduate,Private,Upper-Middle,Bachelor,Urban,75.73,2.92,83.59,79.14,Low,2.12,1.32,0,2.97,Medium,Quiet,Summarizing,Weekly,5,Excellent,6.66,Good,6.43,2.11,Frequently,10,High,1,Shared,High,7.92,Hard,30,91,51,100.0,9.97,51.27,D,Pass,Low
STU_000309,14,Male,High School,Charter,Lower-Middle,High School,Suburban,66.21,2.49,74.52,56.96,High,1.62,1.31,1,0.84,High,Moderate,Flashcards,Weekly,3,,4.3,,6.72,2.6,Occasionally,9,Medium,0,Shared,Low,0.32,Hard,1,96,16,70.33,8.95,12.74,F,Fail,Low
STU_000310,14,Female,High School,Public,Upper-Middle,High School,Urban,77.27,2.88,81.4,63.73,Medium,1.68,1.39,0,1.94,Medium,Quiet,Self-Reading,Weekly,6,Average,6.48,Fair,5.35,4.49,Rarely,10,High,1,Dedicated,High,2.07,Hard,11,91,41,49.1,8.22,43.04,F,Fail,Low
STU_000311,20,Male,High School,Public,Upper-Middle,Master,Rural,52.48,1.98,83.8,84.44,Low,5.57,3.13,0,2.19,Low,Noisy,Practice Tests,Daily,7,Average,6.68,Good,8.41,0.6,Rarely,10,High,1,Dedicated,Low,8.84,Medium,11,92,55,64.13,10.0,60.53,D,Pass,Medium
STU_000312,15,Female,High School,Public,Middle,Bachelor,Rural,98.48,,79.12,78.54,Medium,6.07,4.72,0,1.37,Low,Noisy,Practice Tests,Daily,3,Excellent,5.89,Fair,3.42,0.92,Frequently,10,Medium,1,Shared,Low,0.59,Medium,29,86,76,65.29,9.63,87.7,A,Pass,High
STU_000313,14,Female,High School,Public,Low,,Suburban,74.66,3.21,84.44,72.53,Low,5.13,4.56,1,3.99,Medium,Quiet,Practice Tests,Weekly,3,Average,6.4,Poor,7.88,3.36,Occasionally,8,Medium,1,Dedicated,Low,4.01,Medium,5,97,80,69.03,8.53,82.13,B,Pass,High
STU_000314,16,Male,High School,Public,Middle,High School,Urban,66.96,2.47,92.31,71.08,Medium,5.15,2.8,0,3.63,Low,Noisy,Flashcards,Rarely,6,,5.84,,2.21,3.07,Frequently,10,High,1,Dedicated,Low,2.87,Easy,25,91,54,79.49,10.0,60.3,D,Pass,Medium
STU_000315,17,Other,Undergraduate,Private,Lower-Middle,High School,Suburban,67.35,2.69,84.9,48.59,High,1.45,0.73,0,1.3,Medium,Quiet,Summarizing,Weekly,7,Poor,7.1,Excellent,7.72,10.37,Rarely,10,Medium,1,Dedicated,Low,2.06,Hard,22,86,32,,8.99,36.68,F,Fail,Low
STU_000316,14,Female,High School,Public,Middle,High School,Suburban,79.65,,82.6,69.21,Medium,4.21,3.63,0,0.81,Medium,Moderate,Flashcards,Daily,7,Excellent,6.26,Excellent,7.23,0.09,Rarely,10,Medium,1,Dedicated,Moderate,10.95,Medium,28,88,56,35.7,10.0,63.31,D,Pass,Medium
STU_000317,14,Male,High School,Private,Low,Master,Urban,99.42,3.93,84.03,77.67,Medium,2.1,1.57,1,1.35,Medium,Quiet,Flashcards,Weekly,7,Poor,5.8,Fair,8.53,5.64,Occasionally,10,High,1,Dedicated,High,0.85,Hard,5,97,58,88.52,7.69,61.79,D,Pass,Medium
STU_000318,15,Female,High School,Public,Middle,Doctorate,Rural,65.7,2.51,80.68,62.48,Low,2.85,2.32,0,1.09,Medium,Quiet,Group Study,Rarely,11,Poor,6.87,Fair,9.08,0.81,Frequently,10,Medium,1,Dedicated,Low,4.2,Medium,27,100,68,86.68,10.0,68.01,C,Pass,Medium
STU_000319,20,Female,High School,Public,Low,High School,Urban,90.09,3.49,,56.8,Medium,3.47,2.68,0,0.17,Low,Quiet,Self-Reading,Weekly,6,Poor,7.85,Good,6.36,12.0,Rarely,7,Medium,1,Shared,High,1.14,Medium,5,86,74,,6.11,88.33,A,Pass,High
STU_000320,20,Female,High School,Public,Lower-Middle,Associate,Urban,90.32,3.9,84.33,78.6,Medium,3.44,2.51,0,0.25,Medium,Quiet,Flashcards,Daily,8,Average,7.35,Good,3.26,0.92,Occasionally,10,High,1,Dedicated,High,3.28,Hard,22,100,72,100.0,10.0,71.4,C,Pass,Medium
STU_000321,19,Female,Undergraduate,Public,Low,Associate,Urban,68.44,2.57,76.6,70.11,Low,1.42,1.09,0,4.87,Medium,Quiet,Flashcards,Weekly,2,Poor,8.03,Excellent,4.86,5.81,Occasionally,8,Low,1,Shared,Moderate,4.94,Easy,18,99,51,79.54,7.84,49.5,F,Fail,Low
STU_000322,15,Female,High School,Public,Middle,Bachelor,Suburban,90.75,3.67,91.63,64.37,Medium,2.67,2.05,0,1.84,Medium,Quiet,Group Study,Weekly,4,Average,7.52,Good,2.53,3.93,Rarely,10,Medium,1,Shared,High,2.6,Medium,13,97,88,92.35,8.45,88.79,A,Pass,High
STU_000323,16,Male,High School,Charter,Lower-Middle,,Suburban,79.49,3.17,99.82,88.54,Medium,2.84,1.67,0,0.45,Low,Moderate,Practice Tests,Daily,6,Average,6.77,Good,5.17,2.0,Occasionally,10,Medium,1,Dedicated,Moderate,1.18,Hard,16,92,46,,10.0,50.7,D,Pass,Low
STU_000324,20,Male,High School,Private,High,High School,Urban,87.68,3.34,94.3,71.09,Low,1.97,1.2,0,2.23,Low,Quiet,Group Study,Daily,1,Average,6.12,Good,9.66,4.77,Rarely,10,Low,1,Dedicated,Moderate,6.04,Hard,27,96,48,92.58,10.0,52.5,D,Pass,Low
STU_000325,17,Other,Undergraduate,Public,Lower-Middle,High School,Suburban,62.08,2.48,74.35,63.93,Medium,2.96,2.6,0,0.17,High,Moderate,Flashcards,Weekly,2,Excellent,7.44,Excellent,5.93,1.01,Occasionally,10,High,0,Shared,Moderate,0.23,Medium,9,99,40,61.41,10.0,40.84,F,Fail,Low
STU_000326,15,Female,High School,Charter,Middle,Associate,Rural,55.86,2.13,91.64,83.86,Medium,1.85,1.25,1,0.68,Low,Moderate,Self-Reading,Rarely,4,Excellent,9.39,Good,2.07,0.04,Frequently,7,High,1,Dedicated,Moderate,0.41,Hard,18,85,38,74.09,8.86,41.44,F,Fail,Low
STU_000327,14,Male,High School,Public,Lower-Middle,Bachelor,Rural,75.05,2.66,89.64,43.84,Medium,2.34,1.52,1,2.32,High,Moderate,Self-Reading,Rarely,3,Average,6.96,Good,3.07,1.68,Occasionally,10,High,1,Shared,Low,0.78,Easy,22,98,62,78.99,10.0,64.23,D,Pass,Medium
STU_000328,17,Female,Undergraduate,Public,High,Bachelor,Suburban,64.22,2.69,99.27,61.8,High,3.97,2.56,0,1.88,Medium,Quiet,Summarizing,Rarely,5,Average,5.24,Good,2.53,0.29,Occasionally,10,Low,1,Dedicated,Low,1.66,Hard,3,100,46,92.61,8.21,46.33,F,Fail,Low
STU_000329,17,Male,Undergraduate,Public,Lower-Middle,Associate,Urban,71.86,3.08,87.47,90.03,Low,2.43,2.11,0,2.93,Medium,Noisy,Summarizing,Weekly,2,Excellent,6.16,Good,3.32,1.3,Frequently,10,Medium,1,Dedicated,High,0.32,Medium,11,88,54,85.69,10.0,65.32,C,Pass,Medium
STU_000330,14,Male,Undergraduate,Private,Middle,Bachelor,Urban,89.98,3.73,87.08,55.55,Low,3.77,2.16,0,2.34,High,Noisy,Self-Reading,Weekly,4,Average,5.57,Fair,3.36,1.94,Occasionally,10,High,1,Shared,Low,3.59,Easy,16,98,90,,8.26,90.09,A,Pass,High
STU_000331,15,Female,High School,Private,Upper-Middle,Bachelor,Urban,64.78,2.54,100.0,74.23,Medium,2.9,2.24,1,8.82,Medium,Quiet,Practice Tests,Daily,3,Average,8.04,Poor,2.6,4.9,Frequently,6,Medium,1,Dedicated,Moderate,2.75,Medium,9,89,52,65.77,5.35,59.72,D,Pass,Low
STU_000332,14,Male,Undergraduate,Public,Middle,Associate,Urban,68.09,2.78,91.27,86.42,High,5.0,2.69,1,1.22,Medium,Moderate,Practice Tests,Daily,4,Average,8.97,Poor,5.68,2.1,Frequently,7,Medium,1,Dedicated,High,4.09,Easy,30,90,73,,5.22,82.07,B,Pass,High
STU_000333,19,Male,Undergraduate,Charter,Middle,High School,Urban,82.94,3.14,72.51,65.74,Medium,8.5,7.03,0,1.13,Medium,Quiet,Self-Reading,Rarely,7,Average,5.71,Fair,5.58,0.11,Frequently,10,Medium,1,Shared,Moderate,2.98,Easy,7,93,73,74.45,10.0,80.61,B,Pass,High
STU_000334,17,Female,Undergraduate,Private,Middle,High School,Rural,83.93,3.54,81.17,57.92,High,2.99,2.33,0,1.68,High,Quiet,Practice Tests,Daily,5,Excellent,5.36,Good,7.02,3.19,Rarely,10,High,1,Dedicated,Moderate,3.99,Hard,20,98,54,,7.48,56.51,D,Pass,Low
STU_000335,18,Male,High School,Public,Lower-Middle,Associate,Urban,66.36,2.51,95.78,82.0,Medium,7.65,6.71,0,1.83,High,Quiet,Flashcards,Daily,10,Average,6.03,Good,2.43,1.71,Rarely,10,Medium,1,Shared,Low,4.47,Medium,16,97,76,72.93,9.55,80.49,B,Pass,High
STU_000336,18,Male,High School,Private,Middle,Associate,Suburban,94.23,3.83,94.77,62.34,Medium,2.89,1.66,0,0.31,Medium,Noisy,Practice Tests,Rarely,3,Average,5.62,Good,2.05,0.06,Frequently,10,High,1,None,Moderate,0.27,Medium,7,85,66,72.89,10.0,79.06,B,Pass,Medium
STU_000337,16,Female,Undergraduate,Private,High,High School,Rural,90.29,3.4,90.01,88.83,Medium,6.26,3.19,0,0.66,Medium,Quiet,Group Study,Rarely,6,Average,7.67,Excellent,5.11,1.04,Occasionally,10,Medium,1,Shared,High,1.33,Medium,30,88,86,57.6,10.0,100.0,A,Pass,High
STU_000338,20,Male,Undergraduate,Public,Middle,Master,Urban,58.15,2.42,93.06,63.04,Medium,1.25,0.85,0,0.16,Low,Quiet,Practice Tests,Daily,8,Average,5.36,Good,8.14,0.23,Occasionally,10,Medium,1,Dedicated,Low,1.81,Easy,23,100,63,90.36,8.43,62.42,D,Pass,Medium
STU_000339,14,Female,High School,Charter,Low,Master,Suburban,66.25,2.66,,73.86,Low,0.62,0.32,1,3.92,High,Moderate,Summarizing,Weekly,4,Excellent,6.46,Good,5.99,3.74,Rarely,10,Medium,1,Dedicated,Low,2.63,Easy,13,86,52,76.78,9.44,59.2,D,Pass,Low
STU_000340,14,Male,Undergraduate,Private,Middle,Doctorate,Rural,62.03,2.49,,52.03,Low,0.97,0.78,0,5.95,Medium,Quiet,Self-Reading,Weekly,5,Average,6.35,Good,4.84,1.24,Rarely,10,Medium,1,Dedicated,Low,5.72,Medium,21,93,55,80.02,9.21,61.25,D,Pass,Medium
STU_000341,16,Female,High School,Private,Middle,High School,Urban,91.07,3.81,86.45,75.1,Low,1.2,0.63,0,1.22,Medium,Moderate,Practice Tests,Daily,3,Average,6.92,Fair,5.47,7.13,Rarely,10,Medium,1,Dedicated,Moderate,0.43,Medium,23,88,55,78.6,10.0,66.25,C,Pass,Medium
STU_000342,16,Female,Undergraduate,Charter,Middle,Master,Urban,79.32,3.1,,57.63,Medium,2.14,1.39,0,0.36,Low,Quiet,Flashcards,Weekly,5,Excellent,7.71,,6.15,1.87,Occasionally,10,Medium,1,Dedicated,Low,2.98,Medium,6,93,54,,10.0,59.57,D,Pass,Low
STU_000343,16,Female,High School,Public,Lower-Middle,Bachelor,Urban,73.37,2.99,,69.94,High,3.69,2.43,1,0.83,High,Moderate,Summarizing,Daily,1,Poor,7.63,Fair,6.38,1.18,Frequently,10,Low,1,Dedicated,Low,0.46,Hard,16,99,72,70.79,10.0,72.77,C,Pass,Medium
STU_000344,17,Male,High School,Public,Lower-Middle,Bachelor,Rural,92.88,3.62,81.32,66.49,High,0.83,0.59,1,1.57,Low,Noisy,Flashcards,Rarely,1,Average,7.3,Fair,7.02,0.29,Frequently,8,High,1,Dedicated,Low,0.98,Medium,20,100,82,78.45,7.84,85.95,A,Pass,High
STU_000345,19,Male,Undergraduate,Private,Middle,High School,Urban,85.5,3.16,80.15,63.83,Medium,0.77,0.59,0,2.35,Medium,Moderate,Flashcards,Rarely,4,Average,7.43,Poor,5.33,0.18,Occasionally,10,High,1,Dedicated,Low,3.57,Easy,2,94,64,83.45,9.16,69.06,C,Pass,Medium
STU_000346,14,Male,High School,Public,Lower-Middle,High School,Urban,52.91,2.32,100.0,64.36,Medium,1.1,0.59,1,1.14,Medium,Moderate,Practice Tests,Weekly,1,Poor,6.03,Fair,6.34,1.67,Occasionally,10,Medium,1,None,Moderate,15.24,Medium,17,94,32,71.21,10.0,33.85,F,Fail,Low
STU_000347,17,Female,Undergraduate,Private,Low,High School,Rural,48.0,1.74,80.58,81.48,Low,6.85,4.03,0,0.27,High,Moderate,Self-Reading,Daily,12,Poor,6.8,Good,5.91,2.41,Occasionally,10,Low,0,Dedicated,High,4.66,Hard,6,95,48,81.07,10.0,49.56,F,Fail,Low
STU_000348,16,Male,High School,Public,Middle,Master,Urban,70.45,2.83,89.52,95.97,High,6.31,4.56,0,1.31,Medium,Quiet,Practice Tests,Rarely,7,Average,6.18,Good,6.23,0.8,Frequently,9,Low,1,Dedicated,Moderate,0.03,Easy,19,86,81,92.48,9.44,93.69,A,Pass,High
STU_000349,14,Male,High School,Public,Lower-Middle,Associate,Rural,68.25,2.56,86.84,83.69,Medium,3.93,2.3,0,11.95,Low,Moderate,Self-Reading,Daily,8,Average,6.59,Fair,1.86,2.57,Frequently,10,Medium,1,Dedicated,Low,4.3,Hard,15,96,51,96.7,10.0,54.04,D,Pass,Low
STU_000350,17,Male,Undergraduate,Private,Middle,Associate,Rural,88.58,3.59,81.66,58.05,Medium,1.71,1.03,0,5.39,Medium,Quiet,Summarizing,Weekly,6,Excellent,6.39,Fair,6.44,3.06,Occasionally,10,High,1,Dedicated,High,0.71,Medium,16,93,59,72.52,9.29,61.97,D,Pass,Medium
STU_000351,19,Male,Undergraduate,Private,Lower-Middle,High School,Suburban,63.27,,93.73,88.0,Medium,2.8,1.64,0,0.24,Low,Quiet,Group Study,Weekly,5,Poor,6.24,Fair,6.66,3.04,Frequently,10,High,1,Shared,Low,3.98,Medium,15,99,54,57.6,9.56,55.22,D,Pass,Low
STU_000352,17,Female,Undergraduate,Private,Middle,Bachelor,Urban,75.23,2.81,95.72,100.0,Medium,3.49,2.74,1,1.11,High,Noisy,Flashcards,Weekly,7,Average,4.79,Fair,7.75,0.02,Occasionally,10,Medium,1,Shared,Moderate,0.08,Medium,8,88,63,86.71,9.63,71.27,C,Pass,Medium
STU_000353,19,Male,High School,Private,Lower-Middle,Associate,Urban,78.93,3.16,83.51,60.47,Medium,1.54,0.98,1,5.6,High,Quiet,Group Study,Weekly,2,Average,7.72,Poor,6.62,2.25,Rarely,10,High,1,Dedicated,Low,1.8,Medium,24,96,58,71.91,10.0,61.91,D,Pass,Medium
STU_000354,16,Female,High School,Private,Lower-Middle,High School,Suburban,86.24,3.42,89.99,61.45,Medium,3.73,2.4,0,0.5,Medium,Moderate,Group Study,Daily,4,Poor,5.56,Fair,9.08,0.79,Rarely,10,Low,1,Dedicated,Moderate,2.57,Medium,27,94,64,80.42,9.07,66.06,C,Pass,Medium
STU_000355,19,Male,High School,Public,High,Bachelor,Rural,68.59,2.38,,62.65,High,3.03,2.59,0,3.76,High,Moderate,Flashcards,Weekly,8,Average,6.27,Excellent,4.31,5.08,Frequently,10,Medium,0,Dedicated,Moderate,3.35,Medium,4,89,74,,7.02,83.43,B,Pass,High
STU_000356,14,Female,High School,Public,Middle,,Urban,63.71,2.39,100.0,71.55,Medium,2.19,1.73,0,4.56,Medium,Moderate,Self-Reading,Rarely,7,Excellent,4.55,Good,5.53,3.46,Occasionally,10,High,1,Dedicated,High,7.04,Medium,27,94,55,44.48,10.0,58.21,D,Pass,Low
STU_000357,16,Male,Undergraduate,Public,Lower-Middle,Bachelor,Urban,67.42,2.98,82.18,74.29,Medium,2.44,2.06,1,1.97,Medium,Quiet,Flashcards,Rarely,3,,8.72,Good,2.08,2.9,Occasionally,10,Medium,1,Dedicated,Low,0.29,Medium,18,98,52,70.45,10.0,54.34,D,Pass,Low
STU_000358,14,Female,Undergraduate,Public,High,Bachelor,Suburban,89.08,3.41,83.93,85.48,Medium,1.07,0.62,0,0.24,Medium,Noisy,Flashcards,Weekly,4,Excellent,7.69,Good,4.2,4.75,Occasionally,10,High,1,Dedicated,Low,3.72,Hard,25,96,38,98.01,10.0,39.09,F,Fail,Low
STU_000359,18,Male,Undergraduate,Public,Upper-Middle,High School,Suburban,79.04,3.39,77.15,66.03,Medium,3.49,2.17,0,0.7,Low,Noisy,Practice Tests,Weekly,7,,7.66,Good,5.99,2.33,Occasionally,10,High,1,Shared,Moderate,2.34,Hard,4,92,46,47.23,10.0,50.52,D,Pass,Low
STU_000360,15,Male,Undergraduate,Public,Upper-Middle,High School,Suburban,72.49,2.77,84.12,67.07,Medium,3.11,2.68,0,1.13,Medium,Quiet,Flashcards,Weekly,7,Average,6.08,Fair,3.85,0.45,Frequently,10,High,0,Dedicated,Low,0.69,Hard,29,90,61,92.1,10.0,65.73,C,Pass,Medium
STU_000361,19,Male,Undergraduate,Public,Upper-Middle,Bachelor,Urban,76.19,3.27,94.47,65.87,Low,3.8,3.4,0,10.77,Medium,Quiet,Group Study,Rarely,5,Poor,6.97,Excellent,3.36,0.71,Rarely,10,Low,1,Dedicated,Moderate,2.88,Medium,11,93,71,58.85,9.63,72.05,C,Pass,Medium
STU_000362,15,Female,High School,Private,Upper-Middle,High School,Urban,44.13,1.65,98.55,65.45,Low,1.75,1.41,0,0.21,Medium,Quiet,Practice Tests,Rarely,2,Average,6.74,Good,4.68,0.46,Occasionally,10,Medium,1,Dedicated,Moderate,0.75,Hard,5,91,29,88.5,9.32,31.73,F,Fail,Low
STU_000363,15,Male,High School,Public,Upper-Middle,Doctorate,Rural,90.51,3.52,78.44,66.67,Low,2.25,1.44,0,6.5,Medium,Quiet,Summarizing,Daily,4,Average,7.47,Fair,4.47,1.02,Occasionally,10,Low,1,Dedicated,Low,0.43,Easy,28,93,70,86.79,10.0,77.15,B,Pass,Medium
STU_000364,19,Male,High School,Private,Middle,High School,Suburban,54.07,2.04,91.77,59.19,Low,2.01,1.27,0,5.44,High,Noisy,Group Study,Weekly,4,,5.5,Poor,3.9,1.24,Frequently,10,High,1,Dedicated,High,1.94,Medium,18,94,29,66.5,9.33,28.5,F,Fail,Low
STU_000365,16,Female,High School,Public,Lower-Middle,High School,Rural,63.2,1.99,100.0,79.0,High,3.09,1.92,0,0.06,High,Noisy,Summarizing,Weekly,6,,8.03,Excellent,4.86,0.49,Occasionally,6,High,1,Dedicated,Low,2.21,Hard,23,88,62,60.37,6.24,73.47,C,Pass,Medium
STU_000366,18,Male,High School,Public,Middle,Bachelor,Rural,66.86,2.57,83.57,70.08,Medium,2.89,2.21,1,0.19,Medium,Noisy,Group Study,Weekly,6,Average,5.35,Good,4.53,0.46,Occasionally,8,Medium,1,Dedicated,High,1.35,Medium,25,86,36,92.3,6.36,42.41,F,Fail,Low
STU_000367,14,Female,Undergraduate,Charter,Lower-Middle,High School,Urban,72.38,3.08,93.88,70.24,High,2.15,1.76,0,2.22,Low,Quiet,Flashcards,Weekly,8,Average,7.28,Fair,5.04,6.98,Occasionally,10,Medium,1,Dedicated,Low,0.92,Medium,26,85,51,85.03,9.09,60.44,D,Pass,Medium
STU_000368,17,Female,Undergraduate,Public,Middle,Bachelor,Urban,76.54,3.21,,61.82,Medium,1.03,0.57,1,1.23,High,Moderate,Flashcards,Daily,7,Average,6.13,Excellent,3.04,2.85,Occasionally,10,Medium,1,Dedicated,Low,2.78,Medium,29,91,54,,9.33,59.71,D,Pass,Low
STU_000369,14,Female,High School,Charter,Low,Associate,Rural,59.35,2.5,82.61,74.6,Medium,5.26,3.36,0,1.47,High,Moderate,Summarizing,Weekly,9,Average,7.22,Excellent,3.26,0.52,Occasionally,8,Medium,1,Dedicated,High,2.95,Medium,20,98,54,86.8,10.0,57.59,D,Pass,Low
STU_000370,17,Female,High School,Public,Low,High School,Suburban,79.95,3.42,85.94,75.1,High,1.51,0.82,1,1.07,High,Quiet,Practice Tests,Daily,6,Average,7.5,Good,6.13,0.45,Frequently,10,High,1,Dedicated,Low,4.93,Medium,29,91,66,63.02,10.0,69.17,C,Pass,Medium
STU_000371,14,Female,High School,Private,Low,Associate,Urban,76.02,3.07,78.9,65.94,Medium,2.43,1.98,0,0.34,Medium,Noisy,Flashcards,Weekly,5,Average,7.24,Good,5.38,3.79,Frequently,10,Medium,1,Dedicated,Moderate,2.69,Hard,16,95,57,77.05,8.85,56.91,D,Pass,Low
STU_000372,19,Female,High School,Public,Lower-Middle,High School,Rural,54.31,2.48,81.61,45.59,Low,1.25,0.7,0,0.34,Medium,Noisy,Self-Reading,Weekly,9,Average,6.98,Poor,6.14,0.29,Frequently,10,Medium,1,Shared,Low,0.54,Hard,11,97,37,70.4,10.0,40.53,F,Fail,Low
STU_000373,18,Male,Undergraduate,Private,High,Bachelor,Urban,59.33,2.38,79.7,62.73,High,0.78,0.64,1,0.19,Medium,Quiet,Self-Reading,Weekly,0,,7.76,Fair,5.79,1.83,Occasionally,10,Low,1,Shared,Moderate,0.01,Medium,21,89,45,81.37,10.0,51.67,D,Pass,Low
STU_000374,17,Male,Undergraduate,Public,Low,Master,Urban,74.0,2.65,,56.77,High,1.28,1.03,1,1.48,Medium,Moderate,Group Study,Daily,0,Average,6.0,Good,5.86,2.28,Rarely,8,High,1,Dedicated,Moderate,0.72,Hard,21,97,47,75.96,9.64,48.84,F,Fail,Low
STU_000375,20,Female,High School,Charter,Low,High School,Urban,66.8,,81.18,76.73,High,2.98,1.55,1,2.64,High,Quiet,Practice Tests,Rarely,3,Excellent,7.42,Fair,5.54,3.02,Occasionally,10,Medium,1,Dedicated,Moderate,11.0,Easy,29,89,57,71.1,7.16,63.36,D,Pass,Medium
STU_000376,16,Female,Undergraduate,Public,Upper-Middle,High School,Suburban,91.34,3.69,78.5,84.31,Low,3.91,2.66,0,0.22,Medium,Moderate,Practice Tests,Rarely,5,Average,6.97,Poor,6.68,1.89,Occasionally,9,High,1,Dedicated,Low,1.47,Easy,14,98,95,79.99,8.72,94.84,A,Pass,High
STU_000377,14,Female,High School,Public,High,Bachelor,Suburban,81.7,3.11,94.16,68.57,High,1.29,1.15,0,1.8,High,Moderate,Flashcards,Daily,7,,8.14,Poor,2.01,0.3,Occasionally,10,Low,0,Dedicated,Moderate,2.42,Easy,21,97,87,91.18,10.0,89.83,A,Pass,High
STU_000378,14,Female,High School,Public,Low,High School,Suburban,67.85,2.34,91.41,75.68,Medium,2.73,1.87,0,1.37,High,Noisy,Group Study,Weekly,7,Excellent,7.49,,5.25,3.56,Occasionally,10,Medium,0,Dedicated,Low,0.62,Easy,16,90,79,54.73,10.0,86.24,A,Pass,High
STU_000379,17,Female,High School,Private,Middle,Associate,Suburban,67.89,2.8,81.99,72.67,Medium,5.25,3.06,0,3.32,Medium,Moderate,Practice Tests,Weekly,6,Average,6.46,Fair,5.18,0.1,Occasionally,10,Low,1,Dedicated,Low,0.54,Medium,16,86,58,,8.71,69.87,C,Pass,Medium
STU_000380,16,Male,High School,Public,Middle,High School,Rural,68.04,,,81.83,Medium,3.92,2.37,0,5.78,Medium,Noisy,Group Study,Weekly,8,Excellent,9.11,Good,3.35,9.4,Occasionally,10,Medium,1,Dedicated,Moderate,0.41,Easy,8,92,60,,8.8,61.89,D,Pass,Medium
STU_000381,16,Male,High School,Private,Middle,Bachelor,Urban,61.67,2.41,72.68,75.83,Medium,5.99,4.74,1,0.38,Medium,Moderate,Flashcards,Rarely,9,,10.03,Poor,5.27,0.56,Rarely,9,Medium,1,Dedicated,Moderate,1.4,Medium,25,96,76,60.01,9.02,80.31,B,Pass,High
STU_000382,19,Female,Undergraduate,Private,Lower-Middle,Bachelor,Suburban,100.0,4.0,84.47,53.04,Low,1.99,1.68,0,0.65,Medium,Moderate,Summarizing,Rarely,7,Average,7.29,Fair,3.9,0.89,Frequently,8,Medium,1,Dedicated,Low,1.7,Hard,16,96,80,81.03,7.43,85.6,A,Pass,High
STU_000383,20,Male,Undergraduate,Public,Upper-Middle,Bachelor,Rural,82.91,3.58,77.14,60.04,High,2.49,1.44,0,1.37,High,Moderate,Summarizing,Rarely,8,Average,8.07,Fair,1.98,7.88,Occasionally,9,High,1,Dedicated,Low,0.09,Medium,6,91,75,77.13,8.68,81.62,B,Pass,High
STU_000384,19,Female,High School,Charter,Middle,High School,Urban,72.22,2.97,,69.81,Low,1.85,1.49,0,2.33,Medium,Noisy,Summarizing,Daily,5,Average,8.96,Excellent,4.2,1.72,Occasionally,10,Medium,1,Shared,Moderate,2.37,Medium,22,87,52,79.24,10.0,59.23,D,Pass,Low
STU_000385,19,Female,Undergraduate,Private,Lower-Middle,Master,Urban,67.45,2.79,87.83,58.55,Low,1.72,1.19,0,5.57,Medium,Quiet,Summarizing,Weekly,6,Average,8.07,Good,3.28,0.64,Rarely,8,High,1,Shared,Low,0.24,Hard,25,90,50,80.14,5.95,56.46,D,Pass,Low
STU_000386,19,Female,High School,Public,Upper-Middle,Bachelor,Urban,49.38,,87.51,84.22,Low,6.81,5.3,0,1.29,High,Quiet,Self-Reading,Daily,12,Average,7.32,Good,1.9,4.8,Frequently,10,Medium,1,Dedicated,Low,1.94,Medium,12,98,74,78.02,10.0,77.63,B,Pass,Medium
STU_000387,19,Female,Undergraduate,Private,Low,Bachelor,Suburban,73.96,3.11,91.1,68.91,Low,0.5,0.38,0,1.12,High,Moderate,Summarizing,Weekly,1,Excellent,5.76,Fair,4.14,7.19,Occasionally,10,High,1,Dedicated,Low,2.16,Easy,3,89,31,61.1,8.94,36.06,F,Fail,Low
STU_000388,19,Female,High School,Charter,Middle,Associate,Urban,65.56,2.62,82.52,60.17,Low,3.89,2.85,0,2.06,Medium,Quiet,Flashcards,Daily,3,Average,7.59,Fair,3.71,0.18,Occasionally,10,Medium,1,Shared,Low,2.09,Hard,22,99,47,95.32,10.0,50.32,D,Pass,Low
STU_000389,18,Female,High School,Private,Middle,Associate,Rural,81.23,,,64.64,Medium,0.85,0.47,1,1.47,Medium,Noisy,Summarizing,Rarely,3,Excellent,7.2,Fair,3.86,2.51,Occasionally,9,Medium,1,Dedicated,Moderate,2.12,Easy,18,92,70,61.36,7.56,75.8,B,Pass,Medium
STU_000390,16,Female,High School,Public,Upper-Middle,Master,Suburban,62.53,2.23,82.29,67.74,Medium,4.19,2.47,0,0.39,Low,Moderate,Group Study,Daily,5,Excellent,7.75,Excellent,5.72,4.07,Frequently,10,Medium,1,Dedicated,Low,1.14,Hard,24,97,48,71.49,10.0,52.83,D,Pass,Low
STU_000391,19,Female,High School,Public,High,Doctorate,Suburban,48.5,2.19,81.46,58.61,Medium,3.67,2.93,0,0.99,High,Noisy,Summarizing,Daily,7,Excellent,6.81,Good,4.59,1.52,Occasionally,10,Medium,1,Dedicated,Low,5.83,Easy,2,94,52,67.42,10.0,54.32,D,Pass,Low
STU_000392,16,Male,Undergraduate,Public,Low,Master,Urban,65.75,2.53,90.73,58.53,Low,1.77,1.44,0,0.16,Low,Quiet,Self-Reading,Daily,7,Average,8.88,Good,4.77,1.88,Rarely,10,High,1,None,High,1.91,Medium,7,99,72,100.0,8.99,73.11,C,Pass,Medium
STU_000393,16,Male,High School,Charter,Middle,Associate,Urban,66.54,2.74,81.37,50.72,Medium,2.21,1.29,0,3.81,Medium,Moderate,Practice Tests,Daily,4,Excellent,5.09,Fair,1.53,3.29,Rarely,10,Medium,1,Dedicated,Moderate,2.77,Hard,10,98,39,84.2,9.79,38.96,F,Fail,Low
STU_000394,15,Female,High School,Private,Upper-Middle,High School,Rural,78.11,3.08,97.16,95.1,Medium,2.62,2.16,0,1.58,Medium,Moderate,Summarizing,Weekly,5,,7.15,Excellent,1.47,0.58,Occasionally,10,Medium,1,Dedicated,Low,2.35,Medium,10,90,60,53.99,7.4,68.82,C,Pass,Medium
STU_000395,18,Male,High School,Public,High,Bachelor,Suburban,63.93,2.88,80.62,55.76,Low,1.94,1.51,0,0.19,Medium,Quiet,Practice Tests,Daily,6,Average,8.76,Fair,5.78,2.33,Rarely,7,Medium,1,Dedicated,Low,3.45,Hard,29,92,52,85.3,8.47,55.09,D,Pass,Low
STU_000396,19,Male,Undergraduate,Public,Lower-Middle,High School,Suburban,76.69,2.81,76.84,83.7,High,2.92,2.63,1,2.36,Medium,Moderate,Practice Tests,Weekly,7,,7.18,Good,5.42,1.02,Occasionally,10,High,1,Shared,Moderate,1.91,Medium,24,100,86,100.0,9.2,88.63,A,Pass,High
STU_000397,14,Male,High School,Public,High,Bachelor,Urban,73.42,2.94,,64.15,Medium,1.69,1.01,0,0.07,High,Noisy,Practice Tests,Weekly,5,Average,9.47,Good,7.48,0.38,Occasionally,10,High,1,Dedicated,Moderate,1.65,Hard,29,92,59,69.48,8.56,64.48,D,Pass,Medium
STU_000398,17,Male,High School,Public,Upper-Middle,High School,Rural,66.85,2.47,90.4,94.9,High,1.45,1.0,0,0.34,Medium,Moderate,Flashcards,Daily,2,Average,5.26,Excellent,3.71,0.94,Frequently,10,High,1,Dedicated,Moderate,1.25,Easy,20,85,47,82.77,10.0,56.34,D,Pass,Low
STU_000399,20,Male,Undergraduate,Public,High,High School,Suburban,59.12,2.45,85.1,69.7,High,2.7,2.02,1,3.17,Medium,Quiet,Summarizing,Rarely,5,Average,5.81,Good,5.04,2.32,Rarely,10,Medium,1,Shared,Low,4.12,Hard,5,85,47,84.32,8.29,53.8,D,Pass,Low
STU_000400,14,Female,High School,Public,Lower-Middle,Bachelor,Suburban,60.58,2.23,73.28,71.64,Medium,6.07,3.72,0,2.05,Medium,Moderate,Practice Tests,Daily,6,Poor,6.09,Good,5.14,4.51,Rarely,10,Medium,0,Shared,Low,0.7,Easy,6,97,56,65.48,10.0,58.9,D,Pass,Low
STU_000401,18,Female,High School,Public,Middle,Associate,Rural,78.44,2.9,68.49,59.56,High,2.63,1.35,0,3.09,Low,Quiet,Flashcards,Rarely,4,,6.41,Poor,4.13,0.55,Occasionally,9,High,0,Dedicated,Moderate,3.65,Easy,14,90,52,76.34,9.35,58.67,D,Pass,Low
STU_000402,17,Male,Undergraduate,Public,Lower-Middle,Associate,Urban,64.85,2.52,,45.9,Low,1.56,1.19,0,1.14,Medium,Quiet,Flashcards,Weekly,9,Excellent,6.92,Fair,2.21,8.89,Frequently,10,High,1,Dedicated,Moderate,1.45,Medium,9,96,50,74.1,7.85,52.56,D,Pass,Low
STU_000403,18,Female,Undergraduate,Private,Lower-Middle,Master,Urban,62.87,2.65,74.75,45.51,Medium,2.59,1.86,1,3.47,Medium,Quiet,Flashcards,Weekly,6,Poor,5.78,Fair,4.44,1.36,Occasionally,10,High,1,Dedicated,High,3.72,Easy,19,92,59,96.59,9.83,62.2,D,Pass,Medium
STU_000404,16,Male,Undergraduate,Public,Middle,Master,Urban,78.2,3.08,81.64,59.94,Low,6.22,4.42,0,0.66,Medium,Quiet,Practice Tests,Weekly,6,Poor,7.33,Good,3.28,0.87,Occasionally,8,High,1,Dedicated,Low,1.98,Easy,7,88,79,82.62,10.0,88.93,A,Pass,High
STU_000405,17,Male,High School,Private,Middle,High School,Urban,57.23,2.46,70.28,73.67,High,8.1,5.71,1,6.44,High,Quiet,Flashcards,Weekly,7,,7.1,Poor,3.75,1.09,Frequently,10,High,1,Shared,Moderate,4.51,Hard,11,92,47,85.89,8.19,50.95,D,Pass,Low
STU_000406,16,Female,High School,Charter,Middle,Master,Urban,82.31,,89.99,75.37,Low,5.38,3.33,0,5.74,High,Quiet,Group Study,Weekly,9,Poor,7.25,Good,6.65,0.24,Occasionally,10,Medium,1,Shared,Moderate,1.18,Medium,9,94,65,66.25,9.87,69.84,C,Pass,Medium
STU_000407,14,Female,Undergraduate,Private,High,Bachelor,Urban,90.93,3.59,94.04,66.65,Low,2.01,1.53,1,3.57,Medium,Quiet,Self-Reading,Daily,7,Average,6.99,,5.86,1.58,Rarely,10,High,1,Dedicated,High,11.18,Medium,9,99,85,79.15,10.0,83.64,B,Pass,High
STU_000408,14,Female,High School,Private,Middle,High School,Rural,90.16,3.68,87.93,65.91,Medium,4.45,3.94,1,7.98,Medium,Moderate,Summarizing,Weekly,8,,7.05,Good,5.21,2.48,Rarely,10,Low,0,Dedicated,Low,0.58,Hard,5,88,66,75.25,10.0,72.41,C,Pass,Medium
STU_000409,17,Female,Undergraduate,Public,Middle,Bachelor,Suburban,77.07,2.96,84.72,60.91,Low,1.4,0.73,0,1.08,Low,Noisy,Summarizing,Weekly,4,,6.15,Poor,1.0,5.83,Occasionally,9,Medium,0,Dedicated,Low,0.0,Easy,17,98,56,75.9,9.38,57.04,D,Pass,Low
STU_000410,17,Female,Undergraduate,Private,Low,Bachelor,Urban,68.91,2.7,83.67,63.26,Medium,1.93,1.61,0,0.02,Medium,Moderate,Practice Tests,Daily,4,Poor,7.81,Poor,4.18,1.21,Rarely,10,Medium,1,Shared,Moderate,0.37,Medium,28,92,62,100.0,10.0,65.38,C,Pass,Medium
STU_000411,19,Female,High School,Charter,Low,Associate,Suburban,71.88,2.7,91.73,55.25,High,1.51,1.19,0,2.26,High,Noisy,Group Study,Rarely,4,Average,4.79,Excellent,8.1,1.23,Rarely,10,High,1,Dedicated,Low,0.66,Easy,13,85,45,87.49,10.0,51.01,D,Pass,Low
STU_000412,18,Male,High School,Public,Low,Master,Urban,56.52,2.62,82.74,80.58,High,3.52,2.5,0,1.88,Low,Quiet,Group Study,Weekly,8,Excellent,9.44,Poor,4.49,0.61,Occasionally,10,Medium,1,None,High,0.79,Easy,24,96,76,100.0,10.0,79.8,B,Pass,Medium
STU_000413,19,Male,Undergraduate,Public,Low,Bachelor,Rural,69.29,2.89,86.82,69.9,Medium,2.76,2.41,0,2.7,Medium,Quiet,Self-Reading,Weekly,2,Average,8.15,Good,5.78,1.37,Frequently,10,Low,1,Dedicated,Low,1.75,Medium,21,91,73,100.0,8.96,80.82,B,Pass,High
STU_000414,18,Female,Undergraduate,Private,High,Associate,Rural,89.17,3.5,84.69,71.63,High,1.96,1.52,1,3.34,High,Quiet,Group Study,Weekly,1,Excellent,5.21,Good,5.0,1.24,Occasionally,9,Medium,1,Dedicated,Moderate,3.26,Hard,25,90,54,74.28,7.08,62.53,D,Pass,Medium
STU_000415,19,Female,High School,Public,Upper-Middle,Bachelor,Rural,58.5,2.52,83.85,64.09,Medium,0.62,0.5,0,1.3,High,Moderate,Summarizing,Weekly,12,Excellent,9.17,Fair,1.96,4.11,Rarely,10,High,1,None,Moderate,3.02,Medium,2,87,42,72.54,10.0,50.11,D,Pass,Low
STU_000416,16,Female,Undergraduate,Private,Lower-Middle,Bachelor,Urban,49.28,1.91,78.29,65.07,Medium,4.34,2.68,0,2.85,Medium,Moderate,Summarizing,Weekly,6,Excellent,6.46,Excellent,6.16,5.38,Occasionally,9,Low,0,Shared,Moderate,3.75,Hard,7,96,36,,10.0,38.82,F,Fail,Low
STU_000417,17,Male,High School,Private,Upper-Middle,Doctorate,Urban,68.06,2.56,100.0,69.12,Medium,1.26,0.7,0,11.98,Medium,Moderate,Self-Reading,Weekly,4,Poor,5.58,Fair,3.86,3.12,Occasionally,10,Medium,1,Shared,Low,9.69,Medium,13,97,49,68.71,10.0,54.67,D,Pass,Low
STU_000418,14,Female,High School,Private,High,Master,Urban,73.59,3.02,78.01,57.1,Low,1.43,0.81,0,1.12,High,Noisy,Group Study,Weekly,7,Average,7.7,Fair,5.76,1.76,Frequently,10,High,1,Dedicated,High,6.31,Medium,22,90,60,,8.83,67.54,C,Pass,Medium
STU_000419,18,Male,High School,Public,Lower-Middle,Associate,Rural,69.05,2.77,85.84,74.55,Low,7.04,5.64,0,1.87,Medium,Quiet,Summarizing,Weekly,4,Average,6.74,Poor,4.24,6.57,Occasionally,10,Medium,1,None,Moderate,4.31,Medium,14,89,60,98.04,9.61,65.4,C,Pass,Medium
STU_000420,18,Female,High School,Private,Middle,Associate,Urban,92.11,3.8,86.87,68.22,Medium,3.88,2.34,0,7.7,Medium,Moderate,Self-Reading,Weekly,3,Poor,6.53,Good,4.65,1.43,Rarely,10,High,1,Dedicated,Low,3.2,Hard,29,89,67,73.95,9.13,76.12,B,Pass,Medium
STU_000421,14,Male,High School,Public,Lower-Middle,High School,Suburban,68.03,2.43,75.14,59.42,Low,0.71,0.38,1,2.18,Low,Quiet,Flashcards,Weekly,5,Excellent,6.68,Good,2.58,3.5,Occasionally,10,High,0,Shared,Moderate,0.9,Hard,18,94,38,59.38,10.0,41.62,F,Fail,Low
STU_000422,19,Male,High School,Public,Middle,Bachelor,Urban,69.5,2.75,78.59,86.75,Medium,7.01,3.88,1,0.22,Medium,Quiet,Flashcards,Weekly,16,Average,7.44,Fair,6.08,1.73,Rarely,7,High,1,Dedicated,High,7.03,Medium,17,85,77,99.32,4.99,92.34,A,Pass,High
STU_000423,18,Male,Undergraduate,Private,Upper-Middle,High School,Urban,63.07,2.59,89.56,78.2,High,1.98,1.68,1,3.06,Medium,Moderate,Practice Tests,Daily,3,,5.35,Good,3.17,0.48,Rarely,10,Medium,1,Dedicated,Moderate,1.76,Hard,21,93,37,79.32,8.77,39.21,F,Fail,Low
STU_000424,20,Female,Undergraduate,Private,Lower-Middle,Master,Urban,80.49,3.29,,78.39,High,1.42,0.81,0,6.6,Medium,Quiet,Summarizing,Weekly,6,Poor,6.6,Excellent,4.59,11.88,Occasionally,10,High,1,Shared,High,0.99,Medium,10,88,64,100.0,9.32,71.59,C,Pass,Medium
STU_000425,16,Female,High School,Private,Middle,,Rural,82.86,3.26,94.48,79.94,Medium,1.75,1.1,1,0.79,Medium,Quiet,Self-Reading,Daily,4,Poor,6.5,Fair,4.32,0.5,Occasionally,10,Medium,1,Dedicated,Moderate,6.08,Medium,9,86,73,90.32,8.71,84.78,B,Pass,High
STU_000426,17,Male,High School,Charter,Middle,Associate,Suburban,60.18,2.34,100.0,71.73,Medium,3.4,2.56,1,0.91,Low,Quiet,Practice Tests,Rarely,1,Average,5.72,,5.25,5.14,Rarely,10,High,1,Shared,Moderate,0.01,Easy,27,86,61,69.7,10.0,68.69,C,Pass,Medium
STU_000427,14,Male,High School,Public,Middle,,Urban,53.93,2.05,86.14,59.2,Low,2.55,1.58,0,0.55,Medium,Quiet,Practice Tests,Weekly,3,Average,6.34,,4.86,0.85,Occasionally,7,Medium,0,Shared,Low,2.23,Easy,24,98,68,62.64,7.25,66.52,C,Pass,Medium
STU_000428,17,Female,High School,Private,Low,High School,Suburban,77.26,3.5,74.99,55.37,Low,2.51,1.82,1,1.33,Medium,Moderate,Summarizing,Weekly,3,Average,4.63,Excellent,7.5,8.29,Occasionally,10,Medium,1,Shared,Low,3.97,Easy,1,91,43,73.18,8.37,45.69,F,Fail,Low
STU_000429,20,Female,Undergraduate,Private,Low,Bachelor,Urban,42.29,1.7,76.25,68.68,Low,2.68,1.8,0,1.99,Medium,Moderate,Self-Reading,Weekly,6,Average,8.43,Good,1.0,2.68,Occasionally,10,High,0,Dedicated,Moderate,0.41,Medium,16,87,43,94.53,9.54,47.01,F,Fail,Low
STU_000430,18,Male,High School,Private,Upper-Middle,Associate,Suburban,77.11,3.33,100.0,77.1,Medium,4.32,2.5,0,0.51,Low,Moderate,Summarizing,Rarely,5,Excellent,7.49,Fair,3.97,6.12,Frequently,8,Low,1,Shared,Low,1.52,Hard,11,95,73,93.7,7.93,77.39,B,Pass,Medium
STU_000431,18,Male,Undergraduate,Public,Middle,High School,Urban,60.73,2.7,74.36,59.23,High,1.95,1.55,0,1.46,Low,Noisy,Flashcards,Weekly,7,Average,8.02,Good,4.49,0.16,Rarely,9,Medium,1,Shared,Moderate,0.06,Medium,5,93,51,91.86,8.99,54.86,D,Pass,Low
STU_000432,20,Female,Undergraduate,Private,Middle,High School,Urban,60.54,2.46,87.85,60.31,Low,2.64,1.59,1,1.42,Medium,Moderate,Practice Tests,Weekly,5,Excellent,8.1,Fair,4.62,0.57,Occasionally,10,Low,1,Dedicated,Low,0.59,Medium,10,96,55,76.12,9.94,59.02,D,Pass,Low
STU_000433,14,Female,High School,Public,Lower-Middle,Bachelor,Rural,55.76,2.31,89.48,55.33,Medium,1.89,1.18,0,10.57,Low,Moderate,Practice Tests,Weekly,6,Average,6.08,Fair,5.45,3.87,Frequently,10,Medium,1,Dedicated,Moderate,1.1,Medium,20,100,49,82.24,7.64,48.34,F,Fail,Low
STU_000434,16,Female,High School,Private,Upper-Middle,High School,Urban,53.9,2.08,91.85,69.55,Medium,4.31,2.17,0,5.98,Low,Quiet,Self-Reading,Rarely,2,Excellent,8.86,Fair,4.01,0.39,Rarely,10,Medium,1,Shared,Moderate,2.98,Medium,9,92,49,77.67,10.0,52.5,D,Pass,Low
STU_000435,15,Male,High School,Private,Upper-Middle,Associate,Urban,81.49,3.23,,69.51,Low,1.68,1.25,0,1.87,High,Moderate,Flashcards,Weekly,6,,7.56,Poor,5.96,0.27,Frequently,10,High,0,Dedicated,Moderate,11.18,Medium,20,98,65,94.95,10.0,68.3,C,Pass,Medium
STU_000436,14,Female,High School,Private,Upper-Middle,Master,Suburban,80.31,3.24,76.87,55.19,High,1.77,1.39,1,1.3,Medium,Moderate,Flashcards,Weekly,4,Poor,6.14,Good,4.81,1.58,Frequently,10,High,1,Dedicated,Moderate,7.3,Hard,15,100,42,60.66,10.0,43.86,F,Fail,Low
STU_000437,15,Other,High School,Public,Upper-Middle,High School,Suburban,76.55,3.25,90.38,60.37,Medium,2.09,1.16,1,0.12,Medium,Quiet,Group Study,Rarely,5,Average,6.89,Poor,6.01,0.18,Frequently,10,High,1,Dedicated,Moderate,1.45,Easy,27,100,88,95.43,8.24,87.96,A,Pass,High
STU_000438,20,Female,High School,Charter,Low,Associate,Rural,77.23,,79.9,57.46,High,0.76,0.49,0,7.24,Medium,Noisy,Flashcards,Rarely,5,Average,6.57,Fair,3.41,0.11,Frequently,10,Low,1,Dedicated,Low,0.17,Easy,14,95,64,69.9,7.81,68.43,C,Pass,Medium
STU_000439,19,Male,High School,Private,High,Master,Rural,57.96,2.11,87.18,63.87,Medium,2.18,1.69,0,1.34,Low,Noisy,Summarizing,Weekly,4,Excellent,6.81,Good,4.76,2.67,Frequently,10,Medium,1,Dedicated,Moderate,4.38,Easy,30,96,55,77.49,9.99,58.04,D,Pass,Low
STU_000440,15,Female,Undergraduate,Public,Middle,Master,Suburban,79.29,3.37,87.9,74.72,High,4.87,4.28,0,1.68,Medium,Moderate,Self-Reading,Rarely,5,Average,7.6,Fair,5.65,0.65,Frequently,8,Medium,1,Dedicated,Moderate,3.23,Medium,17,100,86,51.41,5.66,84.26,B,Pass,High
STU_000441,16,Female,High School,Charter,Lower-Middle,Bachelor,Urban,72.17,2.97,82.7,52.63,Low,1.71,1.35,0,2.19,Medium,Quiet,Self-Reading,Weekly,2,Poor,7.5,Fair,3.23,1.27,Occasionally,10,Low,1,Dedicated,Moderate,0.15,Hard,30,86,29,89.66,10.0,34.16,F,Fail,Low
STU_000442,19,Female,Undergraduate,Private,High,Master,Urban,61.71,2.51,80.03,73.58,Medium,2.24,1.91,1,5.55,Medium,Quiet,Flashcards,Weekly,6,,6.6,Fair,5.59,7.05,Occasionally,10,Medium,1,Dedicated,Moderate,1.32,Hard,30,91,38,55.26,9.63,41.45,F,Fail,Low
STU_000443,15,Male,High School,Private,Middle,High School,Rural,76.25,3.1,72.71,70.03,Medium,2.71,1.45,0,1.32,Medium,Noisy,Summarizing,Weekly,8,Average,7.43,Good,4.96,1.09,Frequently,10,Medium,1,Shared,Moderate,1.38,Medium,12,92,64,93.19,8.82,71.07,C,Pass,Medium
STU_000444,20,Female,High School,Public,Upper-Middle,,Rural,57.99,2.32,92.79,81.44,High,3.1,1.62,0,0.35,Low,Moderate,Group Study,Weekly,8,Poor,6.84,Fair,8.3,0.45,Rarely,10,Medium,1,Dedicated,Low,12.62,Medium,27,91,60,94.33,8.89,70.19,C,Pass,Medium
STU_000445,19,Female,Undergraduate,Private,Low,Associate,Suburban,54.7,2.21,74.22,56.91,Medium,2.66,1.68,0,2.17,Medium,Moderate,Summarizing,Rarely,7,Excellent,6.22,Fair,9.0,1.59,Occasionally,10,High,0,Shared,High,7.03,Easy,19,95,55,80.66,10.0,58.63,D,Pass,Low
STU_000446,20,Female,High School,Public,Middle,High School,Suburban,60.28,2.55,89.73,55.29,Medium,1.81,1.08,0,1.48,Low,Quiet,Practice Tests,Daily,4,Average,6.14,Poor,6.88,7.82,Occasionally,10,Medium,1,Dedicated,Moderate,2.64,Hard,10,87,36,59.24,8.07,41.76,F,Fail,Low
STU_000447,15,Female,High School,Public,Low,Bachelor,Rural,72.07,2.84,72.49,46.85,Low,1.42,0.85,0,0.61,Medium,Quiet,Group Study,Weekly,3,Average,7.76,Excellent,4.02,3.28,Frequently,8,High,1,Dedicated,High,2.82,Hard,30,95,47,99.45,9.93,49.65,F,Fail,Low
STU_000448,20,Female,Undergraduate,Charter,Upper-Middle,High School,Urban,61.4,2.64,93.15,71.34,High,3.03,2.7,0,0.68,High,Moderate,Group Study,Daily,7,Average,8.21,Excellent,5.46,1.68,Occasionally,10,Low,1,Shared,Moderate,3.16,Medium,16,88,75,89.8,9.0,82.29,B,Pass,High
STU_000449,16,Male,Undergraduate,Private,Upper-Middle,Bachelor,Urban,79.88,3.06,,67.87,Low,1.06,0.83,0,1.64,Low,Noisy,Flashcards,Weekly,3,Excellent,8.46,Fair,1.06,0.95,Occasionally,10,Medium,1,Dedicated,Moderate,6.75,Medium,14,91,52,81.83,9.28,57.44,D,Pass,Low
STU_000450,15,Male,Undergraduate,Public,Lower-Middle,High School,Urban,72.03,,85.63,75.29,Low,4.81,4.13,0,4.44,High,Quiet,Flashcards,Weekly,10,Average,8.23,Fair,3.21,0.28,Rarely,10,Low,1,Shared,Low,0.33,Easy,15,98,88,86.94,7.79,90.32,A,Pass,High
STU_000451,15,Female,High School,Private,Low,Bachelor,Suburban,46.54,2.25,69.88,53.56,Medium,2.92,2.47,0,1.2,Medium,Quiet,Group Study,Weekly,6,Poor,7.17,,6.04,0.74,Occasionally,10,Low,1,Dedicated,Low,3.7,Hard,21,86,25,69.45,9.81,29.07,F,Fail,Low
STU_000452,15,Female,Undergraduate,Charter,Upper-Middle,High School,Suburban,64.47,2.59,,77.72,High,2.52,1.95,1,3.31,High,Quiet,Summarizing,Daily,3,Average,4.49,Fair,6.95,7.88,Occasionally,10,High,1,Shared,Moderate,0.41,Easy,29,98,59,51.69,10.0,61.19,D,Pass,Medium
STU_000453,14,Male,Undergraduate,Private,Middle,Master,Urban,68.68,2.66,,67.97,Low,1.9,1.43,1,0.94,High,Quiet,Summarizing,Daily,7,Excellent,7.82,Good,3.3,1.79,Occasionally,10,Medium,1,Dedicated,Moderate,0.33,Hard,18,98,71,100.0,10.0,74.44,C,Pass,Medium
STU_000454,14,Male,High School,Private,Middle,High School,Urban,54.7,2.13,,58.53,Medium,3.32,1.92,1,4.79,Medium,Quiet,Self-Reading,Daily,4,Average,7.91,Excellent,4.73,3.6,Occasionally,10,Medium,1,Dedicated,Low,0.73,Medium,8,100,47,92.78,7.53,46.09,F,Fail,Low
STU_000455,14,Female,Undergraduate,Private,High,Doctorate,Suburban,67.92,2.91,,73.0,High,0.97,0.56,0,0.37,Medium,Quiet,Summarizing,Weekly,2,Average,6.27,Fair,2.5,1.32,Rarely,9,Medium,0,Shared,Moderate,8.28,Medium,25,87,44,79.46,9.4,52.1,D,Pass,Low
STU_000456,16,Male,High School,Private,Middle,Bachelor,Urban,50.11,2.25,98.55,71.71,Medium,1.07,0.78,0,0.57,Medium,Quiet,Flashcards,Daily,3,Excellent,6.97,Good,6.43,2.0,Occasionally,10,High,1,Shared,Moderate,3.89,Hard,18,88,39,83.46,7.68,41.01,F,Fail,Low
STU_000457,19,Female,High School,Private,Upper-Middle,Associate,Urban,56.06,2.1,77.97,55.39,Medium,2.25,1.94,0,2.38,Low,Quiet,Flashcards,Daily,2,Average,6.21,Good,3.04,0.65,Rarely,10,High,1,Shared,Low,0.18,Medium,1,98,29,84.11,10.0,28.55,F,Fail,Low
STU_000458,20,Female,High School,Charter,Middle,Associate,Suburban,73.23,3.04,88.84,80.64,Medium,3.64,2.86,0,0.1,Medium,Noisy,Practice Tests,Weekly,8,Average,6.52,Fair,2.04,3.02,Rarely,10,High,1,Dedicated,High,5.31,Medium,12,97,73,87.16,10.0,75.32,B,Pass,Medium
STU_000459,18,Female,High School,Public,Lower-Middle,Doctorate,Urban,72.99,3.1,85.9,55.38,Medium,2.52,1.93,1,0.82,Medium,Quiet,Practice Tests,Rarely,6,Poor,8.89,Good,6.02,0.57,Occasionally,9,Medium,0,Dedicated,Low,1.22,Easy,7,99,62,79.87,10.0,62.4,D,Pass,Medium
STU_000460,15,Male,Undergraduate,Public,Lower-Middle,Bachelor,Suburban,67.67,2.63,91.8,70.87,High,1.09,0.94,0,0.87,Medium,Quiet,Flashcards,Daily,3,Average,6.71,Fair,3.79,1.35,Frequently,10,High,0,Dedicated,High,4.83,Easy,17,95,60,,10.0,64.28,D,Pass,Medium
STU_000461,20,Female,Undergraduate,Public,Upper-Middle,High School,Urban,79.65,3.35,90.91,66.1,Medium,1.65,1.08,0,0.54,Medium,Quiet,Group Study,Daily,4,Average,7.11,Good,4.61,3.92,Occasionally,10,Low,1,Shared,High,0.03,Medium,17,94,61,70.86,9.19,61.41,D,Pass,Medium
STU_000462,15,Male,High School,Public,Lower-Middle,Bachelor,Suburban,69.91,2.57,72.75,67.53,Low,4.5,3.87,1,0.61,High,Quiet,Flashcards,Weekly,6,Poor,5.81,,2.69,1.92,Occasionally,10,Medium,1,Shared,Low,0.53,Hard,18,89,56,100.0,8.01,63.28,D,Pass,Medium
STU_000463,16,Male,High School,Public,High,High School,Urban,54.0,,85.94,84.59,High,5.31,4.68,0,1.16,High,Quiet,Group Study,Weekly,5,Poor,7.32,Fair,5.1,3.23,Occasionally,10,High,1,Dedicated,Low,6.38,Hard,27,95,56,72.26,4.36,58.66,D,Pass,Low
STU_000464,15,Female,High School,Public,Middle,Bachelor,Rural,60.56,2.45,82.65,58.12,Medium,2.22,1.14,0,2.76,Medium,Moderate,Flashcards,Weekly,4,Average,5.62,Excellent,5.87,0.59,Occasionally,10,Medium,1,Dedicated,Low,7.35,Easy,8,87,47,57.15,8.44,55.32,D,Pass,Low
STU_000465,14,Male,Undergraduate,Public,Upper-Middle,Associate,Suburban,77.41,3.1,79.78,78.84,Medium,4.67,3.92,0,3.3,Medium,Quiet,Flashcards,Daily,9,Excellent,7.35,Poor,5.02,4.1,Occasionally,10,Medium,1,Dedicated,High,7.31,Medium,27,92,71,86.56,8.6,76.16,B,Pass,Medium
STU_000466,18,Female,High School,Charter,Middle,Bachelor,Urban,54.15,2.2,,77.32,Low,1.14,0.95,0,1.52,Low,Quiet,Summarizing,Weekly,3,,7.14,Poor,3.89,0.42,Occasionally,10,High,1,Dedicated,Moderate,5.05,Easy,21,94,50,91.5,8.06,52.6,D,Pass,Low
STU_000467,17,Male,High School,Private,Middle,Doctorate,Urban,66.84,2.58,84.28,59.02,Medium,2.29,1.32,1,3.1,High,Quiet,Summarizing,Rarely,7,Average,5.79,Fair,4.32,2.45,Occasionally,10,Medium,1,Dedicated,High,0.45,Medium,23,91,37,80.6,10.0,40.6,F,Fail,Low
STU_000468,15,Male,Undergraduate,Private,Lower-Middle,Associate,Urban,62.3,2.6,72.02,54.85,Low,1.92,1.7,1,7.63,Medium,Quiet,Flashcards,Weekly,6,Poor,7.31,Fair,4.17,5.67,Occasionally,10,Medium,1,Dedicated,High,4.95,Hard,11,94,39,,8.1,40.88,F,Fail,Low
STU_000469,20,Male,High School,Private,High,Master,Urban,51.46,2.21,83.79,60.62,Low,2.29,1.32,1,1.65,Low,Quiet,Practice Tests,Daily,3,Average,9.25,Good,8.08,0.6,Rarely,8,Medium,1,Dedicated,Moderate,1.78,Medium,5,97,34,100.0,8.41,36.3,F,Fail,Low
STU_000470,14,Female,High School,Private,Middle,Master,Suburban,65.08,2.49,78.79,65.31,Low,1.2,0.97,1,2.96,Medium,Quiet,Flashcards,Daily,8,Poor,7.81,Good,1.0,2.05,Occasionally,10,Medium,1,Dedicated,High,0.62,Medium,28,93,53,58.9,8.76,58.42,D,Pass,Low
STU_000471,17,Male,Undergraduate,Public,Middle,Doctorate,Urban,63.73,2.64,83.94,71.47,Medium,1.36,0.68,0,1.23,Low,Moderate,Self-Reading,Weekly,9,Poor,8.08,Fair,4.34,3.33,Rarely,10,Medium,1,Dedicated,Low,1.73,Easy,22,99,74,,8.29,74.5,C,Pass,Medium
STU_000472,18,Female,Undergraduate,Private,High,Associate,Suburban,51.8,1.97,92.37,70.02,High,4.59,3.79,0,1.15,Medium,Moderate,Group Study,Daily,7,Excellent,7.15,Poor,3.86,1.37,Occasionally,10,Medium,1,Shared,Moderate,1.46,Hard,22,100,59,69.44,10.0,60.18,D,Pass,Medium
STU_000473,17,Female,High School,Public,Lower-Middle,Associate,Rural,66.15,,68.92,45.54,Medium,3.07,2.36,0,0.35,High,Moderate,Practice Tests,Weekly,8,Average,6.18,Good,6.0,0.04,Frequently,9,High,1,None,Low,0.26,Easy,20,90,69,76.35,9.3,77.28,B,Pass,Medium
STU_000474,14,Other,High School,Charter,Middle,High School,Rural,77.78,3.0,84.76,76.29,Medium,1.5,1.0,0,1.99,Low,Moderate,Group Study,Weekly,8,Poor,5.67,Good,5.83,0.32,Rarely,10,High,1,Dedicated,Low,2.6,Hard,15,87,43,72.11,10.0,49.42,F,Fail,Low
STU_000475,19,Female,Undergraduate,Public,Middle,Associate,Urban,69.97,2.68,77.54,59.64,Low,3.53,3.16,0,1.11,High,Noisy,Practice Tests,Daily,7,Poor,8.9,Fair,4.75,1.13,Frequently,10,High,1,Dedicated,Moderate,10.66,Medium,30,97,60,64.5,10.0,63.45,D,Pass,Medium
STU_000476,19,Male,High School,Private,Low,Bachelor,Suburban,81.1,3.22,88.15,54.68,Low,0.94,0.83,0,4.3,Medium,Quiet,Practice Tests,Weekly,1,Average,5.92,Poor,4.68,3.25,Occasionally,10,Medium,1,Shared,Moderate,1.46,Hard,18,91,29,55.36,9.1,32.86,F,Fail,Low
STU_000477,17,Female,High School,Public,High,High School,Urban,77.4,3.11,93.84,65.26,Medium,3.19,1.83,0,0.24,Medium,Quiet,Flashcards,Weekly,2,Average,7.5,Fair,6.19,3.96,Rarely,7,High,1,Shared,Moderate,2.58,Medium,12,99,68,83.99,8.34,69.28,C,Pass,Medium
STU_000478,16,Male,High School,Public,Upper-Middle,Bachelor,Urban,76.19,3.07,69.66,48.58,Medium,2.7,1.72,0,0.27,Medium,Quiet,Summarizing,Rarely,4,Excellent,6.89,Good,5.71,4.67,Occasionally,10,Low,1,Shared,Moderate,0.8,Medium,17,87,45,72.43,10.0,51.15,D,Pass,Low
STU_000479,20,Female,Undergraduate,Public,Lower-Middle,High School,Suburban,81.23,3.21,95.02,62.9,Low,2.65,1.85,0,0.23,Low,Moderate,Flashcards,Rarely,4,Average,6.2,Poor,5.13,1.08,Occasionally,10,Medium,0,Dedicated,High,0.01,Medium,8,85,52,70.26,10.0,62.89,D,Pass,Medium
STU_000480,20,Male,High School,Private,Lower-Middle,Bachelor,Urban,75.78,3.14,88.51,62.29,Medium,2.92,1.56,0,1.39,Medium,Quiet,Summarizing,Weekly,5,Poor,6.61,Good,5.7,10.96,Rarely,7,Medium,1,Dedicated,Moderate,5.23,Medium,10,91,65,55.69,4.68,72.66,C,Pass,Medium
STU_000481,17,Male,Undergraduate,Public,Upper-Middle,High School,Suburban,68.54,2.89,93.17,87.76,Medium,4.53,3.82,0,5.13,High,Quiet,Group Study,Weekly,4,Average,7.9,Poor,2.38,0.28,Occasionally,9,Medium,1,Shared,Low,0.15,Easy,26,91,81,100.0,9.41,86.13,A,Pass,High
STU_000482,15,Female,Undergraduate,Private,Middle,Associate,Suburban,97.97,4.0,76.41,63.6,Medium,4.69,4.08,0,0.34,Low,Quiet,Summarizing,Weekly,3,Average,7.21,Good,2.32,0.11,Occasionally,10,High,1,Dedicated,Moderate,8.61,Medium,7,96,78,85.55,10.0,81.95,B,Pass,High
STU_000483,15,Female,Undergraduate,Private,Low,Bachelor,Rural,52.71,2.16,83.11,79.08,High,2.62,1.67,0,7.24,Medium,Moderate,Summarizing,Weekly,6,Poor,7.27,Good,6.77,0.1,Rarely,9,High,1,Dedicated,High,0.51,Easy,12,88,59,73.99,10.0,70.45,C,Pass,Medium
STU_000484,20,Female,High School,Private,Upper-Middle,Associate,Suburban,61.58,2.31,75.3,54.83,Low,1.92,1.62,0,0.1,Low,Moderate,Self-Reading,Daily,10,Excellent,7.57,Good,3.21,0.24,Occasionally,8,Low,1,Dedicated,High,1.27,Medium,26,88,67,81.47,6.33,76.57,B,Pass,Medium
STU_000485,20,Female,Undergraduate,Public,Lower-Middle,Master,Urban,81.14,3.47,86.23,79.14,Low,4.05,2.87,1,4.79,Medium,Quiet,Group Study,Weekly,8,Average,5.22,Fair,7.45,0.68,Frequently,10,Medium,1,Dedicated,Low,2.6,Medium,12,98,63,86.51,9.14,65.76,C,Pass,Medium
STU_000486,19,Female,Undergraduate,Public,Lower-Middle,Master,Urban,70.65,2.81,71.64,59.7,Medium,6.97,3.72,0,0.12,Medium,Quiet,Group Study,Weekly,7,Average,8.2,Good,6.97,3.5,Occasionally,10,Low,0,Dedicated,Low,7.36,Hard,4,85,41,,10.0,47.43,F,Fail,Low
STU_000487,16,Male,Undergraduate,Private,Lower-Middle,High School,Urban,57.37,2.47,80.81,71.91,Medium,1.46,0.95,1,6.78,High,Quiet,Self-Reading,Weekly,3,Excellent,6.69,Poor,5.35,3.18,Frequently,10,Low,1,Dedicated,Low,0.78,Medium,17,93,37,75.84,10.0,41.41,F,Fail,Low
STU_000488,14,Male,High School,Private,Middle,Associate,Urban,80.7,3.4,90.06,64.93,Low,2.97,1.5,0,1.97,High,Moderate,Self-Reading,Daily,10,Average,8.46,Excellent,7.2,1.79,Occasionally,10,High,1,Dedicated,Low,11.14,Medium,21,88,73,,10.0,83.26,B,Pass,High
STU_000489,15,Female,High School,Public,Lower-Middle,Master,Suburban,91.84,3.72,69.77,60.8,Medium,2.72,1.39,0,0.02,Low,Moderate,Practice Tests,Weekly,6,Average,6.4,Poor,5.51,1.03,Occasionally,10,Low,1,Dedicated,Moderate,11.43,Medium,4,96,67,89.24,10.0,69.27,C,Pass,Medium
STU_000490,20,Male,High School,Private,Lower-Middle,Bachelor,Suburban,67.64,2.55,89.99,85.88,Medium,4.05,2.91,0,1.72,Medium,Quiet,Group Study,Weekly,6,Poor,5.18,Poor,3.12,0.22,Occasionally,10,Low,1,Dedicated,Moderate,3.47,Medium,4,85,43,76.57,9.98,49.2,F,Fail,Low
STU_000491,19,Male,High School,Public,Middle,Master,Suburban,63.03,2.41,78.48,62.58,Medium,2.0,1.7,0,0.4,Low,Moderate,Flashcards,Daily,4,Average,6.85,Good,2.63,2.36,Occasionally,10,High,0,Dedicated,High,2.59,Medium,30,94,61,87.15,9.97,61.89,D,Pass,Medium
STU_000492,18,Male,High School,Public,Upper-Middle,Master,Urban,81.86,3.4,76.14,57.14,Medium,1.24,0.84,0,2.1,Low,Noisy,Group Study,Weekly,4,Average,7.64,Excellent,4.95,0.27,Frequently,10,High,1,Dedicated,High,2.48,Hard,25,92,48,64.7,10.0,52.5,D,Pass,Low
STU_000493,19,Female,High School,Public,Lower-Middle,Associate,Urban,85.16,3.4,92.82,62.13,Medium,1.11,0.69,0,1.04,Low,Moderate,Practice Tests,Rarely,3,,6.24,Fair,7.0,0.48,Frequently,8,Medium,1,Shared,High,0.15,Easy,28,93,72,88.5,6.17,76.66,B,Pass,Medium
STU_000494,15,Male,Undergraduate,Public,Upper-Middle,Master,Rural,41.97,1.54,74.76,66.79,Medium,2.07,1.54,0,0.62,Medium,Noisy,Summarizing,Weekly,3,Poor,6.67,Good,6.46,3.71,Occasionally,10,Low,1,Dedicated,Low,0.9,Medium,10,97,35,,10.0,37.33,F,Fail,Low
STU_000495,15,Male,Undergraduate,Private,Lower-Middle,,Suburban,77.97,3.33,88.99,78.86,Medium,0.88,0.63,0,0.01,High,Moderate,Summarizing,Daily,3,Poor,8.61,Poor,2.94,5.35,Frequently,10,Medium,1,Shared,Moderate,1.66,Hard,20,96,61,93.87,9.94,62.83,D,Pass,Medium
STU_000496,19,Male,Undergraduate,Private,Lower-Middle,Bachelor,Suburban,72.51,2.8,90.7,65.12,Low,0.69,0.4,0,0.13,Medium,Moderate,Flashcards,Daily,1,Poor,8.38,Fair,3.0,0.69,Occasionally,7,Medium,1,Shared,Moderate,3.03,Hard,17,85,59,83.13,7.22,71.37,C,Pass,Medium
STU_000497,14,Male,High School,Private,Middle,Master,Suburban,55.73,2.13,80.63,60.75,Medium,3.2,1.61,0,1.29,High,Quiet,Summarizing,Weekly,6,Average,4.74,Fair,7.47,3.1,Occasionally,10,Medium,1,Dedicated,Low,4.08,Medium,6,97,51,85.65,9.96,52.32,D,Pass,Low
STU_000498,17,Female,Undergraduate,Charter,Middle,Bachelor,Urban,82.76,3.34,75.31,52.55,High,1.85,1.44,0,0.72,High,Quiet,Flashcards,Daily,6,,5.4,Poor,5.24,3.15,Rarely,10,Low,1,Dedicated,High,7.41,Easy,13,97,72,85.96,7.77,74.4,C,Pass,Medium
STU_000499,15,Female,Undergraduate,Public,Middle,Bachelor,Suburban,76.06,2.93,93.0,54.97,Medium,3.32,2.82,1,1.54,Medium,Moderate,Group Study,Daily,8,Average,8.12,Excellent,6.25,0.02,Occasionally,10,Low,0,Dedicated,Moderate,4.7,Medium,16,91,78,66.47,9.09,84.25,B,Pass,High
STU_000500,19,Male,Undergraduate,Public,Middle,High School,Urban,72.42,2.72,86.46,64.08,Low,2.86,2.47,0,1.66,High,Moderate,Flashcards,Daily,7,Excellent,6.55,Fair,4.08,0.25,Occasionally,10,High,1,Dedicated,Moderate,9.27,Medium,1,94,44,57.24,9.98,46.36,F,Fail,Low
STU_000501,20,Male,High School,Private,Lower-Middle,High School,Urban,62.67,2.27,86.46,58.81,Medium,0.5,0.39,0,3.81,High,Moderate,Group Study,Weekly,4,Poor,6.54,Good,3.42,1.93,Rarely,10,Medium,1,Dedicated,Low,2.67,Hard,1,85,2,,9.73,1.9,F,Fail,Low
STU_000502,19,Female,High School,Public,Middle,Associate,Urban,62.61,,89.93,72.05,High,1.84,1.41,0,1.71,Medium,Quiet,Summarizing,Daily,4,Average,6.51,Fair,3.62,6.02,Rarely,10,Medium,1,None,Moderate,3.71,Medium,8,85,47,50.94,10.0,53.07,D,Pass,Low
STU_000503,16,Male,Undergraduate,Public,High,Master,Suburban,70.38,,86.47,59.15,High,1.13,0.73,1,0.8,Low,Quiet,Practice Tests,Daily,4,Poor,8.45,Good,7.68,0.37,Frequently,9,High,1,Shared,Moderate,0.01,Medium,10,98,47,80.65,8.18,49.42,F,Fail,Low
STU_000504,17,Male,High School,Public,Upper-Middle,,Rural,91.52,3.46,83.07,63.7,High,2.33,1.96,0,3.06,Medium,Moderate,Group Study,Daily,4,,8.14,Excellent,4.83,2.05,Frequently,10,High,1,Dedicated,High,0.43,Easy,17,98,69,100.0,10.0,69.39,C,Pass,Medium
STU_000505,18,Female,Undergraduate,Public,Upper-Middle,High School,Rural,78.17,3.24,91.13,75.56,Medium,3.34,2.41,0,1.33,Medium,Moderate,Flashcards,Weekly,9,Poor,8.91,Fair,3.32,5.8,Rarely,10,Medium,1,Dedicated,Moderate,2.4,Hard,8,96,63,40.77,9.12,65.23,C,Pass,Medium
STU_000506,14,Male,High School,Public,Middle,Associate,Suburban,79.53,3.37,86.77,67.19,Low,1.52,0.77,0,1.35,Medium,Moderate,Group Study,Weekly,4,Average,5.97,Poor,4.83,8.3,Occasionally,10,Medium,1,Dedicated,Moderate,0.54,Medium,29,93,53,,6.55,57.76,D,Pass,Low
STU_000507,18,Male,High School,Private,Low,High School,Urban,66.27,,96.69,76.47,Medium,0.83,0.68,1,0.32,Medium,Moderate,Practice Tests,Weekly,5,Average,8.27,Fair,7.59,0.56,Rarely,10,Medium,1,Dedicated,Low,1.44,Medium,9,93,66,100.0,9.9,71.97,C,Pass,Medium
STU_000508,17,Female,Undergraduate,Private,Lower-Middle,High School,Suburban,62.45,2.32,70.37,46.6,Low,0.65,0.48,1,1.93,Medium,Noisy,Group Study,Rarely,2,Average,7.09,Good,5.73,0.72,Occasionally,10,High,1,Dedicated,Low,2.96,Hard,6,86,21,81.7,9.39,25.37,F,Fail,Low
STU_000509,17,Male,Undergraduate,Private,Lower-Middle,,Urban,68.8,2.69,98.89,64.28,High,1.1,0.6,0,2.66,Low,Quiet,Flashcards,Daily,7,Excellent,6.21,Good,4.97,8.08,Occasionally,10,High,1,Shared,Moderate,0.22,Hard,27,97,42,92.66,9.35,45.49,F,Fail,Low
STU_000510,17,Male,High School,Public,High,Bachelor,Urban,76.13,3.27,79.88,60.31,Low,0.56,0.43,0,0.24,Medium,Moderate,Practice Tests,Weekly,5,Average,5.76,Good,7.96,0.9,Rarely,10,Medium,0,None,Low,0.03,Medium,12,96,62,68.23,10.0,66.48,C,Pass,Medium
STU_000511,18,Male,High School,Charter,Lower-Middle,Doctorate,Urban,53.2,2.29,76.4,66.89,Medium,2.32,1.81,0,0.86,Low,Quiet,Self-Reading,Weekly,6,Average,6.6,Poor,7.29,2.7,Occasionally,10,Medium,1,Dedicated,High,1.75,Medium,21,87,47,66.53,10.0,52.69,D,Pass,Low
STU_000512,20,Male,Undergraduate,Public,Lower-Middle,Associate,Suburban,61.46,2.54,,77.32,Low,2.04,1.64,0,8.78,High,Moderate,Practice Tests,Daily,4,Average,4.5,Good,6.77,2.57,Rarely,10,Medium,1,Dedicated,Moderate,0.51,Medium,11,89,38,77.88,8.7,44.26,F,Fail,Low
STU_000513,17,Female,High School,Private,Low,High School,Urban,69.72,2.82,92.92,45.16,Low,1.96,1.16,1,1.33,Medium,Moderate,Summarizing,Daily,6,Average,6.26,Good,6.95,8.08,Occasionally,10,High,0,Dedicated,Low,0.16,Medium,27,85,60,84.98,10.0,72.31,C,Pass,Medium
STU_000514,19,Female,High School,Private,Low,Bachelor,Urban,47.97,1.85,79.72,76.88,Medium,2.67,1.47,0,4.21,High,Quiet,Group Study,Daily,6,,5.01,Fair,4.64,1.78,Occasionally,10,High,1,Shared,Moderate,0.45,Medium,30,89,37,66.81,10.0,42.72,F,Fail,Low
STU_000515,18,Male,High School,Public,Middle,Master,Urban,79.53,3.21,94.7,79.16,Medium,2.32,1.59,0,0.21,High,Moderate,Self-Reading,Daily,6,,7.12,Fair,5.4,5.13,Frequently,9,Medium,1,None,Moderate,7.81,Easy,7,94,73,76.41,9.15,75.9,B,Pass,Medium
STU_000516,17,Male,High School,Private,Lower-Middle,High School,Suburban,52.89,,87.97,61.12,Low,0.99,0.56,1,1.46,High,Quiet,Flashcards,Daily,2,Average,7.78,Poor,6.91,0.66,Frequently,10,Low,1,None,High,2.03,Easy,2,95,28,33.34,10.0,29.36,F,Fail,Low
STU_000517,19,Female,Undergraduate,Private,Lower-Middle,Bachelor,Suburban,66.02,2.58,80.24,53.22,Medium,1.97,0.99,0,3.51,Medium,Quiet,Practice Tests,Weekly,8,Average,6.83,Poor,3.91,1.5,Occasionally,10,Medium,1,Dedicated,High,6.66,Hard,28,98,55,41.64,10.0,56.21,D,Pass,Low
STU_000518,20,Female,High School,Private,Lower-Middle,Master,Suburban,78.81,,99.14,76.54,Medium,2.66,2.37,1,1.59,Medium,Quiet,Practice Tests,Weekly,6,Average,3.86,Good,2.54,2.83,Occasionally,10,High,1,Dedicated,High,2.17,Hard,29,96,63,65.0,10.0,67.32,C,Pass,Medium
STU_000519,16,Male,High School,Public,High,,Rural,84.8,3.49,87.28,56.55,High,2.54,2.08,0,3.68,Medium,Moderate,Summarizing,Daily,6,Average,5.56,Fair,5.93,1.78,Frequently,10,Low,1,Dedicated,Low,2.8,Hard,12,96,61,64.94,10.0,62.9,D,Pass,Medium
STU_000520,20,Female,High School,Private,Lower-Middle,Doctorate,Urban,60.24,2.38,,50.33,Medium,1.84,1.54,1,0.36,Low,Quiet,Flashcards,Weekly,1,Poor,5.89,Poor,3.34,0.56,Occasionally,10,Medium,1,Dedicated,Moderate,9.82,Hard,24,88,33,81.48,10.0,37.73,F,Fail,Low
STU_000521,17,Female,High School,Private,Lower-Middle,Bachelor,Suburban,80.6,3.27,86.29,72.0,High,2.85,2.31,1,0.92,High,Noisy,Practice Tests,Weekly,6,Excellent,6.41,Poor,4.93,0.1,Frequently,10,Medium,1,Dedicated,Low,3.16,Medium,19,89,58,59.18,10.0,64.89,D,Pass,Medium
STU_000522,18,Female,Undergraduate,Private,Middle,Associate,Urban,74.69,2.8,89.35,67.35,High,3.42,2.45,0,4.01,Medium,Quiet,Flashcards,Daily,8,Poor,7.94,Poor,4.79,6.73,Frequently,10,High,1,Dedicated,Low,0.55,Medium,5,93,65,74.7,10.0,68.35,C,Pass,Medium
STU_000523,15,Female,Undergraduate,Public,Middle,Associate,Rural,70.71,3.02,85.53,51.3,Medium,2.6,1.79,0,1.56,Medium,Quiet,Group Study,Weekly,6,Excellent,3.82,Fair,6.47,0.17,Frequently,10,Medium,1,Dedicated,High,2.66,Hard,22,100,56,,8.0,53.77,D,Pass,Low
STU_000524,17,Female,High School,Private,Low,Bachelor,Urban,67.89,2.53,74.5,56.24,Medium,1.38,1.12,1,0.53,Medium,Quiet,Flashcards,Rarely,7,Average,7.53,Fair,6.21,0.77,Occasionally,7,High,1,Dedicated,High,9.13,Easy,23,85,70,86.07,3.76,80.75,B,Pass,High
STU_000525,15,Female,Undergraduate,Public,Lower-Middle,Doctorate,Urban,43.26,1.76,92.79,81.23,Medium,1.98,1.54,1,0.14,Medium,Quiet,Summarizing,Weekly,3,Poor,7.9,Fair,6.83,1.9,Occasionally,10,Medium,1,Dedicated,Low,3.57,Hard,30,96,27,70.06,10.0,30.53,F,Fail,Low
STU_000526,19,Male,Undergraduate,Charter,Lower-Middle,Bachelor,Suburban,48.55,2.22,,41.29,Low,0.59,0.4,1,0.04,Medium,Moderate,Group Study,Daily,4,Excellent,6.37,Fair,3.32,5.5,Occasionally,10,Medium,1,Dedicated,High,2.28,Easy,6,91,36,92.97,9.61,38.82,F,Fail,Low
STU_000527,16,Male,High School,Public,Upper-Middle,High School,Rural,72.96,3.05,91.24,78.95,Medium,4.34,2.28,0,0.1,Low,Quiet,Group Study,Weekly,6,Excellent,5.59,Fair,2.86,8.81,Occasionally,9,High,1,Dedicated,Moderate,4.6,Medium,22,95,73,86.57,8.71,77.46,B,Pass,Medium
STU_000528,14,Male,High School,Private,Lower-Middle,Bachelor,Suburban,60.96,2.77,84.15,55.88,Low,3.79,3.19,0,0.3,Medium,Quiet,Self-Reading,Weekly,2,Average,8.06,Poor,6.53,0.81,Frequently,10,Low,1,Dedicated,Moderate,2.56,Hard,23,97,32,71.28,10.0,31.5,F,Fail,Low
STU_000529,20,Female,Undergraduate,Public,Lower-Middle,Bachelor,Rural,70.56,2.95,87.9,83.49,Low,3.26,1.93,0,2.47,High,Noisy,Practice Tests,Daily,2,Excellent,7.89,Fair,4.33,2.05,Rarely,8,Medium,1,Dedicated,Low,8.23,Hard,17,90,55,59.46,9.35,61.66,D,Pass,Medium
STU_000530,16,Male,High School,Private,Middle,Bachelor,Suburban,60.84,2.6,81.72,60.13,Low,1.52,1.36,0,0.02,Medium,Moderate,Self-Reading,Weekly,5,Average,9.11,,6.41,9.38,Occasionally,6,High,1,Dedicated,Low,10.7,Hard,24,94,32,87.18,8.04,35.7,F,Fail,Low
STU_000531,17,Female,High School,Private,Middle,Master,Rural,64.93,2.56,77.92,68.58,Medium,4.73,3.12,0,1.61,High,Moderate,Summarizing,Weekly,12,Average,8.59,Excellent,7.77,1.45,Frequently,10,Medium,1,Shared,High,0.35,Hard,11,89,45,,10.0,51.02,D,Pass,Low
STU_000532,15,Female,Undergraduate,Public,Upper-Middle,High School,Urban,85.28,3.3,98.05,86.14,Medium,3.07,2.23,0,2.45,Low,Noisy,Self-Reading,Daily,0,Average,6.99,Excellent,7.77,1.72,Occasionally,10,Medium,1,Shared,Moderate,2.29,Hard,7,94,58,79.83,8.51,61.06,D,Pass,Medium
STU_000533,20,Male,High School,Public,Low,,Urban,48.93,1.84,,81.97,Medium,7.61,6.75,1,1.75,Medium,Quiet,Self-Reading,Rarely,8,Average,8.11,Poor,5.05,0.54,Frequently,7,Medium,1,Dedicated,High,1.62,Hard,30,85,52,84.91,10.0,58.8,D,Pass,Low
STU_000534,15,Female,High School,Public,Middle,Bachelor,Urban,73.06,2.88,79.89,49.49,Medium,1.12,0.72,1,2.65,Medium,Quiet,Summarizing,Daily,8,Average,4.84,Fair,5.82,4.94,Occasionally,10,High,1,Dedicated,Moderate,7.12,Hard,17,100,53,100.0,9.29,55.18,D,Pass,Low
STU_000535,18,Male,High School,Public,Lower-Middle,High School,Suburban,87.07,3.58,100.0,90.13,Medium,1.64,0.85,0,0.42,High,Moderate,Self-Reading,Daily,3,Excellent,8.71,Good,3.84,2.03,Frequently,10,Low,1,Dedicated,Moderate,1.13,Medium,11,94,74,70.7,10.0,77.81,B,Pass,Medium
STU_000536,15,Male,Undergraduate,Private,Lower-Middle,High School,Suburban,48.6,1.82,72.61,75.93,Medium,3.1,2.45,1,3.5,Medium,Quiet,Practice Tests,Weekly,4,Average,5.37,Good,7.02,2.48,Occasionally,9,Low,1,Dedicated,Moderate,0.25,Hard,3,85,18,,8.13,19.8,F,Fail,Low
STU_000537,18,Female,High School,Public,Lower-Middle,Master,Urban,72.35,2.8,84.91,63.85,Medium,3.85,2.59,0,0.95,Medium,Noisy,Group Study,Weekly,8,Average,7.64,Good,3.22,3.34,Occasionally,10,Medium,1,Dedicated,High,3.16,Easy,25,95,72,44.97,9.05,74.16,C,Pass,Medium
STU_000538,19,Female,High School,Private,Upper-Middle,Associate,Suburban,79.19,2.99,92.36,67.07,High,2.27,1.57,0,0.13,Medium,Moderate,Flashcards,Weekly,5,Average,6.62,Fair,4.18,4.51,Occasionally,10,Medium,1,Dedicated,High,1.0,Hard,14,90,45,100.0,10.0,49.37,F,Fail,Low
STU_000539,20,Male,High School,Private,Upper-Middle,Bachelor,Urban,83.55,3.39,77.37,64.51,Medium,2.02,1.08,1,1.39,Low,Moderate,Practice Tests,Daily,8,Average,6.97,Fair,4.46,0.59,Frequently,10,High,1,Dedicated,Low,1.36,Easy,5,89,71,100.0,7.42,80.78,B,Pass,High
STU_000540,20,Female,Undergraduate,Private,Middle,High School,Suburban,49.1,2.09,100.0,82.93,Low,3.77,2.76,0,1.31,Low,Moderate,Flashcards,Rarely,3,Average,9.51,Poor,4.63,0.83,Rarely,10,High,1,Dedicated,High,6.61,Easy,23,89,64,67.51,8.22,69.38,C,Pass,Medium
STU_000541,14,Male,High School,Public,High,Master,Urban,70.62,2.82,94.69,70.72,High,0.8,0.55,0,0.27,Medium,Moderate,Flashcards,Daily,3,Excellent,7.57,Good,3.24,4.78,Frequently,10,High,1,Dedicated,Low,0.84,Medium,28,98,47,,9.48,47.69,F,Fail,Low
STU_000542,17,Male,High School,Public,Low,Bachelor,Urban,71.46,2.91,91.6,81.86,Medium,3.45,2.22,0,6.6,Medium,Moderate,Summarizing,Rarely,5,Average,6.29,Excellent,3.37,5.03,Rarely,10,High,0,Dedicated,Low,4.56,Easy,25,95,69,59.83,9.63,76.18,B,Pass,Medium
STU_000543,18,Male,High School,Public,Lower-Middle,Bachelor,Suburban,52.23,,91.54,44.29,High,1.22,0.82,0,1.92,Low,Quiet,Practice Tests,Rarely,5,Poor,6.08,Good,5.41,0.98,Occasionally,7,Medium,1,Dedicated,Moderate,0.22,Medium,19,93,48,34.91,9.18,53.97,D,Pass,Low
STU_000544,14,Male,Undergraduate,Public,Low,Bachelor,Suburban,61.09,2.46,71.21,60.05,Low,2.5,1.57,0,4.03,Low,Quiet,Practice Tests,Daily,8,Average,7.0,Poor,3.37,3.15,Occasionally,10,High,1,Dedicated,Low,1.35,Hard,19,100,72,95.9,8.21,71.74,C,Pass,Medium
STU_000545,15,Female,Undergraduate,Public,Low,Bachelor,Rural,69.07,2.48,85.99,87.08,Medium,3.32,1.95,0,2.03,Medium,Moderate,Flashcards,Weekly,4,Average,5.84,Fair,6.44,2.55,Occasionally,10,High,1,Dedicated,Low,2.3,Hard,23,91,43,60.19,10.0,49.05,F,Fail,Low
STU_000546,15,Female,High School,Public,Low,,Suburban,80.26,3.17,82.24,77.04,Medium,2.45,2.15,1,3.35,Medium,Quiet,Self-Reading,Weekly,3,Poor,7.65,Excellent,2.52,8.73,Occasionally,8,High,1,Shared,High,1.03,Hard,23,85,43,64.51,5.06,48.85,F,Fail,Low
STU_000547,14,Female,Undergraduate,Public,Lower-Middle,,Suburban,58.9,2.19,65.2,80.01,Medium,3.09,2.15,1,5.32,Medium,Noisy,Practice Tests,Weekly,2,Average,9.25,Fair,4.11,4.83,Rarely,10,Medium,1,Shared,Moderate,0.72,Medium,7,99,50,45.58,10.0,49.85,F,Fail,Low
STU_000548,20,Female,High School,Public,Low,Associate,Urban,70.63,,74.23,62.2,High,3.15,2.59,0,1.35,High,Moderate,Practice Tests,Daily,7,Poor,6.25,Excellent,2.62,0.01,Rarely,7,Medium,1,Dedicated,Low,2.72,Medium,28,93,48,75.47,7.42,54.24,D,Pass,Low
STU_000549,15,Female,High School,Private,Middle,Master,Suburban,54.92,2.06,85.84,48.09,Medium,1.21,0.89,0,2.83,High,Quiet,Summarizing,Rarely,7,Average,7.34,Good,4.59,0.88,Occasionally,10,Low,1,Shared,Low,0.8,Medium,13,92,42,95.45,10.0,46.97,F,Fail,Low
STU_000550,19,Female,High School,Private,Low,High School,Urban,63.31,2.57,86.04,66.39,Medium,4.45,3.04,1,0.9,Medium,Noisy,Summarizing,Rarely,3,Average,5.75,Poor,4.91,2.86,Frequently,10,Medium,1,Dedicated,Moderate,9.6,Medium,30,87,47,61.9,10.0,55.16,D,Pass,Low
STU_000551,19,Male,High School,Private,Middle,High School,Urban,67.84,2.63,84.8,52.7,High,1.8,1.56,0,5.0,Medium,Quiet,Summarizing,Weekly,3,Poor,9.01,Good,6.01,0.74,Frequently,10,Low,1,Dedicated,Moderate,4.7,Hard,22,96,51,89.15,9.02,54.87,D,Pass,Low
STU_000552,14,Male,Undergraduate,Private,Upper-Middle,Master,Urban,59.23,2.09,88.34,73.26,Medium,1.74,1.44,0,0.45,Medium,Quiet,Self-Reading,Daily,5,Poor,6.23,Poor,8.78,1.06,Frequently,9,Low,1,Shared,High,11.24,Medium,29,87,36,79.6,10.0,42.87,F,Fail,Low
STU_000553,18,Female,Undergraduate,Public,Upper-Middle,Associate,Suburban,76.42,3.14,94.61,59.33,High,2.71,2.36,1,2.45,High,Quiet,Practice Tests,Daily,5,Average,5.85,Good,4.7,1.83,Occasionally,10,Medium,1,Dedicated,Moderate,8.94,Hard,22,99,49,50.22,10.0,48.94,F,Fail,Low
STU_000554,18,Female,High School,Private,Lower-Middle,Master,Suburban,40.35,1.35,57.01,30.55,Low,1.32,1.12,0,1.16,High,Quiet,Practice Tests,Daily,3,Average,6.72,Good,7.35,1.17,Rarely,10,Medium,1,Dedicated,Moderate,10.81,Easy,25,93,32,72.69,9.01,34.88,F,Fail,Low
STU_000555,14,Male,High School,Public,Lower-Middle,Bachelor,Suburban,61.35,2.5,,65.48,Medium,1.31,0.93,1,11.21,Low,Quiet,Summarizing,Daily,6,Average,4.99,Fair,7.07,1.1,Frequently,10,Medium,1,Dedicated,Moderate,1.72,Easy,29,91,49,73.55,10.0,52.03,D,Pass,Low
STU_000556,18,Other,High School,Public,Low,High School,Urban,66.21,2.71,94.94,86.4,Low,3.53,2.17,0,0.24,Medium,Noisy,Group Study,Weekly,8,Average,5.09,Good,4.58,3.51,Frequently,10,High,1,None,Moderate,2.57,Hard,12,89,49,75.45,7.88,52.02,D,Pass,Low
STU_000557,20,Female,High School,Public,Middle,Bachelor,Urban,62.55,2.66,72.49,63.32,Medium,1.74,1.21,0,0.36,High,Quiet,Flashcards,Weekly,8,Average,3.62,Fair,4.72,1.7,Rarely,10,Medium,1,Dedicated,Low,9.31,Easy,8,100,55,71.72,8.67,54.47,D,Pass,Low
STU_000558,20,Female,High School,Private,Low,Associate,Urban,64.84,2.75,76.61,82.38,High,7.37,4.22,1,0.33,Medium,Noisy,Summarizing,Weekly,9,Average,6.85,Fair,2.82,0.82,Occasionally,10,Medium,1,Dedicated,High,1.49,Hard,25,99,63,83.66,6.63,63.37,D,Pass,Medium
STU_000559,18,Male,Undergraduate,Private,Middle,Master,Urban,98.15,3.75,82.37,65.77,Low,4.24,3.49,0,4.71,High,Moderate,Self-Reading,Rarely,6,Poor,6.9,Fair,3.34,5.97,Occasionally,10,Medium,1,Dedicated,Low,4.45,Easy,7,88,76,56.58,9.75,85.89,A,Pass,High
STU_000560,19,Female,Undergraduate,Private,Lower-Middle,High School,Urban,64.1,,93.97,93.02,Medium,4.84,3.34,0,0.39,High,Moderate,Practice Tests,Rarely,7,Poor,8.09,Good,4.82,0.09,Frequently,8,Low,1,Shared,Low,1.4,Medium,18,99,68,90.78,9.34,71.4,C,Pass,Medium
STU_000561,18,Female,Undergraduate,Public,High,High School,Suburban,80.84,3.03,100.0,72.09,High,3.0,2.09,1,1.54,Medium,Moderate,Practice Tests,Weekly,7,Poor,6.4,Good,1.94,0.09,Occasionally,10,Medium,1,Dedicated,High,2.36,Easy,30,89,89,,10.0,100.0,A,Pass,High
STU_000562,20,Female,High School,Private,Middle,Doctorate,Rural,68.65,2.74,96.71,75.14,Low,3.42,1.87,1,5.1,Medium,Noisy,Self-Reading,Weekly,2,Average,7.94,Fair,5.62,0.72,Rarely,10,High,1,Dedicated,Moderate,1.12,Hard,2,88,40,69.64,9.07,45.18,F,Fail,Low
STU_000563,16,Female,Undergraduate,Public,Upper-Middle,Associate,Suburban,69.22,2.91,91.06,89.97,Low,5.28,3.42,1,1.71,Low,Quiet,Flashcards,Weekly,5,Excellent,6.5,Good,5.85,2.09,Occasionally,10,Medium,1,Dedicated,Moderate,0.67,Easy,7,90,64,66.7,9.04,73.65,C,Pass,Medium
STU_000564,17,Male,Undergraduate,Public,Low,Doctorate,Urban,81.29,3.17,98.21,73.2,Low,0.66,0.36,1,7.26,Low,Moderate,Group Study,Rarely,1,Excellent,7.93,Good,3.94,2.5,Frequently,7,Low,1,Dedicated,Low,1.59,Easy,13,91,71,100.0,4.93,78.88,B,Pass,Medium
STU_000565,15,Female,Undergraduate,Private,High,High School,Rural,58.58,2.19,80.47,57.92,Medium,3.43,2.9,1,0.41,Low,Quiet,Summarizing,Weekly,5,Average,5.45,Fair,5.03,2.64,Occasionally,10,Medium,1,Dedicated,High,1.52,Medium,8,97,44,61.89,10.0,43.9,F,Fail,Low
STU_000566,16,Male,High School,Charter,High,Bachelor,Urban,82.03,3.48,83.38,75.93,Medium,4.15,3.58,0,1.48,Low,Quiet,Self-Reading,Weekly,3,Average,7.11,Good,7.46,1.79,Rarely,9,Medium,1,Dedicated,Low,5.3,Easy,21,98,76,60.13,9.95,77.82,B,Pass,Medium
STU_000567,18,Female,High School,Private,Lower-Middle,Associate,Urban,53.77,2.12,,60.0,Medium,1.16,0.68,1,5.22,Medium,Moderate,Summarizing,Daily,7,Average,7.74,Fair,4.66,0.83,Frequently,10,High,1,Shared,Moderate,0.54,Easy,18,97,51,81.75,10.0,50.91,D,Pass,Low
STU_000568,19,Male,Undergraduate,Public,Upper-Middle,Bachelor,Urban,83.66,3.62,93.77,83.76,Medium,2.65,2.06,1,4.15,Medium,Noisy,Summarizing,Daily,4,Average,6.31,Excellent,4.65,3.94,Occasionally,9,High,1,Dedicated,Low,1.12,Hard,17,87,86,88.39,6.74,99.8,A,Pass,High
STU_000569,14,Female,High School,Public,Lower-Middle,Master,Rural,64.05,2.51,82.12,75.71,Medium,4.65,2.85,0,0.41,Medium,Moderate,Flashcards,Weekly,7,Poor,6.66,Good,7.16,0.95,Occasionally,10,Medium,1,Dedicated,Moderate,2.6,Medium,21,88,45,93.23,10.0,51.36,D,Pass,Low
STU_000570,18,Female,High School,Public,Lower-Middle,Bachelor,Urban,67.11,2.58,88.2,73.68,Low,4.24,2.34,1,0.39,Low,Moderate,Summarizing,Rarely,3,Average,7.83,Poor,6.01,1.91,Frequently,10,High,1,Dedicated,High,1.79,Hard,3,88,31,77.98,9.51,36.85,F,Fail,Low
STU_000571,19,Female,Undergraduate,Public,Lower-Middle,Master,Urban,91.02,3.49,93.01,79.7,High,2.93,1.51,1,0.88,Medium,Quiet,Practice Tests,Weekly,5,Excellent,6.42,Excellent,2.08,0.66,Occasionally,10,Medium,1,Dedicated,Low,5.34,Easy,1,96,48,68.53,10.0,50.41,D,Pass,Low
STU_000572,17,Female,High School,Public,High,Associate,Urban,52.06,,97.09,65.41,Medium,1.77,1.06,0,1.12,High,Noisy,Summarizing,Weekly,7,Excellent,9.56,Fair,2.16,0.71,Rarely,10,Low,1,Dedicated,High,1.04,Hard,8,100,56,100.0,10.0,57.28,D,Pass,Low
STU_000573,18,Male,Undergraduate,Public,Upper-Middle,Master,Rural,66.84,2.72,86.47,67.1,Low,2.94,1.79,1,2.65,Medium,Moderate,Flashcards,Weekly,6,Excellent,7.35,Fair,3.92,0.23,Occasionally,9,High,1,Shared,Low,2.84,Medium,22,92,61,82.65,9.25,67.18,C,Pass,Medium
STU_000574,20,Female,Undergraduate,Public,Middle,High School,Urban,82.41,3.39,89.75,67.71,Low,1.81,1.01,0,6.33,Medium,Quiet,Self-Reading,Rarely,3,Average,7.22,Fair,5.66,2.1,Occasionally,8,High,1,Dedicated,Low,2.75,Medium,27,91,63,64.98,6.31,69.17,C,Pass,Medium
STU_000575,14,Female,High School,Private,Lower-Middle,High School,Suburban,54.92,2.23,76.43,62.82,High,2.48,1.47,0,0.98,Low,Quiet,Group Study,Rarely,5,,6.15,Good,5.79,0.45,Occasionally,10,High,1,Dedicated,High,6.86,Medium,27,85,45,91.71,7.76,53.35,D,Pass,Low
STU_000576,19,Female,High School,Private,Low,High School,Rural,60.97,2.64,91.6,64.23,Medium,3.3,2.22,0,1.84,Medium,Quiet,Flashcards,Daily,3,Average,7.7,Good,4.21,8.91,Frequently,10,Medium,1,Shared,Low,7.47,Medium,7,85,41,64.8,10.0,50.84,D,Pass,Low
STU_000577,19,Male,High School,Private,Low,High School,Urban,52.33,2.14,85.55,70.82,Medium,4.27,2.53,1,3.61,Low,Moderate,Group Study,Weekly,3,Average,6.72,Fair,7.85,1.77,Rarely,10,High,1,Shared,Moderate,0.64,Medium,26,88,51,84.61,9.08,61.46,D,Pass,Medium
STU_000578,19,Male,Undergraduate,Private,Upper-Middle,Bachelor,Rural,66.47,2.55,91.45,60.71,Medium,1.47,1.17,0,2.92,Low,Quiet,Self-Reading,Weekly,7,Average,6.46,,6.33,0.8,Occasionally,9,Low,1,Dedicated,Low,0.19,Medium,17,95,50,85.1,10.0,51.18,D,Pass,Low
STU_000579,17,Male,Undergraduate,Private,Lower-Middle,High School,Urban,59.16,2.12,,70.13,Medium,1.48,1.29,0,1.82,Medium,Moderate,Practice Tests,Rarely,3,Average,7.34,Fair,6.22,1.26,Occasionally,9,Low,1,Dedicated,Low,4.88,Medium,20,92,52,69.5,8.3,56.46,D,Pass,Low
STU_000580,18,Female,High School,Public,Middle,High School,Rural,68.82,2.17,87.5,54.33,Low,1.85,0.96,1,0.36,Medium,Quiet,Self-Reading,Rarely,6,Poor,5.3,Fair,2.05,0.95,Frequently,10,Medium,1,Dedicated,Low,0.27,Easy,18,89,58,77.73,10.0,66.94,C,Pass,Medium
STU_000581,17,Male,Undergraduate,Private,Upper-Middle,Bachelor,Suburban,70.2,2.68,90.4,81.07,High,5.08,3.05,0,0.59,High,Moderate,Self-Reading,Weekly,6,Poor,8.17,Good,7.99,0.79,Occasionally,10,Medium,1,Dedicated,Low,5.19,Hard,20,92,51,71.44,10.0,56.97,D,Pass,Low
STU_000582,15,Male,Undergraduate,Public,Low,Bachelor,Urban,72.29,2.77,89.68,79.26,Medium,3.15,1.97,0,3.49,High,Quiet,Flashcards,Rarely,8,Excellent,6.27,Good,3.23,1.52,Frequently,10,Medium,1,Shared,Low,3.72,Medium,25,99,65,73.49,8.42,63.42,D,Pass,Medium
STU_000583,15,Male,Undergraduate,Public,Upper-Middle,Master,Rural,59.79,2.43,95.48,91.01,Medium,5.35,3.16,0,0.21,High,Noisy,Summarizing,Weekly,7,Average,5.09,Good,6.84,0.79,Rarely,10,Medium,0,Dedicated,Moderate,0.77,Medium,2,87,40,43.37,10.0,47.33,F,Fail,Low
STU_000584,18,Male,High School,Private,Upper-Middle,Associate,Suburban,82.91,3.42,89.76,75.13,Medium,3.3,2.95,0,3.79,Medium,Quiet,Self-Reading,Weekly,5,Poor,7.3,Poor,2.49,1.51,Occasionally,10,High,1,Dedicated,Moderate,4.91,Easy,22,94,62,,10.0,67.21,C,Pass,Medium
STU_000585,20,Female,Undergraduate,Public,Low,Associate,Suburban,60.03,2.37,78.38,63.99,High,3.25,2.57,0,0.41,Medium,Quiet,Self-Reading,Weekly,0,,7.64,Fair,3.59,1.08,Frequently,7,Medium,1,Dedicated,Low,1.65,Hard,1,98,35,60.42,6.03,35.41,F,Fail,Low
STU_000586,17,Male,High School,Charter,Lower-Middle,High School,Rural,68.66,2.86,72.5,62.13,Medium,2.49,1.68,0,2.37,Medium,Quiet,Group Study,Rarely,4,Average,7.74,Fair,7.5,1.12,Occasionally,10,Medium,1,Dedicated,Moderate,0.03,Hard,21,100,34,96.52,10.0,31.6,F,Fail,Low
STU_000587,14,Male,High School,Public,Middle,Master,Suburban,93.76,3.56,72.05,53.41,Low,0.82,0.59,0,2.88,High,Moderate,Self-Reading,Weekly,5,Average,8.18,Excellent,5.56,1.93,Rarely,6,Low,1,Dedicated,Moderate,0.32,Medium,11,85,62,78.0,5.39,72.24,C,Pass,Medium
STU_000588,19,Male,Undergraduate,Public,Lower-Middle,High School,Suburban,86.97,3.48,100.0,87.52,Low,3.18,1.9,0,6.72,High,Quiet,Flashcards,Weekly,7,Poor,5.17,Fair,2.88,3.55,Occasionally,10,Low,1,Shared,Low,4.2,Hard,4,87,61,58.82,10.0,69.83,C,Pass,Medium
STU_000589,19,Female,Undergraduate,Charter,Low,High School,Rural,70.27,2.7,79.42,81.26,Medium,3.6,2.25,1,0.08,Medium,Quiet,Group Study,Weekly,6,Average,6.07,Good,5.95,6.53,Rarely,8,High,1,Dedicated,Low,2.49,Medium,11,92,67,86.41,6.22,71.64,C,Pass,Medium
STU_000590,18,Male,High School,Public,Middle,High School,Urban,66.25,2.84,,79.45,High,3.33,2.12,1,3.74,Low,Moderate,Flashcards,Weekly,3,Average,8.91,Poor,5.59,4.35,Occasionally,7,High,1,Dedicated,Low,0.22,Medium,15,95,63,80.65,5.79,68.32,C,Pass,Medium
STU_000591,20,Male,High School,Private,High,,Suburban,69.51,2.93,,67.64,High,4.16,2.32,1,1.03,Medium,Quiet,Summarizing,Daily,7,Excellent,7.1,,6.62,1.17,Frequently,10,Low,1,Dedicated,Moderate,2.26,Medium,20,89,71,71.22,10.0,78.41,B,Pass,Medium
STU_000592,15,Male,High School,Public,Middle,Master,Rural,42.77,1.77,92.45,86.94,Low,3.38,2.37,0,0.87,High,Noisy,Flashcards,Weekly,9,Average,6.14,Poor,5.11,4.5,Rarely,7,Medium,1,Dedicated,Low,1.25,Hard,3,88,34,74.75,6.63,38.32,F,Fail,Low
STU_000593,15,Female,High School,Public,High,High School,Urban,80.72,3.22,88.5,64.15,High,3.94,3.43,0,0.9,Medium,Quiet,Practice Tests,Weekly,4,Excellent,6.33,Fair,3.66,0.28,Rarely,10,Low,1,Dedicated,Moderate,2.36,Medium,24,98,61,82.8,10.0,62.0,D,Pass,Medium
STU_000594,19,Female,Undergraduate,Charter,Upper-Middle,Bachelor,Urban,60.57,2.38,85.16,93.29,High,4.04,3.21,1,1.58,Low,Noisy,Group Study,Rarely,5,Excellent,5.93,Excellent,3.69,1.16,Frequently,10,High,1,Dedicated,Moderate,0.25,Hard,30,85,36,88.01,8.82,37.93,F,Fail,Low
STU_000595,18,Female,High School,Public,Middle,Master,Rural,78.47,3.16,85.63,83.02,Medium,4.7,3.43,0,4.79,Medium,Quiet,Practice Tests,Weekly,4,Average,5.43,Fair,3.7,4.43,Rarely,10,Low,1,Dedicated,Low,0.64,Medium,27,93,65,65.74,9.75,70.0,C,Pass,Medium
STU_000596,17,Other,Undergraduate,Public,Middle,Doctorate,Urban,67.06,2.82,84.91,57.46,Low,2.64,2.16,0,1.63,Medium,Quiet,Flashcards,Rarely,6,,7.36,Fair,6.91,1.08,Occasionally,10,Low,0,Dedicated,High,3.36,Easy,6,91,56,58.7,10.0,63.88,D,Pass,Medium
STU_000597,15,Male,High School,Public,Low,Master,Urban,71.21,2.73,86.62,61.31,High,1.85,1.06,1,2.52,Medium,Quiet,Flashcards,Weekly,0,Average,6.54,Excellent,3.69,0.35,Frequently,10,Medium,0,Dedicated,Moderate,1.15,Easy,25,90,57,59.68,7.22,63.64,D,Pass,Medium
STU_000598,17,Female,High School,Public,Middle,High School,Suburban,68.39,2.64,,59.6,Medium,0.88,0.49,0,0.71,High,Quiet,Summarizing,Daily,6,Average,7.49,Poor,9.62,0.66,Occasionally,9,High,1,Dedicated,High,4.99,Medium,4,88,42,94.99,7.12,50.87,D,Pass,Low
STU_000599,20,Male,High School,Public,Middle,Bachelor,Urban,72.46,2.82,93.42,67.81,Medium,1.42,0.79,1,0.37,Medium,Noisy,Flashcards,Daily,7,,8.05,Good,5.38,0.4,Occasionally,10,Medium,1,Dedicated,Low,4.84,Medium,28,96,70,99.79,8.99,71.85,C,Pass,Medium
STU_000600,15,Female,Undergraduate,Public,Low,Doctorate,Suburban,62.24,2.58,80.06,59.79,Medium,4.05,2.91,0,0.24,Low,Quiet,Flashcards,Rarely,4,Average,5.04,Fair,2.63,0.94,Frequently,9,High,1,Shared,Low,2.98,Hard,2,93,45,96.34,9.81,47.38,F,Fail,Low
STU_000601,15,Female,High School,Public,Lower-Middle,High School,Urban,78.96,3.36,86.4,67.02,Medium,0.74,0.56,1,2.57,High,Quiet,Flashcards,Weekly,4,Poor,5.53,Good,4.03,12.0,Rarely,10,Medium,1,Dedicated,High,7.26,Medium,21,85,46,76.47,9.67,53.25,D,Pass,Low
STU_000602,16,Male,Undergraduate,Public,Low,Master,Suburban,79.02,3.23,66.03,57.72,Low,1.57,0.96,0,1.29,Medium,Quiet,Practice Tests,Daily,5,Average,5.87,Poor,4.64,3.52,Frequently,10,Medium,1,Dedicated,Low,4.21,Hard,6,89,37,64.69,10.0,40.28,F,Fail,Low
STU_000603,15,Male,Undergraduate,Private,High,Bachelor,Suburban,77.82,,85.43,63.7,Low,2.93,2.58,0,4.55,High,Moderate,Practice Tests,Weekly,5,Average,6.79,Good,7.23,5.96,Occasionally,10,Medium,1,Dedicated,Moderate,4.78,Medium,22,90,58,66.49,8.8,62.84,D,Pass,Medium
STU_000604,14,Female,Undergraduate,Public,Lower-Middle,Master,Suburban,63.61,2.58,80.0,67.7,Medium,2.59,1.79,0,0.38,High,Quiet,Summarizing,Weekly,2,Poor,8.42,Fair,8.15,2.19,Occasionally,7,High,1,Shared,Moderate,15.89,Medium,16,86,49,79.07,5.24,56.84,D,Pass,Low
STU_000605,18,Female,Undergraduate,Private,Low,High School,Suburban,79.39,3.3,65.02,41.55,Medium,1.92,1.05,0,0.84,Medium,Moderate,Practice Tests,Daily,6,Excellent,7.73,Fair,4.89,8.46,Frequently,10,High,1,Dedicated,Low,6.18,Medium,9,92,50,61.18,10.0,50.42,D,Pass,Low
STU_000606,18,Male,High School,Private,Upper-Middle,Bachelor,Suburban,74.69,2.99,95.77,60.34,High,2.86,2.36,0,0.62,Medium,Moderate,Self-Reading,Weekly,5,Excellent,7.46,Poor,3.93,0.68,Rarely,8,Medium,1,Shared,Moderate,0.92,Easy,5,96,83,47.77,6.13,86.5,A,Pass,High
STU_000607,17,Male,High School,Public,Low,Associate,Urban,57.97,2.24,88.11,85.31,Medium,4.55,3.24,1,1.96,Medium,Quiet,Practice Tests,Daily,7,Average,7.59,Good,3.95,2.21,Frequently,10,High,1,Shared,Moderate,2.73,Easy,26,91,61,81.58,8.1,68.48,C,Pass,Medium
STU_000608,20,Female,Undergraduate,Public,Middle,Bachelor,Urban,65.87,2.77,85.55,77.2,Medium,2.52,2.01,0,1.82,High,Quiet,Practice Tests,Daily,1,Excellent,5.85,Poor,5.11,5.76,Rarely,10,High,1,Dedicated,Moderate,1.62,Easy,22,88,56,100.0,8.38,61.56,D,Pass,Medium
STU_000609,15,Male,High School,Private,Low,Bachelor,Suburban,68.57,2.68,87.4,81.8,Low,6.79,4.92,0,3.7,Medium,Quiet,Practice Tests,Weekly,12,Average,7.01,Good,9.07,0.03,Frequently,10,Medium,1,Shared,Low,4.27,Easy,20,100,96,100.0,10.0,96.38,A,Pass,High
STU_000610,14,Female,Undergraduate,Charter,Low,Master,Suburban,55.67,2.06,91.08,61.98,Medium,4.07,3.05,0,4.17,Medium,Moderate,Flashcards,Rarely,6,,5.62,Good,2.94,1.01,Rarely,10,Medium,1,Dedicated,Moderate,4.25,Medium,5,85,45,52.06,10.0,53.4,D,Pass,Low
STU_000611,17,Female,Undergraduate,Private,Middle,Master,Rural,60.01,2.52,75.41,58.98,High,1.1,0.77,0,2.02,Medium,Quiet,Group Study,Daily,5,Excellent,3.66,Poor,2.54,3.78,Frequently,10,High,0,Shared,Moderate,0.57,Medium,7,97,42,77.39,7.91,44.8,F,Fail,Low
STU_000612,16,Female,Undergraduate,Public,Low,Master,Suburban,54.55,2.32,65.35,64.71,Medium,3.15,2.32,0,0.47,Low,Quiet,Self-Reading,Weekly,2,Excellent,6.82,Excellent,6.96,1.23,Frequently,10,Medium,1,Dedicated,High,1.29,Hard,6,100,32,69.38,10.0,32.35,F,Fail,Low
STU_000613,17,Female,High School,Public,Upper-Middle,High School,Urban,71.17,2.96,86.14,67.04,Medium,5.36,3.37,0,0.84,High,Quiet,Group Study,Weekly,4,Poor,7.06,Fair,8.26,1.89,Rarely,10,High,1,Dedicated,Moderate,1.5,Easy,3,89,70,85.23,8.82,77.66,B,Pass,Medium
STU_000614,17,Female,Undergraduate,Public,Lower-Middle,Master,Urban,74.81,3.02,75.67,58.53,Low,0.67,0.48,1,2.94,High,Quiet,Self-Reading,Weekly,5,Average,8.44,Fair,5.95,1.31,Frequently,10,High,0,Dedicated,Moderate,0.23,Easy,13,88,66,82.48,8.75,75.39,B,Pass,Medium
STU_000615,15,Female,Undergraduate,Public,High,Associate,Rural,81.87,3.23,81.34,65.18,Medium,2.15,1.71,1,0.58,Medium,Moderate,Practice Tests,Daily,4,Average,6.8,,3.67,0.54,Frequently,10,Low,1,Dedicated,High,7.48,Medium,28,90,72,100.0,10.0,78.04,B,Pass,Medium
STU_000616,16,Female,Undergraduate,Private,Middle,Bachelor,Rural,65.98,2.79,77.22,58.51,Low,2.83,1.78,0,0.83,High,Quiet,Group Study,Weekly,11,Average,6.23,Good,5.07,5.63,Occasionally,10,Low,1,Shared,Moderate,1.47,Medium,9,93,60,86.22,9.04,63.26,D,Pass,Medium
STU_000617,17,Female,Undergraduate,Private,Middle,Associate,Urban,90.04,,78.93,61.03,Medium,0.77,0.66,0,0.72,Medium,Noisy,Self-Reading,Daily,4,Average,7.11,,4.89,0.45,Occasionally,9,Medium,1,Dedicated,Low,1.19,Hard,2,89,31,62.99,9.87,34.45,F,Fail,Low
STU_000618,14,Male,High School,Public,Low,Doctorate,Urban,66.51,2.7,71.44,66.23,Medium,4.36,2.37,0,1.35,Low,Quiet,Self-Reading,Rarely,4,Average,5.82,Fair,6.46,2.25,Frequently,10,High,1,Dedicated,Moderate,1.93,Medium,28,98,64,83.87,10.0,63.55,D,Pass,Medium
STU_000619,14,Female,Undergraduate,Public,High,High School,Urban,75.06,3.03,91.33,85.33,Low,6.58,3.63,0,4.19,High,Noisy,Flashcards,Weekly,8,Excellent,7.68,Poor,4.55,3.17,Occasionally,9,High,1,Dedicated,High,3.2,Hard,3,89,65,100.0,9.72,78.57,B,Pass,Medium
STU_000620,18,Female,Undergraduate,Public,Middle,Bachelor,Suburban,85.03,,85.94,56.56,High,2.4,1.92,1,0.33,Medium,Moderate,Group Study,Weekly,9,Poor,6.91,Good,5.36,1.23,Occasionally,10,Medium,1,Dedicated,Moderate,4.35,Easy,10,94,91,75.21,9.17,96.37,A,Pass,High
STU_000621,16,Female,Undergraduate,Public,High,High School,Suburban,83.26,3.26,82.7,64.44,Medium,2.64,2.29,1,2.96,High,Noisy,Flashcards,Weekly,8,Average,7.71,,5.83,5.38,Occasionally,10,Medium,0,Dedicated,High,9.12,Medium,18,94,84,82.41,8.93,89.88,A,Pass,High
STU_000622,16,Female,High School,Public,Middle,High School,Urban,89.12,3.72,69.63,50.29,Low,0.72,0.39,0,1.65,High,Moderate,Group Study,Weekly,6,Excellent,6.98,Poor,7.03,12.0,Occasionally,10,Medium,1,Dedicated,Low,1.56,Medium,25,97,49,73.47,8.92,49.27,F,Fail,Low
STU_000623,18,Female,Undergraduate,Charter,Middle,High School,Rural,78.39,3.11,79.38,59.17,Medium,1.9,1.13,0,3.03,Low,Noisy,Summarizing,Weekly,5,Average,8.78,Fair,5.34,0.3,Occasionally,10,Low,1,Dedicated,Moderate,1.9,Medium,15,96,65,84.49,10.0,70.21,C,Pass,Medium
STU_000624,17,Female,High School,Private,Middle,Doctorate,Urban,58.8,2.27,83.66,48.81,Medium,2.07,1.57,1,0.48,Low,Quiet,Self-Reading,Rarely,9,Average,8.55,Poor,6.47,0.6,Rarely,10,Medium,1,Dedicated,High,1.87,Easy,23,89,73,88.56,10.0,79.6,B,Pass,Medium
STU_000625,16,Male,Undergraduate,Public,Lower-Middle,,Urban,63.45,2.68,92.06,88.32,Medium,4.02,2.71,1,0.95,High,Quiet,Flashcards,Weekly,4,Poor,7.72,Excellent,3.75,4.75,Frequently,10,High,1,Dedicated,Moderate,2.55,Easy,7,95,70,76.0,8.45,70.85,C,Pass,Medium
STU_000626,14,Male,High School,Private,Lower-Middle,Master,Urban,47.36,1.97,91.91,69.96,Medium,3.84,2.16,0,4.65,Low,Quiet,Summarizing,Daily,10,Average,7.73,Fair,8.58,2.57,Occasionally,9,High,1,Dedicated,High,5.1,Easy,14,89,54,,9.01,57.12,D,Pass,Low
STU_000627,14,Male,High School,Public,Upper-Middle,Master,Urban,53.56,2.14,75.88,72.68,High,2.13,1.56,0,2.85,Medium,Moderate,Self-Reading,Weekly,6,Poor,7.39,Excellent,7.45,0.31,Occasionally,8,High,1,Dedicated,Low,1.15,Easy,17,100,58,94.63,10.0,56.49,D,Pass,Low
STU_000628,15,Female,Undergraduate,Public,Lower-Middle,Master,Urban,84.02,,86.95,55.69,Medium,2.63,1.87,0,6.54,Medium,Quiet,Flashcards,Weekly,8,Poor,6.12,Good,6.42,6.22,Occasionally,10,Medium,1,Dedicated,Moderate,0.33,Easy,29,100,82,,10.0,82.1,B,Pass,High
STU_000629,16,Male,Undergraduate,Public,Lower-Middle,Associate,Rural,67.08,2.54,82.15,81.48,Medium,1.81,1.13,0,1.34,High,Quiet,Summarizing,Weekly,5,Poor,7.25,Fair,2.84,0.1,Frequently,10,High,1,Dedicated,Moderate,9.01,Medium,30,87,54,96.67,10.0,61.34,D,Pass,Medium
STU_000630,17,Male,Undergraduate,Public,Upper-Middle,Master,Suburban,77.78,3.51,79.65,72.76,Medium,4.03,2.33,0,2.06,Low,Quiet,Flashcards,Daily,2,Average,7.37,Good,5.99,0.97,Frequently,10,Medium,1,Dedicated,Moderate,8.38,Medium,9,98,64,53.49,10.0,70.03,C,Pass,Medium
STU_000631,18,Male,High School,Public,Upper-Middle,Bachelor,Suburban,64.68,2.44,91.13,65.35,High,1.95,1.72,1,0.63,Low,Quiet,Self-Reading,Rarely,6,Excellent,8.37,Fair,5.34,0.54,Occasionally,10,Medium,1,Dedicated,High,8.15,Medium,15,100,50,44.17,9.67,51.38,D,Pass,Low
STU_000632,18,Male,High School,Private,Low,Master,Urban,88.42,3.66,86.14,73.29,Medium,3.21,2.2,0,1.35,Medium,Quiet,Practice Tests,Weekly,3,Poor,9.37,Excellent,6.95,7.98,Frequently,10,High,1,Shared,High,1.48,Easy,18,86,70,,10.0,80.77,B,Pass,High
STU_000633,17,Female,High School,Private,Middle,Bachelor,Urban,70.19,2.81,88.51,68.75,Medium,2.04,1.03,0,1.37,Medium,Quiet,Self-Reading,Weekly,4,Average,9.88,Fair,5.71,10.27,Occasionally,10,Low,1,Shared,Moderate,2.68,Medium,30,93,50,,10.0,53.6,D,Pass,Low
STU_000634,20,Male,Undergraduate,Private,Upper-Middle,High School,Suburban,88.67,3.78,85.69,66.75,High,5.52,3.37,1,1.54,Low,Quiet,Practice Tests,Rarely,5,Average,7.09,Good,7.34,6.16,Occasionally,10,Medium,1,Dedicated,Moderate,10.8,Easy,13,89,84,,7.92,94.68,A,Pass,High
STU_000635,19,Male,High School,Charter,Upper-Middle,,Rural,86.07,3.23,92.22,71.35,Medium,2.92,1.81,0,0.57,Medium,Quiet,Group Study,Weekly,3,Average,6.79,Good,2.69,11.47,Occasionally,10,High,1,Dedicated,Low,2.68,Medium,22,96,63,74.32,7.33,68.79,C,Pass,Medium
STU_000636,15,Female,High School,Public,Upper-Middle,Master,Suburban,63.54,2.67,80.79,76.62,High,5.14,4.09,0,2.91,Medium,Moderate,Self-Reading,Weekly,7,Poor,6.4,Excellent,4.34,2.84,Occasionally,10,High,1,Shared,Low,3.88,Medium,20,88,65,,8.64,76.65,B,Pass,Medium
STU_000637,18,Female,High School,Public,Upper-Middle,Associate,Rural,71.34,2.74,85.85,74.73,Medium,4.79,2.96,0,0.77,Medium,Quiet,Practice Tests,Daily,6,Average,5.96,Good,1.0,2.39,Occasionally,10,Low,1,Shared,Low,1.64,Medium,4,99,46,51.14,10.0,47.99,F,Fail,Low
STU_000638,16,Male,High School,Public,Lower-Middle,,Urban,42.07,1.95,80.82,48.72,High,3.02,2.13,1,0.07,Medium,Moderate,Group Study,Weekly,2,Average,7.2,Good,8.14,1.31,Occasionally,10,Medium,1,Dedicated,Low,13.18,Hard,14,95,33,58.78,10.0,35.57,F,Fail,Low
STU_000639,15,Female,High School,Private,Middle,Bachelor,Urban,60.29,2.32,94.2,76.5,Medium,5.14,3.22,1,4.56,Low,Noisy,Self-Reading,Weekly,4,,7.3,Excellent,5.48,8.43,Occasionally,10,Low,1,Dedicated,High,7.4,Medium,8,95,52,59.4,10.0,53.33,D,Pass,Low
STU_000640,16,Male,Undergraduate,Public,Upper-Middle,Doctorate,Urban,68.2,2.92,71.59,65.4,Low,2.51,2.0,1,0.18,Medium,Moderate,Self-Reading,Weekly,4,Average,9.51,Fair,4.03,0.04,Frequently,10,Medium,1,Shared,High,8.06,Hard,30,94,52,,7.22,53.95,D,Pass,Low
STU_000641,20,Female,Undergraduate,Charter,Lower-Middle,High School,Urban,74.62,2.88,87.33,84.0,Low,4.5,3.29,0,5.67,Medium,Moderate,Summarizing,Daily,3,Average,5.73,Good,5.72,6.92,Occasionally,10,Medium,1,Dedicated,High,0.16,Medium,28,92,55,,10.0,60.82,D,Pass,Medium
STU_000642,14,Male,High School,Public,Low,High School,Suburban,45.44,1.91,60.07,46.33,Low,3.41,2.29,0,0.31,Medium,Quiet,Practice Tests,Daily,4,Average,6.75,Good,4.96,5.12,Rarely,8,Medium,1,Dedicated,Low,3.07,Easy,16,93,51,72.72,7.44,52.41,D,Pass,Low
STU_000643,15,Male,High School,Private,Low,High School,Urban,84.46,3.45,82.09,78.07,Low,2.75,1.89,0,0.81,Medium,Quiet,Practice Tests,Rarely,6,Average,6.32,Fair,6.29,1.11,Occasionally,10,Medium,1,Dedicated,Moderate,3.58,Hard,21,85,55,98.2,8.88,64.95,D,Pass,Medium
STU_000644,18,Male,Undergraduate,Private,Upper-Middle,High School,Urban,89.82,3.53,88.21,76.71,Low,2.69,1.91,0,2.98,Low,Quiet,Summarizing,Daily,10,Average,4.49,Good,7.16,0.03,Frequently,10,Medium,1,Dedicated,Moderate,0.28,Easy,8,92,72,80.41,10.0,75.55,B,Pass,Medium
STU_000645,15,Male,Undergraduate,Private,Upper-Middle,High School,Suburban,79.14,,88.74,63.93,High,1.18,0.66,0,0.35,Low,Quiet,Practice Tests,Rarely,1,Average,5.83,Poor,2.49,0.78,Frequently,10,Low,1,Dedicated,Moderate,1.36,Medium,11,95,57,,10.0,61.31,D,Pass,Medium
STU_000646,15,Male,Undergraduate,Public,Middle,Bachelor,Urban,70.83,2.71,99.24,87.04,Low,1.87,1.16,0,0.57,High,Quiet,Self-Reading,Weekly,7,Average,6.37,Good,7.14,0.92,Frequently,8,High,1,Dedicated,Moderate,2.65,Medium,27,97,75,59.93,5.85,78.63,B,Pass,Medium
STU_000647,15,Male,Undergraduate,Public,Middle,Bachelor,Urban,69.41,2.71,68.14,66.99,Medium,4.51,2.36,1,3.27,Medium,Quiet,Self-Reading,Weekly,6,Average,5.86,Excellent,4.58,5.53,Frequently,9,Low,1,Dedicated,Low,4.87,Medium,18,91,55,83.65,9.04,63.42,D,Pass,Medium
STU_000648,19,Female,Undergraduate,Public,Lower-Middle,High School,Urban,52.54,2.43,84.65,86.34,Medium,5.45,4.88,0,3.85,High,Moderate,Self-Reading,Daily,5,Poor,4.46,Fair,5.08,1.76,Occasionally,10,Medium,1,Shared,Moderate,1.33,Hard,29,98,48,100.0,9.38,47.65,F,Fail,Low
STU_000649,15,Male,High School,Public,Lower-Middle,Associate,Suburban,68.11,2.61,82.6,55.28,High,3.02,2.7,0,4.1,Low,Moderate,Summarizing,Weekly,5,Excellent,7.25,Fair,6.52,4.49,Occasionally,9,Medium,1,Shared,Low,0.97,Medium,26,99,73,85.12,7.17,71.34,C,Pass,Medium
STU_000650,16,Female,High School,Public,Middle,High School,Urban,67.77,2.65,85.61,65.73,High,2.14,1.45,1,1.14,Medium,Noisy,Flashcards,Daily,5,Average,8.6,Excellent,5.84,0.4,Rarely,10,High,1,Dedicated,Moderate,7.91,Medium,28,86,40,83.29,10.0,49.01,F,Fail,Low
STU_000651,14,Female,Undergraduate,Private,Upper-Middle,Bachelor,Suburban,74.18,3.05,81.07,77.56,High,7.07,5.94,1,0.05,High,Moderate,Group Study,Rarely,7,Poor,7.29,Poor,1.69,4.76,Occasionally,10,Medium,1,Dedicated,High,2.11,Medium,18,100,70,73.63,8.07,70.43,C,Pass,Medium
STU_000652,20,Male,Undergraduate,Private,Upper-Middle,High School,Urban,74.64,2.81,75.63,65.18,Medium,1.07,0.74,1,2.05,Medium,Quiet,Flashcards,Rarely,5,Average,7.38,Poor,4.04,1.48,Occasionally,8,Medium,1,Shared,Moderate,0.51,Easy,5,99,57,100.0,9.45,59.09,D,Pass,Low
STU_000653,17,Female,High School,Private,Low,,Urban,73.51,2.88,,87.18,High,2.66,1.81,0,0.35,High,Moderate,Flashcards,Daily,6,Excellent,7.03,Fair,7.17,2.14,Occasionally,10,High,1,Dedicated,Low,1.84,Hard,10,86,55,67.98,10.0,63.95,D,Pass,Medium
STU_000654,15,Male,Undergraduate,Private,Upper-Middle,High School,Suburban,76.6,3.32,,57.16,Medium,3.0,1.58,0,0.13,Medium,Moderate,Group Study,Daily,3,Average,7.58,Fair,7.18,2.77,Rarely,10,High,1,Dedicated,Moderate,8.47,Easy,11,85,57,,10.0,68.64,C,Pass,Medium
STU_000655,18,Female,High School,Private,Middle,Associate,Rural,60.04,2.17,,59.85,High,1.39,1.21,1,0.15,Medium,Quiet,Summarizing,Rarely,2,Excellent,5.89,Fair,8.99,4.94,Frequently,10,Medium,1,Dedicated,Moderate,6.37,Medium,29,96,37,94.58,9.01,36.5,F,Fail,Low
STU_000656,15,Female,Undergraduate,Private,Lower-Middle,High School,Suburban,64.35,2.59,90.92,61.5,Medium,0.5,0.27,1,1.15,Low,Moderate,Self-Reading,Daily,6,Average,8.0,Good,4.02,0.79,Occasionally,8,Low,1,Dedicated,Low,3.69,Hard,15,98,52,61.52,9.32,53.05,D,Pass,Low
STU_000657,18,Female,High School,Public,Upper-Middle,Bachelor,Suburban,62.13,,,67.63,Medium,4.6,3.46,1,6.42,Low,Quiet,Flashcards,Daily,8,Average,8.75,Fair,5.33,2.41,Rarely,10,High,1,Dedicated,Low,2.2,Medium,10,88,77,80.22,4.96,84.3,B,Pass,High
STU_000658,16,Female,Undergraduate,Public,Lower-Middle,High School,Suburban,79.15,3.19,88.96,57.34,Low,2.21,1.15,0,1.22,Low,Moderate,Flashcards,Rarely,1,Poor,7.48,Good,6.41,1.27,Frequently,9,Medium,1,Dedicated,Moderate,8.97,Medium,20,100,58,98.04,10.0,59.72,D,Pass,Low
STU_000659,18,Male,High School,Charter,Lower-Middle,Associate,Rural,57.25,2.38,84.51,57.13,Medium,1.06,0.58,0,1.31,High,Quiet,Summarizing,Weekly,8,Average,5.73,Poor,4.5,1.37,Occasionally,10,Low,1,Dedicated,Low,3.17,Hard,10,89,47,95.53,9.2,54.65,D,Pass,Low
STU_000660,17,Male,High School,Private,Low,Bachelor,Urban,65.82,2.62,,64.93,Medium,1.73,1.15,0,2.6,High,Quiet,Self-Reading,Rarely,6,Excellent,7.33,Excellent,4.19,0.56,Frequently,10,Medium,1,Shared,Moderate,6.85,Medium,30,100,70,73.94,8.87,68.09,C,Pass,Medium
STU_000661,14,Male,Undergraduate,Public,Middle,High School,Suburban,65.8,2.78,94.41,75.49,High,1.34,0.67,1,1.7,Medium,Quiet,Practice Tests,Weekly,7,Average,7.27,,8.33,5.77,Frequently,10,Low,1,Dedicated,Low,0.33,Easy,2,97,48,86.12,10.0,51.51,D,Pass,Low
STU_000662,18,Male,Undergraduate,Public,Middle,Bachelor,Suburban,63.98,2.46,78.38,66.67,Medium,3.2,2.31,1,0.6,Medium,Moderate,Self-Reading,Rarely,9,,8.91,Good,7.34,6.5,Occasionally,10,Medium,1,Shared,Low,0.5,Easy,18,92,78,100.0,9.98,84.05,B,Pass,High
STU_000663,18,Female,High School,Private,Low,Associate,Urban,69.99,2.86,68.32,72.78,Medium,3.99,2.08,0,2.45,Medium,Quiet,Summarizing,Weekly,7,Poor,5.66,Poor,4.64,1.45,Frequently,9,High,1,Dedicated,High,2.19,Medium,15,89,53,39.34,8.97,58.76,D,Pass,Low
STU_000664,14,Female,High School,Charter,Low,High School,Urban,65.37,2.42,,68.17,Medium,2.31,1.79,1,4.19,Medium,Quiet,Practice Tests,Daily,5,Average,8.25,Fair,7.18,4.27,Occasionally,10,Low,1,Dedicated,High,13.67,Easy,27,91,57,88.99,9.23,60.76,D,Pass,Medium
STU_000665,17,Female,Undergraduate,Public,Lower-Middle,High School,Rural,79.38,,73.13,69.1,High,7.36,5.88,0,0.99,Medium,Moderate,Practice Tests,Daily,5,,6.81,Good,2.89,0.64,Rarely,10,Medium,1,Shared,Moderate,2.54,Medium,21,99,75,55.02,9.3,76.11,B,Pass,Medium
STU_000666,15,Female,High School,Private,Lower-Middle,Bachelor,Urban,59.81,2.23,89.36,90.42,Low,3.91,2.02,0,3.52,High,Moderate,Flashcards,Rarely,4,Poor,5.68,Fair,5.83,0.34,Frequently,10,High,1,Dedicated,Low,1.67,Easy,12,96,60,90.32,10.0,64.15,D,Pass,Medium
STU_000667,18,Male,Undergraduate,Private,Lower-Middle,High School,Suburban,87.2,3.23,94.36,79.34,Medium,3.69,2.2,0,3.58,Medium,Quiet,Practice Tests,Daily,7,Average,5.22,Excellent,3.57,5.37,Frequently,10,Low,1,Shared,Moderate,0.54,Easy,4,97,69,66.83,8.14,72.19,C,Pass,Medium
STU_000668,14,Female,High School,Public,Middle,Doctorate,Rural,65.69,2.57,84.39,54.86,High,0.62,0.36,0,3.43,Medium,Moderate,Practice Tests,Daily,4,Average,6.45,Excellent,6.77,1.73,Frequently,10,High,1,Dedicated,Moderate,0.63,Hard,28,94,31,66.54,9.89,31.98,F,Fail,Low
STU_000669,16,Male,Undergraduate,Public,Lower-Middle,Master,Urban,65.53,2.82,86.34,72.93,Medium,2.62,2.27,1,2.13,Medium,Moderate,Flashcards,Weekly,6,Average,6.03,Fair,5.15,0.85,Frequently,10,Low,1,Dedicated,Moderate,4.37,Hard,15,92,48,50.37,8.61,51.14,D,Pass,Low
STU_000670,14,Male,Undergraduate,Private,Middle,Associate,Rural,81.42,3.2,98.68,88.59,Medium,6.55,4.1,1,0.02,High,Quiet,Practice Tests,Rarely,10,Average,5.82,Fair,5.28,6.76,Occasionally,10,Medium,1,Dedicated,Moderate,2.59,Hard,15,91,66,63.84,10.0,73.17,C,Pass,Medium
STU_000671,16,Male,High School,Private,Middle,Doctorate,Rural,53.64,2.4,97.3,79.24,Low,2.4,1.43,0,7.42,High,Noisy,Self-Reading,Daily,5,Average,4.59,Good,3.29,1.42,Frequently,10,Low,1,Dedicated,High,0.63,Easy,1,94,45,94.01,9.54,49.0,F,Fail,Low
STU_000672,17,Male,High School,Private,Low,Doctorate,Suburban,91.82,3.72,59.73,52.45,Medium,1.53,1.06,0,0.08,Medium,Moderate,Practice Tests,Weekly,5,Excellent,5.6,Good,1.36,0.48,Frequently,10,Medium,1,Shared,Low,0.19,Hard,30,100,62,91.53,8.84,61.74,D,Pass,Medium
STU_000673,15,Male,Undergraduate,Private,Low,High School,Suburban,44.01,1.76,78.65,64.3,Low,5.96,3.64,0,1.47,Medium,Moderate,Practice Tests,Daily,6,Excellent,7.69,Poor,4.62,1.14,Frequently,10,High,1,Dedicated,Low,3.04,Easy,17,92,61,95.37,10.0,66.56,C,Pass,Medium
STU_000674,14,Male,High School,Private,Lower-Middle,,Suburban,58.9,2.7,,58.17,Medium,2.78,1.86,1,1.79,Medium,Quiet,Summarizing,Daily,3,Excellent,5.77,Good,5.64,4.82,Occasionally,10,High,0,None,Low,0.45,Hard,20,96,43,93.72,9.82,44.76,F,Fail,Low
STU_000675,20,Other,High School,Charter,High,Bachelor,Suburban,82.34,3.19,86.2,58.47,Medium,0.57,0.42,1,1.38,Medium,Noisy,Practice Tests,Daily,7,Poor,6.47,,5.92,0.33,Occasionally,10,High,1,Shared,High,1.95,Medium,13,86,45,66.56,10.0,50.74,D,Pass,Low
STU_000676,20,Female,High School,Private,Upper-Middle,Doctorate,Suburban,64.74,2.54,84.08,51.82,Low,1.59,0.92,0,0.9,Medium,Noisy,Summarizing,Weekly,4,Average,6.8,Good,6.24,0.68,Frequently,10,High,1,Dedicated,Moderate,1.3,Medium,30,94,44,84.41,9.84,48.12,F,Fail,Low
STU_000677,19,Female,High School,Private,Low,Bachelor,Rural,71.21,3.02,85.77,72.38,Low,3.19,2.82,0,0.73,Medium,Quiet,Practice Tests,Weekly,8,Excellent,5.6,Fair,3.44,0.36,Occasionally,10,Medium,1,Dedicated,High,2.88,Hard,1,96,31,,10.0,31.28,F,Fail,Low
STU_000678,18,Male,High School,Private,Lower-Middle,Associate,Suburban,59.33,2.08,84.21,74.95,High,2.89,2.08,0,1.53,Medium,Moderate,Group Study,Weekly,3,Average,6.18,Poor,1.77,1.21,Occasionally,10,Medium,0,Dedicated,Moderate,0.2,Hard,1,95,29,76.47,8.34,30.08,F,Fail,Low
STU_000679,17,Male,Undergraduate,Public,Lower-Middle,Bachelor,Rural,72.34,2.89,75.3,61.88,High,2.86,1.88,0,2.48,High,Moderate,Group Study,Daily,7,Average,5.7,Fair,5.21,1.63,Occasionally,10,Medium,1,None,Low,1.81,Hard,6,91,40,56.29,9.28,47.3,F,Fail,Low
STU_000680,14,Male,Undergraduate,Private,Lower-Middle,Bachelor,Urban,70.51,,79.38,43.32,Medium,0.99,0.79,0,0.07,Low,Quiet,Flashcards,Weekly,3,Excellent,6.85,Fair,5.13,1.0,Occasionally,10,Low,1,Dedicated,High,2.84,Hard,17,87,33,81.56,10.0,39.81,F,Fail,Low
STU_000681,20,Female,High School,Public,High,Associate,Suburban,72.52,3.07,82.57,70.41,Low,5.21,4.59,1,2.95,Medium,Quiet,Self-Reading,Rarely,4,Average,6.54,Fair,7.64,3.6,Occasionally,10,Medium,1,Dedicated,Low,11.64,Medium,18,95,81,100.0,9.53,82.39,B,Pass,High
STU_000682,18,Female,High School,Charter,Upper-Middle,High School,Suburban,72.5,2.91,,51.61,High,1.87,1.52,1,0.45,Medium,Moderate,Flashcards,Weekly,11,,7.08,Poor,4.06,2.45,Rarely,10,High,1,Shared,Low,3.28,Hard,30,86,56,83.59,10.0,67.05,C,Pass,Medium
STU_000683,20,Male,Undergraduate,Public,Lower-Middle,Bachelor,Urban,76.85,3.14,86.02,73.93,Low,3.9,2.42,1,0.71,Low,Moderate,Group Study,Weekly,6,Average,6.06,,3.72,0.35,Occasionally,7,High,1,Dedicated,Moderate,0.61,Hard,23,99,66,61.62,4.84,63.12,D,Pass,Medium
STU_000684,14,Female,Undergraduate,Private,Lower-Middle,Master,Suburban,81.12,3.28,97.64,74.71,Medium,2.56,2.03,1,0.78,Medium,Moderate,Summarizing,Daily,6,Average,8.53,Fair,4.76,2.23,Occasionally,10,Medium,1,Dedicated,Moderate,12.04,Hard,27,89,78,85.07,8.1,88.27,A,Pass,High
STU_000685,16,Male,Undergraduate,Public,Lower-Middle,High School,Suburban,70.3,2.71,86.6,98.26,High,2.48,2.08,1,2.97,High,Quiet,Group Study,Daily,3,Average,6.89,Good,8.81,0.57,Occasionally,10,Medium,1,Dedicated,High,4.2,Easy,11,95,52,,10.0,53.26,D,Pass,Low
STU_000686,14,Male,High School,Public,Middle,Associate,Urban,77.92,3.02,100.0,67.87,Medium,1.51,1.12,1,1.17,Medium,Quiet,Self-Reading,Weekly,3,Average,6.78,Poor,8.59,2.23,Frequently,9,High,1,Dedicated,High,1.94,Medium,10,97,54,95.21,8.76,57.65,D,Pass,Low
STU_000687,19,Other,High School,Public,Low,Associate,Suburban,59.82,2.63,83.61,65.68,High,2.36,1.57,0,1.47,Medium,Quiet,Practice Tests,Daily,4,Poor,4.25,Good,5.36,0.88,Occasionally,9,Medium,1,Dedicated,Low,5.21,Hard,8,95,46,79.55,9.93,46.83,F,Fail,Low
STU_000688,14,Male,High School,Public,Lower-Middle,High School,Urban,70.56,2.94,81.19,61.3,Medium,5.32,3.43,0,2.6,High,Noisy,Self-Reading,Rarely,12,Average,7.9,Fair,3.98,0.58,Rarely,10,Low,1,Dedicated,Moderate,0.17,Hard,17,90,58,87.87,8.81,65.08,C,Pass,Medium
STU_000689,14,Female,High School,Public,Low,Doctorate,Urban,58.7,2.26,79.58,64.27,Medium,1.68,0.84,1,0.31,High,Quiet,Group Study,Weekly,4,Average,7.35,Excellent,7.15,6.59,Rarely,8,Medium,1,Dedicated,Moderate,0.46,Medium,29,87,52,86.93,8.31,56.68,D,Pass,Low
STU_000690,19,Female,Undergraduate,Public,Middle,,Rural,70.05,2.75,66.23,56.09,Medium,2.88,2.33,0,3.87,Medium,Quiet,Self-Reading,Rarely,3,Average,6.64,,6.15,2.81,Rarely,10,Medium,1,Dedicated,Moderate,0.47,Hard,27,86,45,100.0,9.6,50.69,D,Pass,Low
STU_000691,17,Male,High School,Private,Low,Bachelor,Suburban,80.06,3.37,73.62,58.98,Medium,2.41,1.63,0,0.07,High,Moderate,Group Study,Rarely,5,Average,8.5,Good,2.29,0.25,Occasionally,8,Low,1,Dedicated,Moderate,2.13,Medium,20,88,71,57.57,10.0,81.17,B,Pass,High
STU_000692,14,Other,High School,Public,High,High School,Urban,77.35,2.95,91.31,77.78,Medium,1.19,0.62,0,0.51,Medium,Noisy,Flashcards,Weekly,4,Poor,4.73,Good,5.3,5.17,Rarely,10,High,1,Dedicated,Moderate,3.03,Hard,12,89,37,63.88,10.0,43.77,F,Fail,Low
STU_000693,19,Male,High School,Public,Upper-Middle,Associate,Urban,70.89,2.64,87.32,73.76,Low,5.65,3.38,0,0.19,High,Moderate,Flashcards,Weekly,10,Excellent,8.4,Fair,1.88,1.52,Occasionally,10,High,1,Dedicated,Low,2.96,Hard,8,92,63,86.31,8.94,68.03,C,Pass,Medium
STU_000694,18,Male,High School,Private,Upper-Middle,Bachelor,Rural,83.43,3.43,94.85,69.92,High,2.28,1.38,0,2.6,Medium,Quiet,Summarizing,Weekly,7,,7.44,Fair,4.72,1.43,Occasionally,9,High,0,Dedicated,High,7.72,Medium,17,85,51,56.41,8.19,62.73,D,Pass,Medium
STU_000695,16,Male,High School,Public,Middle,High School,Urban,64.3,2.64,,68.71,Medium,1.92,1.54,1,2.26,Medium,Quiet,Summarizing,Weekly,3,Excellent,8.85,Good,7.65,2.28,Occasionally,10,Medium,1,Dedicated,High,4.22,Easy,5,94,77,85.99,9.32,79.64,B,Pass,Medium
STU_000696,16,Male,High School,Public,Upper-Middle,Bachelor,Suburban,78.26,2.98,90.37,95.64,Low,4.65,2.87,0,1.0,Medium,Noisy,Self-Reading,Weekly,6,Average,5.11,Poor,4.14,2.93,Frequently,10,Low,1,Dedicated,Moderate,5.26,Easy,7,90,80,81.14,10.0,89.09,A,Pass,High
STU_000697,14,Male,High School,Public,High,High School,Urban,67.78,2.54,91.64,78.47,High,0.5,0.43,1,1.15,Medium,Moderate,Flashcards,Weekly,6,Average,7.53,Fair,7.26,0.63,Frequently,10,Low,1,Dedicated,Moderate,1.58,Medium,14,96,66,100.0,9.89,67.82,C,Pass,Medium
STU_000698,17,Female,Undergraduate,Public,Upper-Middle,Associate,Suburban,53.07,2.39,98.3,81.87,High,6.31,3.88,0,2.77,Medium,Moderate,Flashcards,Weekly,12,Average,7.59,Good,5.47,5.78,Frequently,10,Medium,1,Dedicated,Low,7.95,Medium,22,98,72,80.81,10.0,73.83,C,Pass,Medium
STU_000699,17,Male,Undergraduate,Public,Middle,Doctorate,Urban,64.43,,,57.19,Medium,1.11,0.58,0,2.08,Medium,Moderate,Self-Reading,Daily,5,Average,6.47,,6.05,0.81,Frequently,9,High,1,Dedicated,Moderate,2.64,Hard,29,94,52,87.61,7.42,57.24,D,Pass,Low
STU_000700,18,Male,Undergraduate,Private,Lower-Middle,Master,Rural,65.2,2.62,92.41,80.93,Medium,5.95,4.58,0,1.22,High,Moderate,Group Study,Weekly,5,Average,6.09,Good,5.34,0.91,Occasionally,10,Medium,1,Dedicated,Low,5.57,Hard,4,94,36,60.31,10.0,40.69,F,Fail,Low
STU_000701,14,Male,High School,Private,Upper-Middle,High School,Suburban,75.51,3.18,87.43,65.13,Low,1.69,1.07,0,2.86,Low,Noisy,Flashcards,Weekly,2,Average,6.11,Good,1.0,6.53,Occasionally,7,High,1,Dedicated,Moderate,0.96,Hard,18,98,61,56.68,3.94,61.73,D,Pass,Medium
STU_000702,16,Male,Undergraduate,Private,Lower-Middle,Bachelor,Rural,61.09,,85.32,65.23,Medium,1.22,0.82,1,2.1,Medium,Moderate,Flashcards,Weekly,9,Excellent,7.34,Fair,1.05,0.17,Occasionally,10,Medium,1,Shared,Moderate,9.9,Medium,2,89,43,70.63,9.58,48.53,F,Fail,Low
STU_000703,17,Female,Undergraduate,Public,Lower-Middle,Associate,Urban,70.7,2.88,82.62,43.12,Low,2.48,1.75,0,2.93,Medium,Quiet,Summarizing,Rarely,2,Excellent,7.19,Poor,2.47,1.42,Occasionally,10,High,1,Dedicated,Moderate,0.03,Hard,19,95,44,53.71,10.0,46.16,F,Fail,Low
STU_000704,14,Female,High School,Public,Low,Doctorate,Rural,57.0,,98.94,92.41,Low,1.55,0.84,0,2.54,Medium,Moderate,Flashcards,Daily,5,Poor,6.65,Fair,4.46,2.51,Occasionally,10,Low,1,Shared,Low,4.78,Hard,17,90,57,100.0,9.9,63.58,D,Pass,Medium
STU_000705,20,Female,High School,Public,Upper-Middle,Bachelor,Urban,60.37,2.38,76.2,79.52,Low,3.21,2.82,1,0.03,Medium,Moderate,Group Study,Weekly,3,Average,8.89,Poor,4.15,5.34,Frequently,9,Low,1,Dedicated,Low,0.15,Easy,9,93,65,71.28,8.89,67.63,C,Pass,Medium
STU_000706,17,Male,Undergraduate,Private,Middle,High School,Urban,90.94,3.86,80.89,71.66,Medium,2.68,1.48,1,0.16,High,Quiet,Practice Tests,Rarely,7,,9.55,Good,4.63,2.59,Occasionally,10,Low,1,Shared,Moderate,1.77,Medium,12,100,82,94.13,10.0,80.6,B,Pass,High
STU_000707,19,Female,High School,Public,Middle,Bachelor,Urban,56.56,2.59,73.85,68.61,Medium,2.89,1.82,0,0.26,Medium,Moderate,Group Study,Weekly,4,Excellent,6.2,Poor,5.96,4.51,Occasionally,8,Medium,1,Shared,High,2.2,Easy,27,92,41,79.59,9.41,47.17,F,Fail,Low
STU_000708,20,Male,Undergraduate,Charter,Low,High School,Urban,73.59,2.95,82.25,62.21,Medium,3.39,1.92,1,1.15,Medium,Noisy,Practice Tests,Daily,10,Average,7.52,Poor,1.0,10.85,Frequently,7,High,1,Dedicated,Low,0.21,Medium,2,95,68,83.95,7.11,72.99,C,Pass,Medium
STU_000709,17,Male,High School,Public,Lower-Middle,Associate,Suburban,55.86,2.44,72.16,72.52,Medium,2.27,1.15,1,2.49,Medium,Quiet,Flashcards,Daily,8,Excellent,5.92,Poor,5.62,0.56,Occasionally,8,High,1,Dedicated,Low,0.64,Easy,29,91,54,94.03,8.79,61.07,D,Pass,Medium
STU_000710,16,Female,Undergraduate,Public,Lower-Middle,Associate,Urban,77.75,3.16,85.68,81.18,High,3.8,2.04,0,0.6,Medium,Moderate,Self-Reading,Daily,8,Average,7.44,Good,2.53,1.21,Occasionally,10,Medium,1,Dedicated,Moderate,0.64,Easy,22,94,70,77.83,10.0,74.35,C,Pass,Medium
STU_000711,15,Female,High School,Public,Low,High School,Urban,69.58,2.69,83.57,55.08,Low,3.66,2.33,0,4.19,Low,Quiet,Group Study,Weekly,7,Excellent,6.39,Good,5.84,0.99,Occasionally,10,High,1,Dedicated,Moderate,2.04,Hard,28,100,63,54.58,9.32,62.53,D,Pass,Medium
STU_000712,20,Male,High School,Private,Middle,Master,Rural,74.24,2.82,92.01,52.8,Medium,2.08,1.2,1,1.44,Low,Moderate,Summarizing,Weekly,8,,7.41,Poor,2.72,4.32,Rarely,9,High,1,Dedicated,Moderate,2.84,Medium,26,87,53,69.12,4.58,61.32,D,Pass,Medium
STU_000713,18,Female,High School,Public,Lower-Middle,Bachelor,Urban,76.86,3.06,73.18,69.81,Medium,3.81,2.45,0,0.44,Medium,Noisy,Flashcards,Daily,5,Poor,8.21,Fair,6.87,1.41,Frequently,8,High,1,Dedicated,Low,1.85,Medium,17,91,73,91.69,6.84,78.09,B,Pass,Medium
STU_000714,18,Female,Undergraduate,Charter,Low,Master,Urban,87.32,3.28,82.96,50.34,High,0.75,0.46,0,1.04,Medium,Quiet,Summarizing,Daily,7,,6.93,Fair,4.13,0.96,Frequently,10,High,1,None,High,1.65,Hard,12,90,59,100.0,8.71,64.68,D,Pass,Medium
STU_000715,16,Female,High School,Public,Middle,Bachelor,Urban,62.89,2.14,,54.25,Low,1.23,0.92,1,3.84,Medium,Moderate,Summarizing,Rarely,5,Average,6.17,Good,6.21,5.95,Occasionally,10,Low,1,Shared,Low,11.54,Easy,19,100,56,64.55,10.0,53.89,D,Pass,Low
STU_000716,17,Male,High School,Public,Low,Master,Urban,70.97,2.9,83.13,73.14,Medium,6.92,6.12,0,0.17,Medium,Moderate,Practice Tests,Weekly,8,Average,7.65,,5.63,0.98,Frequently,10,Medium,1,Dedicated,High,0.3,Medium,3,92,73,,9.01,78.22,B,Pass,Medium
STU_000717,14,Male,High School,Public,Middle,Master,Suburban,69.27,2.84,90.11,50.74,Medium,2.51,2.24,0,0.2,High,Moderate,Practice Tests,Rarely,5,,8.35,Good,3.19,0.62,Occasionally,7,High,1,Dedicated,Moderate,1.21,Medium,25,86,54,81.22,8.74,64.72,D,Pass,Medium
STU_000718,17,Male,Undergraduate,Private,Lower-Middle,Associate,Urban,88.26,,95.36,83.79,Low,4.52,2.49,0,0.51,Medium,Moderate,Practice Tests,Daily,11,Average,5.57,Fair,5.17,0.91,Rarely,9,High,1,Shared,Low,1.42,Hard,9,94,62,69.24,9.4,67.71,C,Pass,Medium
STU_000719,16,Female,Undergraduate,Public,Middle,Associate,Urban,75.64,2.83,,65.78,High,2.81,1.64,0,0.1,Low,Quiet,Summarizing,Weekly,6,,7.59,Poor,3.29,8.42,Rarely,10,Medium,1,Dedicated,Low,6.26,Easy,30,85,64,58.06,7.2,75.3,B,Pass,Medium
STU_000720,18,Female,High School,Public,Lower-Middle,High School,Suburban,83.27,3.11,80.96,69.15,Low,2.89,2.07,0,1.16,Medium,Moderate,Group Study,Rarely,5,Average,4.96,Good,3.87,2.02,Frequently,9,Low,1,Shared,Moderate,1.9,Medium,1,87,36,94.37,10.0,45.28,F,Fail,Low
STU_000721,17,Male,Undergraduate,Charter,Lower-Middle,Bachelor,Urban,61.52,2.54,96.74,76.98,Medium,1.8,0.95,0,0.33,Medium,Moderate,Flashcards,Weekly,7,Average,4.14,Poor,5.07,3.18,Frequently,10,High,1,Dedicated,Moderate,1.49,Easy,1,94,40,,10.0,41.16,F,Fail,Low
STU_000722,18,Male,High School,Public,Middle,Master,Rural,70.25,2.49,100.0,87.07,Medium,2.21,1.29,0,4.54,Low,Quiet,Self-Reading,Weekly,2,Average,5.47,Poor,9.43,10.52,Occasionally,8,High,1,Dedicated,Low,1.91,Easy,18,85,56,99.73,10.0,64.1,D,Pass,Medium
STU_000723,20,Female,High School,Public,Lower-Middle,High School,Urban,63.59,2.51,91.31,72.64,Low,1.52,0.76,0,4.19,Medium,Noisy,Self-Reading,Daily,7,Average,8.03,Poor,6.26,9.58,Occasionally,10,High,1,Dedicated,Moderate,2.47,Easy,21,98,60,73.42,8.25,62.96,D,Pass,Medium
STU_000724,14,Female,High School,Public,Middle,Master,Urban,84.32,3.48,100.0,81.81,Medium,2.52,1.27,0,1.56,High,Quiet,Practice Tests,Weekly,2,Average,6.73,Fair,6.81,2.73,Occasionally,10,Low,1,Dedicated,Low,5.85,Easy,28,99,75,97.59,10.0,76.59,B,Pass,Medium
STU_000725,20,Female,High School,Public,Upper-Middle,Associate,Rural,56.8,2.29,89.45,87.36,Medium,5.59,2.89,0,2.83,Low,Moderate,Self-Reading,Weekly,5,Average,6.53,Good,1.0,0.98,Occasionally,10,Medium,1,Shared,Moderate,0.61,Medium,13,92,59,,7.86,60.31,D,Pass,Medium
STU_000726,18,Female,High School,Charter,Low,Associate,Rural,65.82,2.24,82.31,83.25,Medium,1.96,1.75,0,2.76,Medium,Quiet,Practice Tests,Weekly,3,Excellent,7.74,Good,4.58,5.17,Frequently,8,Medium,1,Dedicated,Moderate,1.04,Medium,3,85,42,44.35,9.75,51.53,D,Pass,Low
STU_000727,18,Male,Undergraduate,Public,Middle,Master,Urban,63.34,2.58,92.88,74.18,High,3.84,2.91,1,1.42,Low,Moderate,Flashcards,Daily,4,Average,6.57,Good,5.79,1.11,Frequently,10,Medium,1,Dedicated,Moderate,0.47,Easy,21,100,64,,9.72,63.95,D,Pass,Medium
STU_000728,15,Male,Undergraduate,Public,Upper-Middle,Bachelor,Urban,78.65,3.24,,87.6,Medium,8.61,4.59,0,2.88,Medium,Quiet,Self-Reading,Weekly,4,Average,7.68,Good,5.19,0.57,Occasionally,10,Medium,1,Dedicated,Low,1.31,Medium,2,85,48,74.57,10.0,57.46,D,Pass,Low
STU_000729,15,Male,Undergraduate,Private,Low,Bachelor,Urban,70.45,2.64,,71.11,Low,5.76,3.61,0,0.76,Medium,Moderate,Practice Tests,Weekly,9,Average,7.57,Excellent,5.48,8.49,Frequently,8,Low,1,Shared,High,7.69,Medium,15,89,74,76.53,10.0,84.18,B,Pass,High
STU_000730,20,Female,Undergraduate,Public,Low,Bachelor,Urban,61.83,2.5,87.13,42.17,Low,1.46,0.8,0,0.24,Medium,Quiet,Summarizing,Daily,5,Average,7.15,Good,9.07,3.8,Occasionally,8,Medium,1,Dedicated,Moderate,1.46,Easy,30,96,60,78.33,6.55,64.55,D,Pass,Medium
STU_000731,19,Female,High School,Public,High,,Suburban,56.88,2.12,83.12,80.46,Low,4.42,3.8,0,1.56,Medium,Quiet,Flashcards,Weekly,12,Excellent,7.25,Good,7.21,1.67,Frequently,10,Medium,0,Dedicated,Low,5.43,Medium,8,88,45,76.34,8.87,53.2,D,Pass,Low
STU_000732,20,Male,Undergraduate,Private,Upper-Middle,High School,Urban,77.12,3.24,100.0,81.75,Medium,3.56,2.16,0,0.6,Medium,Moderate,Practice Tests,Rarely,1,Average,6.93,Excellent,4.72,2.66,Frequently,10,Medium,0,Dedicated,Moderate,0.67,Easy,21,93,71,86.5,7.34,75.97,B,Pass,Medium
STU_000733,15,Male,High School,Charter,Low,High School,Suburban,71.61,2.72,78.52,68.26,Low,3.55,2.55,0,2.21,Medium,Moderate,Self-Reading,Rarely,6,Average,5.3,Fair,3.33,0.94,Occasionally,10,Medium,1,Dedicated,High,2.37,Easy,26,87,60,81.47,9.37,71.49,C,Pass,Medium
STU_000734,18,Other,Undergraduate,Public,Lower-Middle,Master,Rural,69.76,2.58,89.62,65.26,Medium,1.61,1.35,0,3.7,Medium,Moderate,Summarizing,Weekly,6,Excellent,7.75,Good,7.02,0.74,Rarely,10,High,1,Shared,Moderate,5.51,Medium,10,100,84,84.94,9.24,83.95,B,Pass,High
STU_000735,16,Male,Undergraduate,Private,Low,High School,Urban,76.36,2.97,68.89,57.17,Medium,4.7,2.84,0,0.17,High,Moderate,Flashcards,Daily,3,Average,6.66,Fair,5.8,3.43,Occasionally,10,High,1,Dedicated,Low,9.2,Medium,10,94,60,70.68,7.6,64.12,D,Pass,Medium
STU_000736,20,Male,High School,Public,Low,High School,Urban,74.49,3.06,89.96,77.34,Medium,2.09,1.57,0,4.4,Low,Moderate,Flashcards,Daily,3,Average,7.15,,3.47,1.08,Frequently,10,Low,1,Dedicated,Low,3.08,Hard,30,98,61,88.62,9.36,62.31,D,Pass,Medium
STU_000737,18,Male,Undergraduate,Public,Low,High School,Suburban,59.77,2.2,88.48,51.26,Medium,0.81,0.53,0,2.15,Low,Moderate,Group Study,Weekly,4,Poor,6.22,Excellent,5.71,1.51,Occasionally,8,Low,1,Shared,Low,3.75,Medium,8,93,52,100.0,8.84,56.87,D,Pass,Low
STU_000738,16,Female,Undergraduate,Public,Low,Associate,Urban,49.84,2.12,87.65,73.4,Medium,0.5,0.34,0,6.21,High,Noisy,Summarizing,Rarely,1,Poor,7.99,Good,4.44,8.53,Occasionally,9,High,1,Shared,Low,3.08,Medium,9,98,34,65.94,8.05,36.43,F,Fail,Low
STU_000739,16,Female,Undergraduate,Charter,High,Associate,Suburban,79.33,3.35,94.99,70.2,Low,0.99,0.79,0,0.13,Low,Moderate,Summarizing,Daily,8,Excellent,7.92,Poor,2.85,0.68,Rarely,10,Medium,1,Dedicated,Moderate,7.61,Medium,1,88,35,71.77,9.27,38.07,F,Fail,Low
STU_000740,15,Female,Undergraduate,Private,Lower-Middle,Bachelor,Suburban,49.98,1.79,86.51,53.27,Medium,2.6,1.95,0,1.33,High,Noisy,Self-Reading,Daily,4,Average,6.06,Fair,5.4,0.68,Rarely,8,Low,1,Dedicated,High,2.33,Medium,22,90,46,65.91,6.08,47.97,F,Fail,Low
STU_000741,20,Female,High School,Private,Low,Master,Rural,65.9,2.58,77.97,69.72,Medium,5.25,4.6,0,1.84,Medium,Moderate,Flashcards,Weekly,7,Poor,6.68,Good,7.29,0.92,Occasionally,10,High,1,Dedicated,Low,1.05,Easy,11,90,68,85.31,8.19,74.35,C,Pass,Medium
STU_000742,17,Female,High School,Public,Low,Master,Suburban,65.16,2.52,85.59,48.36,Low,0.66,0.43,0,5.97,Medium,Moderate,Summarizing,Weekly,2,Excellent,7.84,Excellent,3.54,0.82,Rarely,10,Medium,0,None,Moderate,0.91,Medium,12,94,22,51.05,10.0,24.12,F,Fail,Low
STU_000743,14,Female,Undergraduate,Private,Middle,High School,Urban,71.12,2.83,87.93,72.97,Low,3.94,2.07,0,1.5,High,Quiet,Flashcards,Weekly,9,Average,9.26,Excellent,8.0,2.39,Occasionally,10,Medium,1,Dedicated,Moderate,11.4,Easy,19,93,72,76.59,10.0,75.43,B,Pass,Medium
STU_000744,15,Male,High School,Public,Low,Bachelor,Urban,83.37,3.32,80.91,73.85,Low,4.31,2.55,0,0.63,Medium,Quiet,Self-Reading,Weekly,11,Excellent,8.08,Fair,6.14,1.1,Occasionally,10,High,1,Dedicated,Low,1.78,Medium,14,89,69,52.42,10.0,76.43,B,Pass,Medium
STU_000745,15,Female,Undergraduate,Private,Lower-Middle,Bachelor,Urban,65.9,2.99,,50.88,High,5.44,2.74,0,0.34,Low,Quiet,Practice Tests,Rarely,8,Average,7.08,Poor,4.65,0.99,Frequently,9,High,1,Dedicated,Low,0.53,Medium,21,96,75,74.0,10.0,76.31,B,Pass,Medium
STU_000746,17,Female,Undergraduate,Public,High,High School,Urban,56.34,2.23,81.83,66.18,Medium,1.01,0.62,0,1.42,Medium,Quiet,Practice Tests,Daily,1,Excellent,3.87,Fair,6.74,3.37,Rarely,10,Medium,1,Dedicated,High,3.67,Medium,13,86,45,100.0,10.0,50.23,D,Pass,Low
STU_000747,14,Male,Undergraduate,Private,Middle,Associate,Urban,61.41,2.71,88.49,74.07,Low,1.13,0.9,1,0.93,Medium,Moderate,Summarizing,Rarely,8,Poor,9.8,Excellent,3.66,1.68,Rarely,10,Medium,1,Dedicated,Moderate,1.02,Hard,23,100,49,,10.0,48.9,F,Fail,Low
STU_000748,18,Female,Undergraduate,Public,Low,Bachelor,Urban,73.14,2.92,88.93,55.68,Low,2.69,1.83,0,2.78,Low,Noisy,Flashcards,Weekly,4,Average,4.33,Good,4.72,0.34,Frequently,10,High,1,Dedicated,High,5.87,Hard,23,97,51,63.19,8.89,50.34,D,Pass,Low
STU_000749,19,Female,High School,Private,Lower-Middle,Master,Suburban,55.91,2.31,83.49,74.43,Low,3.15,1.7,1,0.85,High,Moderate,Summarizing,Weekly,8,Average,5.29,Good,5.13,1.82,Occasionally,10,Low,1,Dedicated,Moderate,0.83,Easy,17,86,59,98.52,10.0,70.3,C,Pass,Medium
STU_000750,20,Male,High School,Public,Lower-Middle,High School,Urban,51.45,2.13,,59.83,Medium,3.34,2.36,0,0.79,Medium,Quiet,Group Study,Weekly,3,Average,4.74,Fair,5.48,2.7,Frequently,10,High,1,Shared,Moderate,0.45,Medium,28,91,41,50.5,7.83,46.54,F,Fail,Low
STU_000751,19,Male,High School,Private,High,Bachelor,Urban,83.77,3.27,80.01,62.32,Low,3.16,1.79,0,0.01,Medium,Quiet,Group Study,Weekly,3,Average,8.84,Good,3.84,1.55,Occasionally,10,Medium,1,Dedicated,High,0.15,Easy,5,90,65,97.82,10.0,72.48,C,Pass,Medium
STU_000752,18,Male,High School,Private,Low,Bachelor,Urban,51.49,2.36,81.31,98.94,Medium,11.18,6.79,1,0.52,Medium,Quiet,Self-Reading,Daily,10,Excellent,8.02,Fair,3.58,1.22,Frequently,9,Low,1,Shared,Moderate,3.06,Medium,20,93,82,95.73,9.35,89.76,A,Pass,High
STU_000753,15,Male,Undergraduate,Public,High,Master,Urban,55.44,2.06,87.22,59.39,Medium,0.96,0.6,0,0.4,Medium,Moderate,Self-Reading,Daily,3,Average,7.69,Poor,3.17,0.15,Occasionally,10,Medium,1,Shared,Low,0.56,Hard,9,90,47,85.38,9.93,53.61,D,Pass,Low
STU_000754,14,Male,Undergraduate,Public,Middle,Bachelor,Urban,63.36,2.71,88.36,65.42,Medium,3.02,2.41,1,0.33,Medium,Moderate,Group Study,Weekly,6,Excellent,5.75,Poor,4.03,1.75,Occasionally,10,Medium,1,None,Moderate,1.68,Medium,25,96,65,65.45,10.0,67.7,C,Pass,Medium
STU_000755,15,Female,High School,Public,Low,Associate,Urban,56.41,2.61,,60.78,Low,2.43,2.14,1,1.36,Medium,Moderate,Flashcards,Rarely,6,Average,6.82,,5.47,4.0,Occasionally,10,Low,1,Dedicated,Low,0.11,Hard,18,92,49,98.91,9.14,53.46,D,Pass,Low
STU_000756,16,Male,High School,Public,Low,Bachelor,Urban,55.86,2.13,94.86,78.28,Medium,1.46,0.93,0,0.67,High,Quiet,Flashcards,Weekly,6,Average,5.88,Good,3.73,1.02,Rarely,10,High,1,Dedicated,Moderate,3.26,Hard,10,91,43,82.72,9.12,47.87,F,Fail,Low
STU_000757,15,Male,High School,Public,Lower-Middle,Doctorate,Urban,70.29,2.8,75.32,72.79,High,1.38,0.87,0,0.49,High,Moderate,Group Study,Rarely,2,Average,9.51,Good,5.54,1.12,Frequently,7,High,1,Shared,Low,0.98,Medium,26,90,46,,8.28,49.93,F,Fail,Low
STU_000758,15,Male,High School,Public,Upper-Middle,Bachelor,Rural,79.95,3.11,94.55,60.84,Low,1.67,1.4,0,8.25,High,Quiet,Summarizing,Weekly,3,Average,7.28,Excellent,3.37,2.22,Frequently,10,Medium,1,Shared,High,3.32,Medium,3,92,49,99.14,8.94,53.37,D,Pass,Low
STU_000759,18,Female,Undergraduate,Public,Middle,Master,Urban,86.93,3.56,90.95,71.43,Low,1.48,0.79,0,1.4,Medium,Quiet,Summarizing,Rarely,3,Average,6.99,Fair,6.16,7.75,Frequently,10,Medium,1,Dedicated,Low,2.84,Medium,29,95,63,75.41,8.81,63.81,D,Pass,Medium
STU_000760,18,Male,Undergraduate,Public,Low,Bachelor,Rural,85.11,3.36,88.04,55.49,Low,3.04,1.67,0,1.9,Medium,Quiet,Group Study,Weekly,3,Average,6.58,Good,7.09,2.71,Frequently,10,Medium,1,Shared,Low,1.48,Hard,21,94,48,68.32,10.0,51.47,D,Pass,Low
STU_000761,18,Female,Undergraduate,Public,Lower-Middle,High School,Urban,80.72,3.14,86.37,54.88,High,2.45,1.87,0,0.79,Medium,Noisy,Summarizing,Weekly,2,Excellent,6.03,Fair,3.99,1.79,Frequently,10,Medium,1,Dedicated,Moderate,1.18,Medium,16,86,59,78.81,9.9,68.02,C,Pass,Medium
STU_000762,19,Female,High School,Private,Middle,Bachelor,Urban,70.73,2.74,78.51,85.22,Medium,3.91,3.29,0,0.11,High,Moderate,Summarizing,Weekly,5,Average,7.33,Poor,6.23,1.35,Occasionally,10,Medium,1,Shared,Moderate,11.65,Medium,23,100,74,95.74,10.0,73.11,C,Pass,Medium
STU_000763,16,Female,High School,Private,Middle,Bachelor,Suburban,45.72,1.89,85.58,70.72,Medium,0.5,0.33,0,5.29,Medium,Quiet,Summarizing,Weekly,5,Poor,7.53,Poor,6.45,3.63,Frequently,10,Medium,1,Dedicated,Low,1.94,Easy,8,99,57,98.77,8.94,56.68,D,Pass,Low
STU_000764,18,Female,Undergraduate,Public,Upper-Middle,Associate,Urban,62.81,2.35,72.38,62.74,Low,2.15,1.42,0,1.71,Medium,Quiet,Group Study,Rarely,5,Average,7.48,Excellent,4.2,6.64,Rarely,10,High,0,Dedicated,Moderate,0.78,Hard,26,87,39,68.08,9.67,46.56,F,Fail,Low
STU_000765,14,Female,Undergraduate,Private,Upper-Middle,Master,Urban,60.21,2.56,,64.59,Low,2.25,1.84,0,3.24,Medium,Moderate,Summarizing,Daily,4,Excellent,7.85,Fair,7.32,1.84,Rarely,10,High,1,Dedicated,Low,2.86,Medium,7,87,41,100.0,8.42,48.3,F,Fail,Low
STU_000766,19,Female,Undergraduate,Charter,Low,Doctorate,Urban,52.19,,91.63,77.46,Medium,2.35,1.39,0,1.13,Medium,Quiet,Group Study,Daily,3,,7.62,Excellent,6.74,1.52,Occasionally,7,Low,1,Dedicated,Moderate,1.91,Medium,24,96,51,98.45,7.92,50.78,D,Pass,Low
STU_000767,17,Female,Undergraduate,Private,Low,High School,Suburban,71.95,2.83,76.86,57.93,Medium,2.69,2.4,0,6.9,Medium,Moderate,Self-Reading,Rarely,7,Average,4.89,Fair,1.0,1.11,Frequently,10,Low,0,Dedicated,Low,0.42,Easy,14,100,62,40.73,10.0,64.05,D,Pass,Medium
STU_000768,14,Female,High School,Public,Upper-Middle,,Suburban,67.1,2.46,83.0,73.12,Medium,3.14,2.73,1,4.11,Low,Quiet,Practice Tests,Weekly,7,Average,9.3,Poor,7.09,5.1,Occasionally,10,Medium,1,None,Moderate,4.69,Easy,18,95,63,95.68,9.32,63.74,D,Pass,Medium
STU_000769,20,Female,High School,Private,High,Bachelor,Rural,61.98,2.6,98.21,86.66,Low,6.39,5.0,0,0.2,High,Moderate,Flashcards,Weekly,9,Average,5.21,Good,3.5,4.46,Occasionally,10,High,1,Shared,Moderate,1.2,Easy,3,99,69,,10.0,71.37,C,Pass,Medium
STU_000770,20,Male,High School,Public,Low,Master,Rural,81.96,3.3,82.97,64.71,Medium,2.18,1.72,0,2.88,Medium,Quiet,Flashcards,Weekly,9,Average,8.65,Fair,2.64,1.71,Occasionally,10,High,1,Shared,Moderate,0.92,Medium,24,93,84,83.6,10.0,90.07,A,Pass,High
STU_000771,14,Male,High School,Charter,Low,Associate,Suburban,70.14,2.78,,42.53,Medium,1.64,1.09,1,0.65,Medium,Moderate,Flashcards,Rarely,6,Excellent,7.29,Poor,3.95,0.99,Rarely,10,High,1,Dedicated,High,4.79,Hard,27,97,47,80.47,9.85,48.67,F,Fail,Low
STU_000772,18,Male,High School,Public,Low,High School,Suburban,57.82,2.38,86.43,68.29,Low,3.5,2.57,0,1.73,High,Quiet,Practice Tests,Rarely,8,Excellent,8.05,Poor,2.73,8.18,Occasionally,9,Medium,1,Dedicated,High,0.34,Easy,14,100,78,77.55,9.25,78.33,B,Pass,Medium
STU_000773,17,Male,Undergraduate,Public,Low,Bachelor,Urban,63.85,2.66,,55.42,Medium,3.97,3.56,1,0.14,Medium,Moderate,Self-Reading,Rarely,8,Average,7.99,Good,5.97,1.57,Occasionally,10,Medium,1,Dedicated,High,0.55,Easy,3,87,52,63.15,9.06,60.03,D,Pass,Medium
STU_000774,17,Female,High School,Private,Middle,Associate,Suburban,54.29,2.34,77.24,84.29,Medium,6.15,4.17,0,2.65,Medium,Moderate,Practice Tests,Weekly,7,Average,5.82,Good,3.96,0.45,Occasionally,10,Low,1,Dedicated,Moderate,5.02,Medium,30,89,65,100.0,10.0,73.93,C,Pass,Medium
STU_000775,19,Male,High School,Charter,Lower-Middle,Bachelor,Suburban,71.81,2.73,73.56,64.18,Medium,2.58,2.29,0,0.89,Medium,Quiet,Practice Tests,Rarely,3,Average,8.97,,2.76,1.0,Frequently,8,Medium,1,Dedicated,High,3.42,Medium,13,94,57,70.6,6.59,61.88,D,Pass,Medium
STU_000776,17,Female,High School,Private,Low,Associate,Rural,64.7,2.42,86.16,89.77,High,6.62,4.91,1,0.18,Medium,Moderate,Group Study,Daily,8,Average,8.44,Fair,5.46,0.35,Rarely,7,Low,0,Dedicated,Moderate,5.97,Easy,6,88,84,70.94,4.08,97.02,A,Pass,High
STU_000777,20,Male,High School,Private,Middle,Master,Suburban,59.04,,94.76,65.79,Medium,2.08,1.65,0,1.13,Medium,Quiet,Flashcards,Weekly,2,Poor,6.3,Fair,5.65,0.27,Frequently,10,High,1,Dedicated,Moderate,1.46,Medium,4,96,45,91.21,10.0,44.02,F,Fail,Low
STU_000778,16,Male,High School,Public,Lower-Middle,,Rural,64.78,2.7,86.48,82.6,Medium,1.36,0.81,0,1.39,Medium,Moderate,Practice Tests,Daily,4,Average,7.02,Fair,5.11,0.73,Occasionally,10,Low,1,Dedicated,Low,2.24,Hard,29,94,52,81.05,10.0,54.62,D,Pass,Low
STU_000779,18,Female,Undergraduate,Private,Upper-Middle,Bachelor,Urban,72.96,2.95,84.85,87.68,Low,8.33,6.91,0,0.33,Medium,Moderate,Flashcards,Daily,8,,7.89,Excellent,3.94,3.41,Rarely,10,High,1,Shared,Low,2.46,Medium,21,99,97,100.0,7.98,100.0,A,Pass,High
STU_000780,17,Male,High School,Public,Upper-Middle,High School,Rural,68.38,2.69,81.83,78.65,Low,3.66,3.01,0,2.51,Medium,Quiet,Flashcards,Weekly,8,Excellent,8.51,Good,6.62,0.01,Occasionally,9,Low,1,Shared,Low,1.3,Hard,4,92,43,36.71,6.31,46.57,F,Fail,Low
STU_000781,19,Male,Undergraduate,Public,High,Bachelor,Suburban,71.6,3.18,79.26,65.54,Medium,3.13,1.84,0,4.1,Medium,Quiet,Practice Tests,Daily,7,Excellent,5.82,Good,8.63,0.71,Occasionally,10,Low,1,Dedicated,Low,2.0,Hard,30,85,46,67.31,8.53,55.72,D,Pass,Low
STU_000782,20,Female,Undergraduate,Public,Upper-Middle,,Urban,78.49,3.01,76.72,60.8,High,3.05,1.84,0,3.46,Medium,Moderate,Self-Reading,Daily,7,Average,6.63,Poor,6.07,2.85,Occasionally,10,Medium,1,Dedicated,Moderate,0.57,Medium,8,92,70,50.36,10.0,72.87,C,Pass,Medium
STU_000783,16,Female,High School,Public,Upper-Middle,Bachelor,Urban,72.68,2.77,84.48,84.27,Medium,1.64,1.01,0,2.22,Medium,Moderate,Practice Tests,Daily,2,Poor,7.14,Fair,5.38,6.96,Occasionally,10,Medium,1,Shared,Low,3.87,Medium,11,89,54,,7.03,60.3,D,Pass,Medium
STU_000784,15,Female,Undergraduate,Public,Low,,Suburban,72.15,2.93,75.05,82.56,Low,8.36,6.72,1,4.31,Medium,Moderate,Group Study,Weekly,9,Excellent,6.72,Poor,1.33,0.27,Occasionally,9,Low,1,Dedicated,Moderate,0.46,Easy,25,100,94,68.54,6.77,95.53,A,Pass,High
STU_000785,15,Male,Undergraduate,Public,Middle,High School,Urban,70.92,2.85,90.71,79.28,High,1.2,0.95,0,0.29,High,Quiet,Flashcards,Weekly,4,Excellent,6.39,Fair,6.93,1.02,Frequently,10,Medium,1,None,Low,1.5,Easy,16,92,72,74.68,9.94,76.98,B,Pass,Medium
STU_000786,16,Male,High School,Charter,Middle,Master,Urban,74.4,3.03,83.02,64.07,Medium,2.28,1.72,0,0.42,Medium,Noisy,Flashcards,Rarely,4,,8.67,Excellent,3.81,2.52,Rarely,10,High,1,Dedicated,Moderate,2.48,Medium,5,87,52,88.46,10.0,58.17,D,Pass,Low
STU_000787,20,Female,High School,Private,Lower-Middle,High School,Urban,50.02,2.04,86.75,72.31,Low,2.23,1.7,1,1.03,High,Moderate,Flashcards,Daily,6,Average,7.66,Good,7.73,0.21,Frequently,8,Medium,1,Dedicated,Moderate,1.95,Medium,29,100,59,72.13,7.55,58.38,D,Pass,Low
STU_000788,19,Female,Undergraduate,Public,Lower-Middle,Associate,Suburban,96.11,3.58,70.04,58.1,High,5.15,4.43,0,0.94,High,Moderate,Group Study,Daily,11,Excellent,8.24,Fair,4.74,5.41,Occasionally,7,High,1,Dedicated,High,1.26,Hard,23,88,87,86.28,8.08,98.42,A,Pass,High
STU_000789,16,Male,High School,Private,Middle,Associate,Rural,73.86,3.17,82.7,74.66,Low,3.32,2.34,1,1.14,Medium,Quiet,Practice Tests,Daily,6,Average,7.76,Good,2.83,1.56,Occasionally,10,Medium,1,Dedicated,Low,3.11,Easy,22,93,81,100.0,8.8,87.26,A,Pass,High
STU_000790,18,Male,Undergraduate,Charter,Upper-Middle,Bachelor,Suburban,87.71,3.46,88.1,100.0,Medium,5.47,2.9,1,2.42,Low,Moderate,Practice Tests,Daily,3,Average,4.08,Poor,3.82,0.36,Frequently,9,Medium,0,Dedicated,High,5.09,Easy,12,87,81,83.9,9.58,93.03,A,Pass,High
STU_000791,18,Female,High School,Private,High,High School,Urban,78.95,3.2,79.81,42.98,High,0.55,0.47,0,1.08,Low,Quiet,Practice Tests,Weekly,3,Average,7.71,Fair,4.15,2.71,Rarely,7,Medium,1,Dedicated,Moderate,2.55,Medium,13,94,61,88.92,8.92,65.45,C,Pass,Medium
STU_000792,15,Female,Undergraduate,Public,High,Bachelor,Urban,66.45,2.86,88.77,74.74,Medium,2.94,2.57,0,1.89,Medium,Quiet,Flashcards,Daily,3,Average,7.81,Good,5.69,0.09,Occasionally,10,Medium,1,Dedicated,Moderate,1.9,Hard,4,99,63,93.67,10.0,64.51,D,Pass,Medium
STU_000793,17,Other,High School,Private,Middle,Bachelor,Rural,53.27,2.19,85.15,82.09,Medium,5.65,3.66,0,3.03,Medium,Quiet,Group Study,Rarely,7,Average,6.22,Fair,5.52,0.2,Occasionally,10,Low,1,Dedicated,Moderate,1.5,Easy,14,93,68,,10.0,71.66,C,Pass,Medium
STU_000794,19,Female,High School,Private,Upper-Middle,,Urban,62.85,2.75,70.66,76.99,Medium,2.85,2.37,1,1.28,Medium,Quiet,Self-Reading,Weekly,8,Average,5.39,Fair,4.36,0.7,Rarely,9,Medium,1,Dedicated,Moderate,1.39,Medium,16,87,40,66.45,8.84,44.89,F,Fail,Low
STU_000795,15,Other,High School,Private,Lower-Middle,,Suburban,70.26,2.88,81.57,59.28,Medium,2.74,2.33,1,0.07,High,Quiet,Summarizing,Weekly,9,Poor,6.43,Poor,4.62,11.23,Occasionally,10,Low,1,Shared,Low,7.93,Medium,21,90,68,84.03,6.59,73.53,C,Pass,Medium
STU_000796,17,Male,High School,Charter,Lower-Middle,Bachelor,Rural,62.13,2.51,78.78,58.92,High,3.86,2.58,0,0.35,Low,Moderate,Summarizing,Weekly,3,Average,8.24,Poor,4.12,0.3,Frequently,10,High,1,Shared,Moderate,2.97,Easy,10,100,67,93.45,10.0,66.18,C,Pass,Medium
STU_000797,17,Female,Undergraduate,Private,Middle,High School,Suburban,80.56,3.28,85.61,77.73,High,2.62,1.54,1,0.14,Medium,Moderate,Summarizing,Weekly,2,Poor,7.59,Good,5.29,1.27,Occasionally,10,Medium,0,Shared,High,2.14,Medium,27,92,54,100.0,10.0,58.84,D,Pass,Low
STU_000798,18,Male,High School,Private,Middle,High School,Suburban,70.07,2.92,84.11,100.0,Medium,11.28,9.74,1,3.54,Low,Quiet,Self-Reading,Daily,11,Average,6.54,Poor,4.11,3.7,Occasionally,10,Medium,1,Dedicated,Low,4.53,Hard,24,99,93,82.5,10.0,96.33,A,Pass,High
STU_000799,20,Male,High School,Private,Middle,High School,Urban,72.27,,78.2,81.6,Medium,11.28,7.88,0,1.13,High,Noisy,Summarizing,Weekly,8,Average,4.87,Good,5.36,6.91,Frequently,8,Medium,0,None,Low,3.28,Medium,11,99,88,93.38,6.36,87.48,A,Pass,High
STU_000800,14,Female,Undergraduate,Public,Upper-Middle,Bachelor,Urban,75.78,3.06,89.34,63.02,Medium,2.0,1.78,0,1.81,Medium,Moderate,Group Study,Rarely,6,Average,6.65,Fair,5.51,0.02,Frequently,10,High,1,Dedicated,High,1.15,Easy,9,97,72,91.34,10.0,72.26,C,Pass,Medium
STU_000801,20,Other,Undergraduate,Public,Upper-Middle,Associate,Suburban,75.58,3.1,85.11,50.0,High,2.96,2.11,0,2.89,Medium,Noisy,Self-Reading,Rarely,5,,6.75,Good,5.98,4.6,Occasionally,7,Low,1,Dedicated,Moderate,1.77,Hard,12,94,63,74.83,6.7,66.81,C,Pass,Medium
STU_000802,14,Female,Undergraduate,Public,High,Bachelor,Suburban,68.48,2.81,89.08,68.8,Medium,5.84,3.08,0,0.51,Medium,Quiet,Group Study,Rarely,7,Poor,4.91,Poor,5.8,2.1,Occasionally,10,Low,0,Dedicated,Low,1.81,Medium,24,100,61,54.0,10.0,62.88,D,Pass,Medium
STU_000803,16,Male,High School,Private,Middle,Bachelor,Suburban,60.77,2.38,80.69,66.07,Low,1.15,0.84,1,0.61,High,Noisy,Flashcards,Daily,6,Poor,7.89,Poor,3.82,2.78,Rarely,10,High,1,Dedicated,Low,7.3,Medium,29,85,54,,10.0,63.46,D,Pass,Medium
STU_000804,18,Female,High School,Charter,Middle,Bachelor,Suburban,72.34,2.8,,70.86,Low,4.35,2.23,1,7.87,Low,Quiet,Self-Reading,Weekly,5,Excellent,4.64,Good,6.81,1.28,Occasionally,10,Medium,1,Dedicated,Low,0.93,Medium,29,95,56,60.09,10.0,60.41,D,Pass,Medium
STU_000805,17,Female,High School,Charter,Upper-Middle,Master,Suburban,70.87,3.04,95.65,90.59,High,2.72,2.33,0,1.23,Low,Moderate,Group Study,Rarely,4,Average,7.38,Poor,2.0,0.72,Frequently,10,Low,1,Shared,Low,6.5,Easy,24,86,65,85.28,10.0,78.19,B,Pass,Medium
STU_000806,19,Male,Undergraduate,Private,Middle,Associate,Suburban,68.87,2.78,69.57,70.76,Medium,6.12,4.47,1,2.84,High,Moderate,Self-Reading,Weekly,7,Average,5.23,,4.83,0.88,Occasionally,10,Medium,1,Dedicated,Low,3.16,Medium,22,92,78,100.0,10.0,80.66,B,Pass,High
STU_000807,14,Male,High School,Public,Middle,Bachelor,Urban,53.05,2.26,74.0,59.72,Medium,2.3,1.86,1,2.32,Low,Quiet,Flashcards,Weekly,6,Average,8.44,Good,6.23,2.63,Frequently,6,High,0,Dedicated,Low,0.75,Easy,2,94,48,59.18,6.31,53.0,D,Pass,Low
STU_000808,20,Male,Undergraduate,Public,Lower-Middle,Bachelor,Urban,69.41,2.83,83.64,64.94,Medium,2.04,1.7,1,0.23,Medium,Noisy,Summarizing,Rarely,5,Excellent,7.65,Fair,4.49,0.33,Occasionally,8,Medium,1,Dedicated,Moderate,0.5,Medium,8,97,63,81.74,8.92,65.03,C,Pass,Medium
STU_000809,17,Female,Undergraduate,Private,Lower-Middle,Bachelor,Urban,73.9,3.0,100.0,84.1,High,5.42,3.5,1,0.8,Low,Moderate,Summarizing,Weekly,9,Average,4.69,Good,5.3,0.02,Rarely,10,Medium,1,Dedicated,Low,2.04,Hard,23,98,62,75.06,9.8,63.76,D,Pass,Medium
STU_000810,14,Female,High School,Public,Low,Bachelor,Rural,86.7,3.54,69.51,60.46,Low,1.85,1.1,1,0.52,Medium,Quiet,Practice Tests,Weekly,1,Average,6.61,Good,5.22,7.16,Occasionally,10,Low,1,Dedicated,High,3.19,Hard,6,89,45,73.03,10.0,51.5,D,Pass,Low
STU_000811,14,Male,High School,Public,Low,High School,Suburban,59.65,2.37,86.53,74.38,Medium,3.45,2.05,0,2.26,High,Moderate,Summarizing,Daily,7,Average,4.99,Poor,3.79,0.04,Rarely,8,High,1,Dedicated,High,0.45,Medium,14,85,57,79.83,8.48,65.68,C,Pass,Medium
STU_000812,14,Male,High School,Private,Lower-Middle,Master,Suburban,69.76,3.1,70.91,45.78,Medium,1.64,1.23,1,2.18,Low,Quiet,Flashcards,Weekly,4,,8.28,Fair,5.13,2.97,Rarely,7,Medium,1,Dedicated,High,5.72,Medium,16,94,56,83.98,7.32,60.67,D,Pass,Medium
STU_000813,19,Female,High School,Private,Middle,Master,Urban,60.93,2.45,94.23,78.69,High,2.73,2.44,0,0.03,Medium,Moderate,Flashcards,Daily,6,Average,8.26,Excellent,5.26,0.69,Rarely,9,Medium,1,Shared,Low,4.34,Easy,29,86,58,60.08,10.0,69.59,C,Pass,Medium
STU_000814,18,Female,High School,Public,Low,Master,Suburban,73.48,2.85,81.62,51.12,Medium,4.99,3.83,0,0.91,Medium,Moderate,Group Study,Daily,6,Poor,7.37,Good,4.67,0.25,Occasionally,10,High,1,Dedicated,Moderate,1.19,Medium,26,94,56,73.92,9.39,57.96,D,Pass,Low
STU_000815,19,Female,Undergraduate,Charter,Low,Bachelor,Rural,55.12,2.1,64.01,56.6,High,3.24,1.74,1,3.77,Medium,Quiet,Self-Reading,Daily,6,Average,6.53,Fair,4.36,1.69,Occasionally,7,Medium,1,Dedicated,High,0.88,Medium,2,95,35,53.17,6.52,36.61,F,Fail,Low
STU_000816,15,Female,High School,Public,Lower-Middle,Bachelor,Suburban,56.03,2.32,,67.2,Medium,1.45,0.82,0,12.99,Medium,Quiet,Flashcards,Weekly,4,Average,5.84,Poor,8.12,3.74,Occasionally,10,Medium,1,Shared,Low,1.34,Hard,10,88,46,50.68,9.79,52.43,D,Pass,Low
STU_000817,17,Female,High School,Public,Lower-Middle,Master,Urban,66.65,2.58,86.62,64.79,Medium,4.38,3.76,1,1.0,Medium,Quiet,Group Study,Daily,8,Poor,8.19,Good,3.55,6.54,Frequently,7,Medium,1,Dedicated,Low,4.27,Hard,25,98,63,100.0,8.57,65.02,C,Pass,Medium
STU_000818,18,Male,High School,Public,Middle,Associate,Urban,71.32,3.06,84.91,43.47,Low,1.27,0.75,0,0.9,Medium,Quiet,Flashcards,Weekly,2,Average,4.17,Fair,4.03,3.4,Occasionally,8,Low,1,Shared,Moderate,9.28,Medium,5,95,39,76.71,9.35,42.19,F,Fail,Low
STU_000819,18,Male,High School,Public,High,Master,Urban,100.0,3.92,92.58,67.39,Medium,0.92,0.51,0,1.14,High,Quiet,Summarizing,Daily,2,Poor,5.05,Good,2.83,8.37,Occasionally,10,Medium,1,Dedicated,Low,1.94,Easy,22,89,73,73.27,8.61,81.16,B,Pass,High
STU_000820,18,Male,Undergraduate,Charter,Lower-Middle,Associate,Urban,84.32,,69.4,78.5,Medium,3.25,2.78,0,1.66,High,Noisy,Group Study,Daily,6,Average,6.51,,7.43,4.71,Occasionally,10,High,1,Dedicated,High,1.87,Medium,18,92,46,70.36,9.56,51.28,D,Pass,Low
STU_000821,20,Female,High School,Public,Middle,Bachelor,Urban,94.55,3.7,78.33,52.06,Medium,0.97,0.72,0,1.57,High,Quiet,Practice Tests,Weekly,2,Excellent,8.17,Poor,4.13,0.83,Occasionally,10,High,1,Dedicated,High,5.38,Hard,4,97,64,99.15,10.0,65.84,C,Pass,Medium
STU_000822,18,Female,High School,Public,High,Master,Suburban,60.21,2.45,89.93,80.82,High,2.02,1.21,0,0.15,Medium,Noisy,Summarizing,Daily,7,Average,6.65,Fair,3.94,2.57,Occasionally,10,Medium,1,Shared,Low,4.54,Medium,27,94,44,62.49,9.79,48.9,F,Fail,Low
STU_000823,19,Male,Undergraduate,Private,Low,Master,Rural,69.35,2.62,81.89,61.23,Medium,5.95,3.3,0,0.3,High,Quiet,Group Study,Daily,8,Average,6.04,,5.89,0.17,Occasionally,10,Low,1,Dedicated,Moderate,7.4,Hard,22,87,68,72.43,10.0,78.15,B,Pass,Medium
STU_000824,18,Male,Undergraduate,Public,Low,High School,Urban,54.09,1.92,85.97,51.22,Medium,3.07,1.63,0,5.19,Medium,Quiet,Flashcards,Weekly,7,Average,4.1,Fair,7.31,4.57,Occasionally,9,High,1,Dedicated,Moderate,7.14,Hard,7,94,36,49.83,10.0,42.62,F,Fail,Low
STU_000825,16,Male,High School,Public,Middle,Associate,Suburban,71.23,3.01,,56.99,Medium,3.27,2.77,0,2.64,Medium,Quiet,Summarizing,Rarely,4,,5.62,Poor,6.05,1.68,Rarely,9,Medium,1,Shared,Low,1.75,Medium,17,87,45,94.06,9.85,51.91,D,Pass,Low
STU_000826,17,Male,High School,Public,Low,High School,Suburban,66.24,2.28,87.37,74.52,High,2.71,2.15,1,0.59,Low,Noisy,Practice Tests,Weekly,4,Excellent,7.61,Fair,3.41,2.38,Occasionally,10,Low,1,Shared,Moderate,17.53,Easy,12,98,61,,10.0,61.1,D,Pass,Medium
STU_000827,18,Female,High School,Public,Low,Associate,Urban,67.19,2.6,93.27,53.44,High,0.87,0.46,0,0.92,High,Quiet,Summarizing,Weekly,5,Poor,6.98,,6.32,1.11,Occasionally,10,High,1,Dedicated,Low,0.39,Medium,29,97,67,59.13,8.33,70.66,C,Pass,Medium
STU_000828,17,Female,Undergraduate,Public,Lower-Middle,,Rural,70.36,2.73,76.02,73.4,Medium,4.66,2.8,1,2.63,Medium,Moderate,Group Study,Weekly,5,Average,5.53,Good,3.35,1.41,Frequently,10,High,1,Dedicated,Low,0.38,Hard,9,89,54,70.17,9.63,63.99,D,Pass,Medium
STU_000829,16,Male,Undergraduate,Private,High,Master,Urban,83.98,3.17,87.17,71.56,Low,3.63,1.97,0,2.19,Low,Quiet,Self-Reading,Daily,6,Excellent,9.24,Good,3.92,2.54,Frequently,10,Low,1,Dedicated,Moderate,1.24,Medium,25,97,68,72.24,10.0,70.95,C,Pass,Medium
STU_000830,16,Female,High School,Public,Lower-Middle,Master,Suburban,65.04,2.36,78.52,79.12,Medium,7.37,6.09,0,1.72,High,Quiet,Practice Tests,Weekly,8,Average,7.17,Poor,7.72,1.52,Occasionally,10,High,1,Dedicated,Moderate,0.06,Easy,19,92,72,,10.0,78.63,B,Pass,Medium
STU_000831,17,Male,High School,Public,Low,High School,Rural,55.87,2.13,79.29,49.9,Medium,3.38,3.02,0,0.25,High,Moderate,Flashcards,Rarely,10,Average,8.01,Fair,7.81,1.2,Occasionally,10,High,1,Dedicated,Moderate,2.36,Medium,23,92,58,,9.05,61.33,D,Pass,Medium
STU_000832,14,Female,Undergraduate,Private,High,Associate,Urban,89.21,3.66,84.08,73.77,Low,1.68,1.31,1,0.48,Medium,Quiet,Group Study,Daily,5,Poor,5.48,,5.33,1.09,Frequently,10,Medium,1,Dedicated,Low,1.25,Medium,23,87,72,81.59,10.0,80.24,B,Pass,High
STU_000833,15,Female,Undergraduate,Private,Upper-Middle,Associate,Urban,67.48,2.93,84.02,82.05,Medium,4.94,3.15,1,0.22,Low,Moderate,Flashcards,Weekly,4,Poor,7.38,Good,3.68,0.39,Occasionally,10,Low,1,Shared,Low,0.25,Hard,10,86,47,100.0,8.98,55.01,D,Pass,Low
STU_000834,20,Male,Undergraduate,Private,Upper-Middle,Associate,Urban,66.59,2.59,90.15,59.2,High,1.9,1.39,0,1.22,Medium,Quiet,Summarizing,Daily,8,Average,7.84,Good,2.85,2.56,Rarely,10,High,1,Dedicated,Low,0.9,Easy,17,86,80,85.01,10.0,90.65,A,Pass,High
STU_000835,14,Female,Undergraduate,Private,Middle,Master,Suburban,67.02,3.16,81.23,57.82,Medium,0.76,0.47,0,0.3,Medium,Noisy,Self-Reading,Daily,2,Excellent,6.68,,4.78,1.91,Rarely,7,High,1,Dedicated,Low,1.72,Medium,10,85,43,70.67,7.29,49.39,F,Fail,Low
STU_000836,14,Female,Undergraduate,Private,Lower-Middle,,Suburban,81.54,3.4,86.47,100.0,High,3.93,2.04,1,0.35,Medium,Quiet,Group Study,Weekly,9,Average,5.27,Poor,5.04,2.16,Occasionally,10,Medium,0,Dedicated,High,0.12,Hard,18,99,73,60.33,10.0,75.15,B,Pass,Medium
STU_000837,19,Male,High School,Public,Lower-Middle,Associate,Urban,70.55,2.73,89.16,87.18,High,1.88,1.31,0,1.07,Medium,Noisy,Practice Tests,Weekly,3,,6.64,Excellent,4.29,3.25,Frequently,8,Medium,1,Dedicated,Low,3.61,Medium,5,89,50,60.53,7.69,56.11,D,Pass,Low
STU_000838,20,Male,High School,Private,Lower-Middle,Associate,Suburban,49.39,,,71.23,Medium,5.82,4.38,0,5.66,Medium,Moderate,Flashcards,Weekly,10,Average,6.17,Excellent,5.28,0.73,Frequently,10,High,1,Dedicated,Moderate,1.1,Easy,27,99,89,79.44,7.11,89.68,A,Pass,High
STU_000839,20,Female,High School,Public,Low,Master,Suburban,61.77,2.47,,62.56,Medium,1.93,1.06,1,3.5,Medium,Moderate,Summarizing,Weekly,4,Average,6.81,Good,6.87,2.25,Occasionally,10,High,1,Dedicated,High,2.14,Medium,28,99,32,57.72,10.0,32.53,F,Fail,Low
STU_000840,14,Female,Undergraduate,Private,High,Bachelor,Urban,76.82,3.08,86.43,68.18,High,3.83,3.21,0,4.41,Medium,Moderate,Flashcards,Weekly,7,Average,6.29,Fair,4.63,7.77,Rarely,10,High,1,Dedicated,Low,1.27,Medium,26,91,77,83.0,10.0,82.96,B,Pass,High
STU_000841,18,Female,Undergraduate,Public,Middle,Master,Urban,55.38,2.08,87.85,89.7,Medium,6.45,3.36,0,1.49,Medium,Noisy,Self-Reading,Weekly,6,Average,5.87,Poor,4.92,1.29,Frequently,10,High,1,Dedicated,Moderate,0.78,Medium,17,89,63,75.34,7.34,70.4,C,Pass,Medium
STU_000842,19,Male,High School,Private,Lower-Middle,Associate,Rural,69.92,2.6,74.32,54.42,Medium,1.19,0.93,0,0.02,Medium,Quiet,Flashcards,Rarely,4,Poor,6.42,Fair,5.25,1.91,Frequently,10,High,1,Dedicated,Low,0.18,Medium,14,86,39,89.44,10.0,47.34,F,Fail,Low
STU_000843,19,Male,High School,Private,Low,Associate,Suburban,58.21,2.31,76.57,65.07,High,1.63,0.82,0,2.76,Medium,Quiet,Summarizing,Daily,1,Average,5.74,Excellent,1.92,4.26,Occasionally,10,High,1,Dedicated,Moderate,0.56,Hard,5,99,27,85.56,10.0,25.91,F,Fail,Low
STU_000844,16,Female,High School,Charter,Lower-Middle,Bachelor,Urban,81.48,2.96,89.64,83.29,Medium,3.1,1.93,0,2.11,Medium,Moderate,Practice Tests,Weekly,6,Average,7.59,Good,2.66,3.41,Rarely,10,Medium,0,Shared,Moderate,2.09,Medium,20,99,74,76.93,10.0,75.87,B,Pass,Medium
STU_000845,20,Male,Undergraduate,Public,Lower-Middle,Bachelor,Suburban,68.82,2.68,71.48,55.3,Medium,1.47,0.79,0,0.42,Medium,Quiet,Group Study,Weekly,9,Poor,6.04,Good,2.21,2.31,Occasionally,10,High,1,Dedicated,Moderate,0.49,Medium,29,95,52,57.36,10.0,53.53,D,Pass,Low
STU_000846,14,Male,High School,Private,Lower-Middle,Bachelor,Urban,57.9,2.22,88.61,70.03,Medium,2.23,1.65,0,4.48,Medium,Quiet,Group Study,Daily,1,Average,7.02,Fair,1.45,0.23,Occasionally,10,Medium,1,Shared,High,4.23,Medium,25,94,39,73.37,10.0,41.67,F,Fail,Low
STU_000847,16,Female,High School,Charter,Middle,High School,Rural,92.52,3.71,70.82,52.94,Medium,3.02,2.49,1,0.48,Low,Noisy,Practice Tests,Rarely,9,Average,6.68,Fair,6.24,1.2,Occasionally,10,Medium,1,Dedicated,Low,5.94,Hard,2,96,68,88.35,9.47,72.37,C,Pass,Medium
STU_000848,17,Male,High School,Public,Lower-Middle,Bachelor,Urban,57.9,2.33,,61.14,High,1.55,0.96,0,2.91,Low,Quiet,Self-Reading,Weekly,2,Average,8.54,Poor,2.24,1.68,Frequently,10,Low,1,Shared,Moderate,2.54,Medium,23,85,45,96.59,10.0,52.85,D,Pass,Low
STU_000849,15,Female,Undergraduate,Private,Upper-Middle,Bachelor,Rural,82.32,2.98,83.39,52.79,Medium,4.06,2.08,0,5.21,High,Moderate,Practice Tests,Daily,7,Average,8.04,Excellent,3.82,0.02,Rarely,8,Medium,1,Dedicated,Moderate,2.22,Hard,24,88,56,,7.62,63.79,D,Pass,Medium
STU_000850,19,Female,Undergraduate,Public,Low,Associate,Rural,72.5,2.63,85.09,85.29,Medium,3.9,3.44,0,4.06,Low,Moderate,Practice Tests,Rarely,5,Average,6.72,,5.64,1.81,Frequently,8,High,1,Shared,Moderate,1.47,Hard,25,86,58,100.0,7.75,65.58,C,Pass,Medium
STU_000851,17,Female,Undergraduate,Private,Low,Bachelor,Suburban,57.85,2.02,79.8,77.57,High,3.42,1.93,1,5.31,Low,Quiet,Summarizing,Rarely,6,Average,7.51,Good,1.6,1.43,Frequently,10,Medium,1,Dedicated,Moderate,1.12,Medium,27,87,52,93.37,7.51,60.78,D,Pass,Medium
STU_000852,17,Male,Undergraduate,Private,Middle,,Urban,82.24,2.98,94.38,84.38,Low,3.78,1.99,0,3.04,Medium,Moderate,Self-Reading,Weekly,6,Excellent,6.4,Good,2.86,0.42,Occasionally,8,High,0,Dedicated,Moderate,1.07,Medium,7,98,62,59.53,8.49,60.48,D,Pass,Medium
STU_000853,18,Female,High School,Public,Middle,Master,Urban,60.17,2.3,,79.67,Medium,3.02,2.47,0,3.45,High,Quiet,Practice Tests,Daily,6,Poor,7.02,Fair,4.49,4.96,Occasionally,10,High,1,Dedicated,Low,0.39,Easy,2,85,48,75.94,7.44,57.57,D,Pass,Low
STU_000854,15,Male,High School,Public,High,Master,Urban,83.72,3.15,92.44,79.42,Medium,3.86,2.67,0,1.62,Low,Noisy,Summarizing,Daily,8,Average,6.79,Good,2.71,1.54,Occasionally,10,High,1,Dedicated,Moderate,1.26,Medium,9,98,78,96.3,9.28,80.23,B,Pass,High
STU_000855,17,Male,High School,Public,Low,Bachelor,Urban,70.49,3.09,89.24,55.74,Medium,2.04,1.81,0,2.75,Medium,Noisy,Practice Tests,Weekly,7,Poor,7.92,Poor,1.13,0.29,Rarely,10,Medium,1,Dedicated,Low,2.77,Medium,14,93,65,100.0,8.59,69.18,C,Pass,Medium
STU_000856,17,Female,High School,Public,Middle,,Urban,47.62,1.82,95.96,68.02,Medium,2.05,1.1,1,1.04,Medium,Noisy,Practice Tests,Weekly,7,Average,6.28,Fair,5.75,1.55,Rarely,10,High,1,Dedicated,Low,0.02,Easy,17,96,50,,9.58,53.02,D,Pass,Low
STU_000857,15,Male,High School,Public,Low,Bachelor,Urban,56.1,2.15,75.8,66.36,Low,0.53,0.35,0,1.0,Medium,Quiet,Self-Reading,Weekly,3,Average,5.34,Fair,6.03,3.93,Occasionally,10,High,1,Shared,High,0.28,Easy,16,98,45,68.72,10.0,46.15,F,Fail,Low
STU_000858,15,Female,High School,Public,Upper-Middle,Bachelor,Urban,66.99,2.32,90.25,59.73,Medium,1.11,0.84,0,0.7,Medium,Quiet,Practice Tests,Daily,6,Excellent,6.92,Fair,4.6,0.86,Occasionally,10,Medium,1,Dedicated,High,0.36,Easy,18,87,48,100.0,10.0,54.1,D,Pass,Low
STU_000859,17,Other,High School,Public,Low,Master,Urban,62.24,2.53,70.6,45.12,Low,4.94,2.52,0,0.91,High,Moderate,Self-Reading,Weekly,7,Poor,5.91,Fair,3.77,0.93,Frequently,10,High,1,Dedicated,Low,3.76,Easy,3,87,37,17.03,10.0,45.74,F,Fail,Low
STU_000860,15,Male,Undergraduate,Charter,Upper-Middle,Bachelor,Urban,87.97,3.6,86.25,89.14,Low,4.76,2.47,0,1.43,Medium,Quiet,Practice Tests,Weekly,8,Average,6.29,Fair,3.19,4.71,Rarely,10,Medium,1,Dedicated,High,3.6,Medium,24,88,73,94.37,10.0,81.03,B,Pass,High
STU_000861,17,Female,Undergraduate,Charter,Lower-Middle,High School,Urban,57.82,,83.43,72.82,High,5.77,4.74,0,2.56,Medium,Moderate,Self-Reading,Weekly,5,,8.23,Fair,6.71,2.91,Occasionally,10,Medium,1,Dedicated,Moderate,2.9,Medium,20,89,61,94.36,9.89,69.37,C,Pass,Medium
STU_000862,17,Male,High School,Public,Middle,Bachelor,Suburban,71.05,2.87,74.67,72.76,High,2.57,1.58,1,3.1,High,Noisy,Practice Tests,Rarely,5,Average,4.73,Good,6.02,0.81,Rarely,8,Medium,1,Dedicated,High,1.91,Easy,13,96,65,66.3,5.01,66.13,C,Pass,Medium
STU_000863,18,Female,High School,Private,Low,Master,Suburban,69.68,2.58,83.94,71.92,High,2.84,1.95,0,3.1,Medium,Quiet,Group Study,Weekly,8,Excellent,6.71,Excellent,3.2,4.46,Occasionally,10,Medium,1,Dedicated,Moderate,2.26,Hard,22,93,62,74.79,9.85,67.63,C,Pass,Medium
STU_000864,14,Male,Undergraduate,Private,Upper-Middle,High School,Rural,66.8,2.7,80.36,80.5,Medium,1.42,1.14,0,0.94,Medium,Quiet,Group Study,Rarely,4,Average,8.07,Poor,2.45,2.42,Frequently,10,Medium,1,Dedicated,Low,2.58,Medium,17,91,48,100.0,10.0,53.51,D,Pass,Low
STU_000865,17,Female,High School,Private,Middle,High School,Suburban,69.6,2.59,75.72,68.99,Low,2.84,1.68,0,0.06,High,Quiet,Flashcards,Rarely,7,Excellent,7.45,Excellent,3.96,0.61,Rarely,8,High,0,Dedicated,Moderate,0.33,Easy,26,88,67,40.92,7.85,76.73,B,Pass,Medium
STU_000866,16,Female,High School,Charter,Middle,Bachelor,Suburban,62.16,2.65,86.91,71.9,Low,3.38,1.79,0,0.1,High,Noisy,Group Study,Weekly,9,Average,8.21,Good,6.12,7.57,Occasionally,10,Medium,0,Dedicated,High,4.07,Medium,11,95,69,59.87,8.78,73.76,C,Pass,Medium
STU_000867,19,Female,High School,Private,Upper-Middle,High School,Urban,68.9,3.05,86.97,96.91,High,6.85,5.89,0,0.36,Medium,Moderate,Practice Tests,Daily,8,Average,7.46,Good,5.08,0.36,Frequently,7,Medium,1,Shared,Moderate,6.96,Medium,29,85,73,93.1,4.86,84.18,B,Pass,High
STU_000868,20,Male,Undergraduate,Private,Lower-Middle,Bachelor,Suburban,80.87,3.34,88.12,62.71,High,1.71,1.51,1,0.62,Low,Quiet,Practice Tests,Weekly,6,Average,6.6,,4.97,1.28,Occasionally,10,Medium,0,Dedicated,Moderate,6.11,Hard,26,93,53,69.45,7.54,60.3,D,Pass,Medium
STU_000869,14,Female,High School,Charter,Upper-Middle,Associate,Rural,65.38,2.75,84.93,61.16,Low,4.39,2.2,0,0.29,Medium,Quiet,Group Study,Weekly,8,Poor,7.77,Fair,5.27,2.11,Occasionally,10,High,1,Dedicated,Moderate,0.24,Easy,11,97,56,53.46,9.57,54.78,D,Pass,Low
STU_000870,14,Female,High School,Private,Middle,Master,Urban,89.71,3.6,98.71,82.43,High,5.2,3.78,0,2.94,Medium,Quiet,Practice Tests,Weekly,3,Average,5.4,Good,2.63,0.59,Occasionally,10,Medium,1,Dedicated,High,0.38,Easy,20,85,63,65.82,8.92,76.13,B,Pass,Medium
STU_000871,14,Female,Undergraduate,Public,Lower-Middle,,Urban,81.88,3.26,96.73,63.43,Medium,1.56,1.23,1,1.68,Medium,Quiet,Group Study,Rarely,4,Average,8.38,Fair,5.0,1.98,Rarely,8,Low,1,Dedicated,Moderate,2.77,Easy,17,89,75,67.46,10.0,85.99,A,Pass,High
STU_000872,18,Female,High School,Public,Middle,Bachelor,Urban,82.93,3.38,78.6,69.2,High,0.89,0.76,0,0.25,Medium,Noisy,Practice Tests,Weekly,6,,5.88,Excellent,6.24,1.55,Frequently,10,Low,1,Dedicated,High,8.17,Medium,19,99,45,50.61,10.0,47.64,F,Fail,Low
STU_000873,17,Male,High School,Private,Low,Master,Urban,63.76,2.77,84.57,74.47,Medium,2.39,1.52,0,2.88,High,Moderate,Practice Tests,Weekly,6,Excellent,7.04,Poor,4.03,4.7,Occasionally,10,Low,1,Dedicated,Moderate,2.4,Medium,7,85,36,100.0,10.0,44.41,F,Fail,Low
STU_000874,18,Male,High School,Public,Lower-Middle,High School,Urban,64.0,2.69,81.52,59.22,Medium,3.93,2.06,0,0.47,Medium,Quiet,Practice Tests,Weekly,6,Average,7.4,Good,3.77,6.29,Frequently,10,Low,1,Shared,Moderate,0.49,Medium,20,95,52,97.75,10.0,52.89,D,Pass,Low
STU_000875,17,Male,High School,Charter,Upper-Middle,High School,Rural,57.91,2.37,87.54,45.54,High,1.71,1.02,0,1.18,Low,Moderate,Summarizing,Daily,5,Average,6.67,Good,5.79,1.73,Rarely,10,High,1,Dedicated,Low,4.11,Medium,4,85,33,88.65,10.0,39.24,F,Fail,Low
STU_000876,18,Male,Undergraduate,Public,Low,High School,Urban,69.64,2.77,88.73,75.59,Medium,2.44,1.93,1,1.08,High,Noisy,Practice Tests,Weekly,4,Average,6.99,Good,5.11,1.46,Occasionally,10,High,1,Dedicated,Low,0.62,Hard,18,91,47,71.45,10.0,54.4,D,Pass,Low
STU_000877,18,Male,High School,Private,Low,Bachelor,Urban,57.44,2.53,81.74,51.06,Low,1.89,1.04,0,2.59,Medium,Quiet,Flashcards,Weekly,7,Poor,4.71,Excellent,6.8,3.55,Occasionally,10,High,1,Shared,Moderate,2.01,Hard,8,91,33,86.87,10.0,38.04,F,Fail,Low
STU_000878,19,Female,High School,Public,Middle,High School,Rural,73.69,2.95,83.37,72.23,Medium,2.23,1.86,0,9.2,Medium,Quiet,Practice Tests,Weekly,6,Average,4.47,Excellent,6.38,1.66,Occasionally,10,Medium,1,Dedicated,High,5.96,Medium,6,92,56,75.6,7.68,60.82,D,Pass,Medium
STU_000879,16,Male,High School,Public,Lower-Middle,Bachelor,Rural,73.22,3.07,87.05,73.14,Medium,3.63,2.65,0,4.12,High,Noisy,Group Study,Daily,5,Excellent,8.5,Fair,4.11,4.97,Frequently,7,Low,1,Dedicated,Low,1.53,Medium,3,91,68,84.29,6.92,75.98,B,Pass,Medium
STU_000880,18,Male,Undergraduate,Private,Low,Bachelor,Suburban,72.54,2.91,75.68,72.21,High,0.84,0.65,0,3.71,Medium,Quiet,Group Study,Daily,3,Poor,8.13,Fair,4.0,8.03,Frequently,10,Low,1,Dedicated,Moderate,0.26,Medium,26,99,44,67.7,8.76,44.99,F,Fail,Low
STU_000881,19,Male,High School,Public,Middle,Bachelor,Suburban,63.82,2.53,97.43,85.8,Medium,1.65,0.92,0,8.83,Medium,Quiet,Practice Tests,Rarely,0,Average,6.19,Good,5.9,0.6,Rarely,10,Medium,1,Dedicated,Low,0.91,Hard,1,98,14,75.5,9.71,13.65,F,Fail,Low
STU_000882,15,Female,Undergraduate,Public,Upper-Middle,Bachelor,Suburban,78.75,3.11,84.85,72.37,High,3.8,2.38,0,0.32,Medium,Moderate,Group Study,Weekly,3,Excellent,9.1,,4.13,0.03,Occasionally,7,Medium,1,Dedicated,Moderate,1.26,Medium,22,93,81,93.14,6.98,88.7,A,Pass,High
STU_000883,16,Male,Undergraduate,Private,High,Master,Urban,61.78,2.39,97.38,65.57,High,1.59,1.27,1,0.09,Medium,Moderate,Practice Tests,Weekly,1,,8.96,Excellent,4.41,0.55,Frequently,10,High,1,Dedicated,High,1.41,Medium,13,86,41,86.67,9.08,49.68,F,Fail,Low
STU_000884,18,Male,Undergraduate,Public,Middle,Bachelor,Rural,77.54,3.12,95.35,65.02,Medium,1.48,0.79,0,1.7,Medium,Noisy,Summarizing,Daily,9,Average,7.12,Poor,4.02,0.01,Occasionally,7,Medium,1,Dedicated,Low,4.96,Hard,19,87,66,64.51,5.97,76.08,B,Pass,Medium
STU_000885,20,Female,Undergraduate,Public,Lower-Middle,High School,Urban,98.08,3.77,69.25,59.87,Medium,0.92,0.8,0,2.34,Medium,Quiet,Summarizing,Daily,4,Average,5.46,Fair,7.93,1.01,Rarely,8,High,1,Dedicated,High,5.79,Medium,2,96,51,78.49,7.25,52.14,D,Pass,Low
STU_000886,14,Other,Undergraduate,Public,Lower-Middle,High School,Urban,76.05,2.9,82.35,78.8,High,3.56,2.12,0,2.64,Medium,Moderate,Practice Tests,Daily,8,Average,6.27,Good,4.44,0.91,Occasionally,10,Low,1,Dedicated,Low,3.26,Medium,28,87,73,75.47,9.28,82.35,B,Pass,High
STU_000887,15,Male,Undergraduate,Public,Lower-Middle,,Urban,80.24,,77.92,73.86,Medium,3.67,3.05,1,3.46,Medium,Moderate,Flashcards,Daily,5,Average,7.15,Fair,2.71,2.43,Occasionally,10,Medium,1,Shared,High,0.13,Medium,2,96,56,72.58,9.42,59.37,D,Pass,Low
STU_000888,15,Male,Undergraduate,Public,Low,High School,Urban,89.98,3.67,79.07,48.32,Medium,3.27,2.18,0,1.73,Low,Quiet,Self-Reading,Rarely,8,Average,8.88,,2.59,0.8,Occasionally,8,Medium,1,Dedicated,Moderate,0.5,Easy,22,89,89,79.61,10.0,100.0,A,Pass,High
STU_000889,19,Male,High School,Charter,Lower-Middle,Doctorate,Rural,77.59,3.13,86.21,66.24,Medium,1.12,0.84,0,1.09,Low,Moderate,Summarizing,Weekly,5,Excellent,5.33,Excellent,2.82,4.3,Frequently,10,High,1,Dedicated,High,0.98,Easy,28,88,61,87.12,9.26,73.29,C,Pass,Medium
STU_000890,15,Female,Undergraduate,Public,Low,Bachelor,Urban,71.47,2.93,95.21,74.31,Low,1.4,0.99,0,2.77,Medium,Moderate,Practice Tests,Daily,4,Average,6.12,Fair,1.84,3.93,Frequently,7,Medium,1,Dedicated,Low,6.68,Medium,11,98,65,76.74,6.5,69.82,C,Pass,Medium
STU_000891,16,Male,High School,Private,Low,High School,Rural,70.8,2.76,78.82,70.92,Medium,1.2,0.66,0,1.72,High,Noisy,Practice Tests,Daily,7,Average,7.13,Good,8.09,3.12,Occasionally,10,Medium,1,Dedicated,High,6.18,Easy,1,89,40,77.41,10.0,47.14,F,Fail,Low
STU_000892,18,Female,High School,Public,Upper-Middle,Associate,Suburban,65.07,2.49,92.06,74.34,High,0.53,0.34,0,1.79,High,Quiet,Practice Tests,Daily,2,Average,7.07,Excellent,4.35,1.18,Occasionally,10,High,1,Dedicated,Low,2.87,Medium,1,96,24,80.11,10.0,24.77,F,Fail,Low
STU_000893,18,Male,Undergraduate,Charter,Low,High School,Suburban,75.67,3.14,76.82,64.12,High,6.66,5.15,0,0.79,High,Quiet,Self-Reading,Weekly,7,Average,7.48,Good,7.62,1.2,Rarely,7,High,1,Dedicated,Low,0.74,Hard,6,96,65,53.86,6.04,70.0,C,Pass,Medium
STU_000894,20,Male,High School,Public,Low,Bachelor,Suburban,62.06,2.35,83.87,88.43,Low,5.66,3.98,0,2.17,Medium,Moderate,Flashcards,Weekly,10,Average,6.33,Fair,5.37,3.02,Occasionally,10,Medium,1,Dedicated,Moderate,1.12,Hard,13,86,43,87.11,8.94,50.8,D,Pass,Low
STU_000895,14,Female,High School,Public,Middle,Associate,Rural,77.29,2.95,96.87,79.13,High,1.62,1.32,0,3.27,Medium,Quiet,Practice Tests,Daily,3,Average,7.75,Good,4.38,1.85,Occasionally,10,Medium,1,Dedicated,Low,4.35,Medium,23,85,52,71.75,9.91,60.84,D,Pass,Medium
STU_000896,19,Female,Undergraduate,Private,High,Bachelor,Urban,61.02,2.38,81.39,68.09,Medium,3.7,1.88,0,1.37,Low,Noisy,Flashcards,Rarely,5,Average,6.87,Poor,5.19,1.03,Occasionally,7,High,1,Dedicated,Moderate,3.15,Medium,26,99,74,99.65,5.45,76.06,B,Pass,Medium
STU_000897,14,Male,Undergraduate,Public,Lower-Middle,Bachelor,Urban,49.34,1.58,86.86,70.11,Low,2.82,2.1,0,0.56,Medium,Moderate,Summarizing,Daily,6,Excellent,6.67,Excellent,4.54,0.12,Frequently,9,Medium,1,Dedicated,Low,9.6,Medium,27,91,47,,8.69,50.09,D,Pass,Low
STU_000898,15,Male,High School,Private,Middle,Bachelor,Suburban,55.82,2.25,96.49,92.73,Medium,5.77,4.18,0,4.17,Medium,Quiet,Group Study,Rarely,3,Poor,6.3,,5.62,0.33,Frequently,10,Medium,1,Dedicated,High,3.18,Hard,1,93,34,82.84,10.0,35.39,F,Fail,Low
STU_000899,20,Male,High School,Private,Lower-Middle,High School,Suburban,85.9,3.23,82.69,94.0,Medium,4.99,3.97,0,1.4,High,Moderate,Self-Reading,Weekly,6,Average,5.97,Fair,9.5,1.3,Rarely,10,High,1,Dedicated,Moderate,1.05,Hard,13,93,66,82.63,9.2,69.02,C,Pass,Medium
STU_000900,14,Female,High School,Private,Middle,Associate,Urban,82.41,3.29,82.25,65.2,Medium,5.18,3.41,0,1.77,High,Quiet,Practice Tests,Weekly,10,Poor,8.38,Good,6.29,0.89,Occasionally,8,Medium,1,Dedicated,Moderate,6.85,Hard,29,90,60,,7.8,65.2,C,Pass,Medium
STU_000901,16,Male,High School,Public,Low,Bachelor,Urban,67.73,2.63,82.91,75.4,Medium,3.16,2.21,0,1.71,Medium,Quiet,Self-Reading,Weekly,9,Excellent,10.08,Excellent,4.91,5.49,Rarely,10,Medium,1,Dedicated,Moderate,0.34,Medium,8,93,69,100.0,9.12,73.95,C,Pass,Medium
STU_000902,18,Male,Undergraduate,Private,Lower-Middle,High School,Urban,78.27,3.18,79.63,67.69,Medium,2.19,1.91,0,0.21,Medium,Moderate,Flashcards,Daily,5,Average,7.78,Poor,5.96,2.36,Occasionally,10,Low,1,Shared,Moderate,1.67,Medium,29,99,66,56.11,10.0,66.87,C,Pass,Medium
STU_000903,15,Male,Undergraduate,Private,Upper-Middle,Bachelor,Suburban,92.24,,92.1,70.52,Medium,3.02,1.89,1,2.01,Low,Moderate,Summarizing,Weekly,4,Average,6.19,Good,6.64,8.81,Occasionally,10,Low,1,Dedicated,High,1.35,Hard,19,97,57,61.98,10.0,59.74,D,Pass,Low
STU_000904,20,Male,Undergraduate,Public,Middle,Master,Urban,81.81,3.42,,68.96,Low,3.16,2.06,1,2.13,Medium,Moderate,Summarizing,Daily,8,Average,5.84,Good,5.25,3.9,Frequently,10,High,1,Shared,Moderate,3.72,Medium,22,92,69,80.6,10.0,76.06,B,Pass,Medium
STU_000905,14,Female,High School,Private,Upper-Middle,Bachelor,Urban,58.54,2.28,94.53,73.4,High,3.0,1.65,0,4.37,High,Quiet,Flashcards,Daily,3,Poor,4.51,Good,6.67,0.07,Occasionally,10,Medium,1,Shared,Moderate,2.42,Medium,18,90,43,63.19,9.65,46.19,F,Fail,Low
STU_000906,19,Male,High School,Public,Lower-Middle,High School,Urban,72.48,2.73,100.0,84.94,High,3.19,1.6,0,0.39,Medium,Quiet,Flashcards,Daily,4,Average,7.04,Fair,6.97,8.92,Frequently,8,High,1,Dedicated,Moderate,4.63,Medium,28,100,56,83.0,8.18,58.94,D,Pass,Low
STU_000907,16,Female,Undergraduate,Public,Middle,Master,Urban,66.73,2.68,77.97,67.23,High,1.99,1.02,0,1.03,Medium,Moderate,Flashcards,Weekly,5,Average,6.42,Good,3.33,7.69,Frequently,10,High,1,Dedicated,High,0.69,Medium,5,94,38,98.03,10.0,38.26,F,Fail,Low
STU_000908,16,Male,High School,Public,Lower-Middle,Associate,Urban,71.89,2.78,83.01,68.13,Low,5.11,4.32,1,0.23,Low,Moderate,Flashcards,Weekly,12,Average,6.49,Fair,5.68,3.06,Rarely,7,Medium,1,Dedicated,Low,2.62,Medium,20,92,71,74.88,7.42,76.31,B,Pass,Medium
STU_000909,14,Female,High School,Private,Low,Master,Rural,69.86,2.87,94.08,93.39,Low,5.7,4.27,0,2.11,High,Noisy,Self-Reading,Weekly,10,Average,6.08,Good,4.5,1.27,Rarely,10,Medium,1,Dedicated,Low,0.15,Medium,3,95,47,66.1,10.0,48.61,F,Fail,Low
STU_000910,18,Male,Undergraduate,Charter,Low,High School,Suburban,79.35,3.24,96.96,61.33,Low,2.69,2.08,0,1.22,High,Quiet,Summarizing,Daily,9,Average,8.1,Good,6.59,0.5,Frequently,10,Medium,1,Dedicated,Moderate,2.78,Medium,19,100,85,,10.0,86.66,A,Pass,High
STU_000911,14,Male,Undergraduate,Public,Lower-Middle,Doctorate,Suburban,74.25,2.95,,74.55,Medium,3.35,2.89,0,0.54,High,Moderate,Group Study,Weekly,3,Average,7.72,Good,7.87,3.79,Occasionally,10,Medium,1,Dedicated,Low,1.31,Medium,20,98,69,89.25,7.84,71.09,C,Pass,Medium
STU_000912,15,Female,High School,Private,High,Bachelor,Suburban,47.66,1.94,88.0,60.17,Medium,2.88,1.87,0,0.52,Low,Moderate,Summarizing,Weekly,3,Excellent,6.69,,1.99,7.95,Occasionally,10,Low,1,Dedicated,Low,0.58,Easy,28,93,48,91.33,10.0,52.92,D,Pass,Low
STU_000913,14,Female,Undergraduate,Public,Low,High School,Rural,56.15,2.16,82.62,57.99,High,2.49,1.44,1,1.67,Medium,Quiet,Self-Reading,Weekly,7,Excellent,8.03,Excellent,3.41,3.0,Occasionally,6,High,0,Dedicated,Moderate,0.38,Hard,3,87,37,55.41,6.57,42.31,F,Fail,Low
STU_000914,16,Male,High School,Private,Lower-Middle,Bachelor,Suburban,72.21,2.73,89.73,79.32,Medium,3.24,2.41,1,6.97,Medium,Quiet,Practice Tests,Weekly,4,Average,6.94,Fair,7.23,8.78,Rarely,10,High,1,Shared,Low,5.18,Medium,2,89,53,69.27,10.0,57.25,D,Pass,Low
STU_000915,20,Female,Undergraduate,Public,Lower-Middle,Associate,Suburban,55.07,2.26,73.37,59.11,High,4.02,3.05,1,4.7,Medium,Moderate,Self-Reading,Daily,10,Excellent,5.47,Fair,4.45,2.38,Occasionally,10,High,1,Dedicated,Moderate,0.77,Hard,19,99,54,86.61,8.98,53.59,D,Pass,Low
STU_000916,14,Female,Undergraduate,Public,High,,Urban,94.69,4.0,93.87,93.84,High,4.34,3.2,0,4.57,Medium,Quiet,Group Study,Weekly,2,Excellent,7.17,Good,3.43,7.0,Occasionally,7,High,1,Dedicated,High,4.31,Medium,30,91,71,50.9,3.4,77.59,B,Pass,Medium
STU_000917,18,Male,Undergraduate,Public,Lower-Middle,Bachelor,Suburban,63.05,2.63,88.59,85.21,Medium,3.27,2.88,1,0.71,Medium,Quiet,Self-Reading,Rarely,11,Average,6.97,Fair,6.45,0.31,Rarely,10,High,1,Dedicated,Moderate,1.18,Medium,11,85,50,76.84,7.62,61.2,D,Pass,Medium
STU_000918,20,Male,High School,Private,Low,Associate,Urban,55.46,2.07,81.28,49.36,Medium,1.68,0.89,0,3.2,Medium,Quiet,Flashcards,Daily,6,Average,8.96,Excellent,7.44,6.98,Frequently,8,Medium,1,Dedicated,Moderate,1.33,Medium,24,95,52,76.82,7.63,54.41,D,Pass,Low
STU_000919,19,Female,High School,Public,High,Associate,Suburban,85.54,3.29,100.0,83.07,High,4.66,2.35,0,0.08,Medium,Quiet,Summarizing,Weekly,5,Poor,6.58,Poor,3.83,4.37,Frequently,10,Medium,1,Shared,Moderate,2.71,Medium,5,91,66,79.69,10.0,71.0,C,Pass,Medium
STU_000920,17,Male,High School,Public,Lower-Middle,High School,Urban,72.36,2.88,85.99,92.96,High,2.79,2.11,1,0.74,Medium,Moderate,Self-Reading,Daily,3,Average,8.96,Good,4.45,0.09,Rarely,6,Low,1,Dedicated,Low,4.08,Easy,14,91,79,48.58,5.72,86.69,A,Pass,High
STU_000921,14,Female,Undergraduate,Public,Middle,,Suburban,63.4,,100.0,64.87,Medium,1.78,1.04,0,3.88,High,Moderate,Group Study,Weekly,4,Average,6.84,Excellent,5.31,2.17,Occasionally,10,Medium,1,Shared,Moderate,10.78,Medium,8,89,47,100.0,10.0,49.71,F,Fail,Low
STU_000922,18,Male,Undergraduate,Public,Lower-Middle,Associate,Urban,68.28,3.02,80.67,69.69,Low,3.51,2.34,0,1.25,Medium,Moderate,Self-Reading,Weekly,5,Excellent,6.65,Excellent,8.55,0.15,Rarely,7,Medium,1,Dedicated,Low,1.86,Hard,18,87,45,98.26,9.26,49.33,F,Fail,Low
STU_000923,20,Female,High School,Charter,Middle,Associate,Urban,68.55,2.7,83.9,82.18,Low,5.34,3.84,0,2.62,Medium,Moderate,Group Study,Weekly,7,Excellent,7.86,,6.65,0.46,Occasionally,10,Medium,1,Dedicated,Moderate,4.43,Medium,10,93,60,67.67,10.0,59.89,D,Pass,Low
STU_000924,18,Female,High School,Private,Upper-Middle,Master,Suburban,48.41,1.94,86.52,65.3,High,1.48,0.86,0,1.6,High,Moderate,Flashcards,Rarely,1,Average,7.93,Good,4.91,0.88,Occasionally,10,Medium,1,Dedicated,High,1.64,Medium,2,88,11,96.61,9.73,9.43,F,Fail,Low
STU_000925,19,Female,High School,Private,Middle,Bachelor,Rural,75.06,,90.19,72.17,High,3.01,2.66,1,0.61,Medium,Quiet,Self-Reading,Weekly,4,Excellent,7.84,Poor,7.67,0.43,Frequently,10,Medium,1,Shared,Low,1.4,Easy,5,98,82,62.2,10.0,84.39,B,Pass,High
STU_000926,16,Other,High School,Public,High,Bachelor,Suburban,75.28,3.21,85.02,64.18,Low,1.08,0.74,1,0.23,Medium,Quiet,Practice Tests,Weekly,5,Average,6.6,Good,3.22,6.15,Frequently,8,Medium,1,Shared,Moderate,0.11,Medium,16,89,50,78.17,9.38,55.38,D,Pass,Low
STU_000927,18,Female,Undergraduate,Public,Low,Associate,Rural,58.76,2.26,92.0,54.31,Medium,1.4,1.11,1,0.11,Medium,Quiet,Practice Tests,Weekly,5,Poor,6.91,Good,3.29,0.65,Rarely,8,Medium,1,None,Low,0.52,Medium,5,92,58,,8.94,60.99,D,Pass,Medium
STU_000928,20,Male,Undergraduate,Public,Middle,High School,Urban,65.51,2.58,75.44,80.46,High,7.8,6.37,0,1.04,Low,Quiet,Flashcards,Weekly,6,Average,5.98,Fair,6.49,8.88,Occasionally,10,Medium,1,Dedicated,Moderate,2.07,Medium,20,99,55,,10.0,54.22,D,Pass,Low
STU_000929,18,Male,High School,Charter,Middle,Associate,Suburban,72.53,2.92,91.83,54.23,Medium,3.65,2.73,0,0.34,High,Moderate,Summarizing,Weekly,5,Average,7.09,Good,6.61,1.67,Occasionally,10,High,1,Shared,High,5.6,Medium,30,87,70,74.75,10.0,77.18,B,Pass,Medium
STU_000930,18,Male,High School,Public,High,Bachelor,Suburban,45.33,2.24,95.86,97.37,High,1.68,1.34,0,0.58,Medium,Moderate,Self-Reading,Rarely,2,Excellent,6.12,Excellent,4.73,2.98,Occasionally,8,Medium,1,Shared,Moderate,1.93,Easy,28,96,64,59.01,5.7,68.04,C,Pass,Medium
STU_000931,18,Female,Undergraduate,Public,Low,Bachelor,Urban,69.28,2.38,,58.84,Low,3.94,2.81,0,2.71,Medium,Moderate,Practice Tests,Daily,8,Poor,8.35,Fair,4.3,10.12,Frequently,10,Medium,1,Dedicated,Moderate,5.98,Easy,15,91,89,97.52,8.56,98.57,A,Pass,High
STU_000932,15,Male,Undergraduate,Charter,Lower-Middle,High School,Urban,95.43,3.85,80.98,86.46,Medium,5.36,3.46,0,0.66,Low,Quiet,Practice Tests,Weekly,8,Average,8.92,,4.02,0.68,Occasionally,10,High,1,Shared,Low,3.3,Medium,24,93,81,99.16,9.42,87.24,A,Pass,High
STU_000933,15,Female,High School,Public,Upper-Middle,High School,Urban,75.03,3.16,80.8,83.67,High,8.48,5.11,0,1.04,High,Noisy,Group Study,Weekly,10,Excellent,6.54,Fair,2.58,1.44,Rarely,10,High,1,Dedicated,High,3.77,Medium,2,91,72,57.35,9.03,77.83,B,Pass,Medium
STU_000934,16,Male,High School,Private,Middle,Master,Urban,57.49,,84.15,50.55,Medium,0.82,0.69,0,0.51,High,Quiet,Self-Reading,Daily,2,Average,8.45,Good,5.32,1.38,Occasionally,7,High,1,Dedicated,Low,7.19,Easy,3,99,42,,7.14,41.19,F,Fail,Low
STU_000935,14,Male,Undergraduate,Public,Middle,Associate,Suburban,66.46,2.42,76.39,77.23,High,5.47,4.73,1,1.0,High,Moderate,Self-Reading,Rarely,4,Average,5.35,Good,6.42,0.59,Rarely,9,Medium,1,Dedicated,Low,0.8,Hard,26,98,51,,10.0,53.48,D,Pass,Low
STU_000936,18,Male,Undergraduate,Public,Middle,Bachelor,Urban,64.16,2.67,100.0,61.15,High,1.48,0.8,1,3.75,Medium,Quiet,Group Study,Weekly,3,Average,7.13,Good,4.18,1.39,Occasionally,10,Medium,1,None,Moderate,1.78,Medium,28,94,43,74.49,10.0,43.91,F,Fail,Low
STU_000937,19,Female,High School,Public,Low,Bachelor,Rural,42.68,1.66,89.87,68.19,High,2.92,2.14,0,2.95,Medium,Quiet,Flashcards,Weekly,4,Excellent,7.99,Fair,5.2,5.02,Frequently,8,Medium,0,Shared,Low,2.59,Hard,8,92,19,,8.08,22.36,F,Fail,Low
STU_000938,14,Female,High School,Public,High,High School,Urban,75.32,3.36,,78.74,High,3.72,2.39,1,3.14,Medium,Quiet,Group Study,Rarely,10,Poor,8.25,Fair,5.84,0.97,Occasionally,10,Low,1,Shared,Moderate,1.7,Hard,3,96,38,,9.15,40.44,F,Fail,Low
STU_000939,19,Male,High School,Public,Lower-Middle,Bachelor,Suburban,74.7,2.94,89.79,63.49,High,1.1,0.74,0,3.97,High,Noisy,Flashcards,Rarely,5,Average,5.23,Fair,1.04,1.59,Occasionally,10,Low,1,Dedicated,Moderate,3.31,Medium,18,91,46,66.75,9.71,52.39,D,Pass,Low
STU_000940,14,Male,Undergraduate,Public,Lower-Middle,Bachelor,Rural,62.22,2.43,99.2,71.36,High,1.63,1.28,0,1.16,Low,Moderate,Flashcards,Daily,5,Average,7.35,Excellent,4.25,3.29,Occasionally,10,Low,1,Dedicated,Moderate,0.75,Medium,26,92,52,93.05,9.34,57.44,D,Pass,Low
STU_000941,16,Male,Undergraduate,Public,Lower-Middle,Bachelor,Rural,80.18,3.03,72.03,48.97,Low,0.77,0.69,0,0.25,Medium,Quiet,Self-Reading,Rarely,5,Average,4.68,Good,5.64,0.61,Occasionally,10,Medium,1,Dedicated,Low,0.74,Medium,24,97,61,84.77,8.42,64.36,D,Pass,Medium
STU_000942,18,Female,High School,Charter,Middle,Master,Rural,56.04,2.3,84.72,70.35,Low,3.24,2.15,0,1.91,Medium,Quiet,Practice Tests,Rarely,4,Average,5.48,Poor,1.68,3.95,Occasionally,8,High,1,Shared,Moderate,1.63,Medium,2,90,47,56.06,6.94,54.48,D,Pass,Low
STU_000943,18,Male,High School,Charter,Middle,Associate,Suburban,76.98,3.25,79.93,55.29,Low,2.14,1.67,0,0.64,Medium,Moderate,Summarizing,Rarely,5,Poor,3.1,Good,10.2,7.98,Frequently,10,Low,1,Dedicated,Low,0.81,Hard,30,87,41,78.08,10.0,49.72,F,Fail,Low
STU_000944,17,Female,Undergraduate,Public,Lower-Middle,Doctorate,Urban,62.2,2.26,84.84,67.52,Low,2.66,2.05,1,2.06,Medium,Noisy,Self-Reading,Weekly,2,Excellent,8.25,Good,4.74,10.86,Occasionally,7,Low,1,Dedicated,Low,0.82,Easy,29,97,66,52.84,6.17,68.67,C,Pass,Medium
STU_000945,19,Male,High School,Public,Low,High School,Rural,57.08,2.25,78.9,75.15,High,8.38,4.86,0,2.02,Medium,Noisy,Flashcards,Daily,9,Poor,6.16,Fair,5.59,0.96,Frequently,10,Low,1,Shared,Moderate,1.6,Medium,17,86,48,66.52,6.38,56.25,D,Pass,Low
STU_000946,14,Female,High School,Private,Middle,Bachelor,Urban,84.69,3.49,80.97,66.96,Medium,2.66,1.69,0,0.3,Low,Quiet,Group Study,Weekly,8,,7.72,Fair,6.13,0.89,Rarely,8,Low,1,Shared,Low,4.33,Medium,6,96,70,63.89,8.43,70.75,C,Pass,Medium
STU_000947,14,Female,Undergraduate,Private,Lower-Middle,Bachelor,Rural,66.39,2.43,84.14,68.35,Medium,0.66,0.38,0,1.65,Low,Moderate,Self-Reading,Weekly,1,Poor,6.61,Good,7.76,1.52,Rarely,10,Low,1,Shared,Moderate,0.19,Hard,8,89,37,100.0,7.11,42.36,F,Fail,Low
STU_000948,15,Male,Undergraduate,Public,Middle,High School,Rural,72.42,2.74,75.4,47.25,Low,1.86,1.38,0,0.47,Medium,Quiet,Practice Tests,Weekly,6,Average,7.92,Excellent,3.84,0.35,Occasionally,9,Medium,1,Shared,Moderate,1.11,Medium,2,93,50,,10.0,53.96,D,Pass,Low
STU_000949,17,Male,High School,Private,Middle,Master,Urban,61.66,2.48,98.14,97.3,Low,5.5,4.13,0,2.53,High,Quiet,Flashcards,Weekly,4,,4.91,Good,5.55,2.1,Frequently,10,High,1,Dedicated,Low,0.25,Medium,13,94,63,,10.0,65.47,C,Pass,Medium
STU_000950,20,Male,High School,Public,Middle,Associate,Suburban,78.5,3.18,91.53,65.01,Medium,1.25,1.09,0,1.03,Medium,Moderate,Self-Reading,Rarely,4,Average,7.18,Good,7.39,4.36,Occasionally,10,High,1,Dedicated,Low,0.15,Medium,26,94,67,100.0,7.73,68.6,C,Pass,Medium
STU_000951,20,Female,Undergraduate,Public,Lower-Middle,High School,Urban,70.3,2.91,83.44,55.7,Low,0.75,0.64,1,7.39,Medium,Moderate,Practice Tests,Daily,3,Excellent,6.63,,2.53,2.38,Occasionally,10,Medium,1,Shared,High,1.66,Easy,21,97,68,83.86,10.0,69.64,C,Pass,Medium
STU_000952,15,Female,High School,Public,Lower-Middle,High School,Urban,64.46,2.59,91.13,83.87,High,3.18,2.24,0,2.92,Medium,Quiet,Flashcards,Weekly,4,Average,7.56,Good,2.45,3.65,Frequently,10,Medium,1,Shared,Moderate,5.23,Hard,10,92,53,100.0,10.0,54.89,D,Pass,Low
STU_000953,15,Male,High School,Public,Upper-Middle,High School,Urban,77.4,3.15,76.96,67.13,Medium,4.84,3.92,0,1.22,Medium,Moderate,Self-Reading,Rarely,2,Excellent,6.48,Fair,4.96,0.92,Occasionally,9,Medium,1,Dedicated,High,4.27,Hard,5,86,47,49.28,9.63,54.57,D,Pass,Low
STU_000954,15,Male,Undergraduate,Public,Upper-Middle,High School,Rural,79.2,2.89,100.0,91.11,Low,7.69,5.51,0,0.91,High,Moderate,Group Study,Weekly,8,Average,4.97,Good,3.21,2.18,Frequently,8,Medium,1,Dedicated,Moderate,5.49,Easy,30,95,83,66.46,9.65,90.36,A,Pass,High
STU_000955,19,Male,High School,Public,Low,Master,Suburban,44.99,1.72,79.49,46.92,Medium,1.9,1.48,0,0.14,High,Quiet,Self-Reading,Weekly,8,Average,6.59,Fair,4.08,4.69,Occasionally,10,Medium,1,Dedicated,Low,1.94,Hard,29,94,27,,10.0,28.1,F,Fail,Low
STU_000956,19,Male,High School,Charter,Middle,High School,Urban,67.02,2.36,78.33,62.58,High,1.26,0.86,1,3.37,Medium,Moderate,Practice Tests,Weekly,0,Poor,9.3,Good,3.25,0.84,Occasionally,10,Low,1,Shared,Low,2.4,Medium,6,87,40,81.65,10.0,48.34,F,Fail,Low
STU_000957,16,Male,Undergraduate,Private,High,Doctorate,Suburban,89.65,3.41,80.72,65.1,Medium,1.89,1.44,0,0.71,Medium,Quiet,Practice Tests,Weekly,5,Poor,6.03,Fair,5.81,1.94,Occasionally,10,High,1,Dedicated,Moderate,0.32,Hard,15,93,40,59.95,10.0,43.56,F,Fail,Low
STU_000958,16,Male,Undergraduate,Public,High,High School,Urban,93.3,3.75,93.88,77.02,Medium,3.37,2.3,0,1.82,Medium,Quiet,Summarizing,Weekly,0,Average,8.0,Fair,8.22,0.65,Frequently,10,High,1,None,Low,2.58,Medium,4,98,72,76.75,10.0,74.03,C,Pass,Medium
STU_000959,15,Male,Undergraduate,Public,Lower-Middle,Associate,Urban,64.98,2.37,76.63,64.09,High,1.07,0.88,1,4.33,High,Quiet,Summarizing,Weekly,7,Excellent,7.22,Good,5.16,3.54,Rarely,10,Medium,1,Dedicated,Moderate,13.77,Medium,16,91,48,91.42,9.94,51.99,D,Pass,Low
STU_000960,17,Male,High School,Private,Upper-Middle,Bachelor,Urban,67.27,2.86,80.65,53.75,Medium,0.59,0.44,0,1.03,High,Moderate,Practice Tests,Weekly,5,Excellent,6.83,Excellent,7.1,7.39,Rarely,10,Low,1,Dedicated,Low,6.61,Easy,3,93,63,90.43,8.47,66.97,C,Pass,Medium
STU_000961,14,Male,High School,Private,Middle,Associate,Rural,100.0,4.0,,57.24,High,1.9,1.58,0,6.01,Medium,Quiet,Self-Reading,Daily,4,Average,7.94,Fair,7.88,4.89,Rarely,10,Low,1,Shared,Low,0.43,Easy,22,89,67,69.09,10.0,78.03,B,Pass,Medium
STU_000962,19,Female,High School,Private,Middle,High School,Urban,72.87,2.94,,63.55,High,0.81,0.67,1,3.24,Medium,Moderate,Group Study,Rarely,6,Average,7.6,Good,5.3,2.39,Frequently,10,Medium,1,Dedicated,Moderate,0.77,Medium,19,100,41,68.29,8.97,40.14,F,Fail,Low
STU_000963,17,Female,High School,Private,Middle,,Urban,85.78,3.47,100.0,73.2,Low,2.58,1.37,0,1.11,Medium,Moderate,Summarizing,Weekly,10,Average,8.74,Fair,3.22,0.98,Occasionally,10,High,1,Dedicated,Low,0.33,Medium,24,87,73,93.51,10.0,82.93,B,Pass,High
STU_000964,18,Male,Undergraduate,Charter,Middle,Doctorate,Urban,49.21,1.9,77.55,63.35,Medium,3.42,3.05,0,0.11,Medium,Quiet,Practice Tests,Rarely,8,Excellent,5.37,Good,6.76,0.02,Frequently,10,Low,1,Dedicated,Moderate,2.98,Easy,19,91,59,71.49,8.77,64.95,D,Pass,Medium
STU_000965,19,Male,Undergraduate,Public,Upper-Middle,Associate,Urban,69.71,2.57,87.62,74.99,Medium,2.1,1.71,1,1.7,Medium,Moderate,Group Study,Weekly,3,Average,8.48,Fair,5.85,3.99,Frequently,10,Medium,1,Dedicated,Low,0.53,Easy,2,92,64,94.62,10.0,68.25,C,Pass,Medium
STU_000966,19,Female,Undergraduate,Private,Lower-Middle,Bachelor,Rural,67.34,2.47,88.76,63.19,Medium,1.36,1.13,0,0.5,Medium,Noisy,Self-Reading,Weekly,6,Poor,7.16,Good,2.23,2.36,Occasionally,10,High,1,Dedicated,Moderate,0.16,Easy,1,94,44,89.55,10.0,46.33,F,Fail,Low
STU_000967,16,Male,Undergraduate,Private,High,Associate,Urban,52.01,,74.24,57.85,Low,1.28,0.78,0,1.04,Medium,Noisy,Summarizing,Rarely,4,Poor,6.04,Good,3.81,4.49,Frequently,10,Medium,1,Dedicated,Moderate,0.75,Hard,16,87,36,91.63,8.27,36.99,F,Fail,Low
STU_000968,14,Male,High School,Charter,Low,Bachelor,Urban,77.74,3.05,64.26,62.99,Medium,2.28,1.44,1,7.38,High,Moderate,Flashcards,Weekly,7,Average,7.06,Fair,3.15,1.45,Occasionally,10,High,1,Shared,Low,3.03,Medium,11,94,40,54.04,9.42,41.76,F,Fail,Low
STU_000969,14,Male,High School,Public,Upper-Middle,Bachelor,Urban,82.15,3.27,88.53,92.65,Low,4.15,2.86,0,4.87,High,Quiet,Practice Tests,Rarely,8,Average,3.82,Fair,5.98,1.09,Frequently,10,Medium,1,Dedicated,Low,5.12,Medium,14,89,61,,8.59,65.04,C,Pass,Medium
STU_000970,20,Male,Undergraduate,Public,Middle,,Suburban,54.56,,79.04,55.76,High,1.26,1.04,0,2.82,High,Quiet,Group Study,Daily,7,Average,8.18,Good,4.8,1.08,Frequently,10,Medium,1,Dedicated,Low,2.23,Hard,29,87,57,65.35,10.0,65.73,C,Pass,Medium
STU_000971,20,Male,High School,Public,Middle,Associate,Urban,74.66,2.77,86.44,56.99,Medium,1.54,1.0,0,1.45,High,Quiet,Flashcards,Weekly,4,,5.48,Fair,4.59,1.81,Occasionally,10,High,1,Dedicated,Moderate,0.7,Medium,25,94,52,57.72,10.0,53.88,D,Pass,Low
STU_000972,20,Female,High School,Public,Upper-Middle,Bachelor,Urban,66.99,2.73,90.02,78.56,Low,2.87,1.74,0,6.57,High,Quiet,Self-Reading,Weekly,11,,7.13,Good,4.85,0.62,Occasionally,10,Medium,1,Dedicated,Low,3.49,Medium,12,94,62,91.95,10.0,65.27,C,Pass,Medium
STU_000973,20,Male,Undergraduate,Public,Middle,Master,Suburban,83.3,3.3,,58.82,Low,2.43,1.38,0,2.46,Medium,Quiet,Practice Tests,Weekly,4,Average,7.2,Excellent,7.18,0.88,Occasionally,10,High,0,Shared,Low,1.92,Medium,23,90,59,85.01,10.0,65.93,C,Pass,Medium
STU_000974,18,Male,High School,Private,Low,High School,Rural,75.27,3.12,72.9,36.7,Low,0.97,0.59,1,1.03,Medium,Quiet,Self-Reading,Rarely,5,Average,7.85,Good,5.81,1.58,Occasionally,10,High,1,Dedicated,Low,3.59,Easy,15,92,57,80.04,10.0,60.99,D,Pass,Medium
STU_000975,18,Female,Undergraduate,Charter,Middle,Doctorate,Urban,66.85,2.84,97.15,62.9,Low,4.73,3.27,1,6.35,Medium,Moderate,Group Study,Rarely,10,Average,5.97,Poor,4.4,0.07,Frequently,9,High,1,Dedicated,Moderate,3.41,Medium,8,98,72,60.2,7.99,79.65,B,Pass,Medium
STU_000976,19,Male,High School,Private,Low,Bachelor,Suburban,65.72,2.72,100.0,62.82,Low,1.39,0.96,0,0.43,Medium,Moderate,Group Study,Daily,2,Average,7.68,Fair,4.17,5.4,Occasionally,10,Medium,1,Dedicated,Low,0.12,Medium,2,96,48,69.24,8.47,51.57,D,Pass,Low
STU_000977,15,Male,High School,Public,Lower-Middle,Bachelor,Urban,74.19,3.08,88.2,63.13,Medium,4.14,2.4,0,1.49,High,Moderate,Self-Reading,Weekly,2,Average,6.81,Fair,3.56,0.41,Occasionally,10,Medium,1,Dedicated,Moderate,3.32,Medium,7,90,72,99.75,8.08,80.26,B,Pass,High
STU_000978,16,Female,High School,Public,High,Master,Urban,83.44,3.46,96.04,65.91,Low,2.62,2.13,0,1.35,Medium,Quiet,Practice Tests,Weekly,6,Average,7.46,Excellent,5.15,1.24,Frequently,10,Low,1,Dedicated,Moderate,6.99,Medium,1,96,52,71.78,8.78,57.19,D,Pass,Low
STU_000979,16,Female,High School,Public,Lower-Middle,Master,Suburban,71.08,2.69,,64.93,Medium,0.81,0.59,1,13.49,Medium,Quiet,Practice Tests,Weekly,1,,5.87,Fair,4.18,1.13,Frequently,8,Medium,1,Shared,Low,1.19,Hard,7,98,41,85.14,6.69,41.72,F,Fail,Low
STU_000980,20,Male,Undergraduate,Public,Lower-Middle,Doctorate,Urban,63.94,,78.12,74.93,High,3.13,1.84,0,1.86,High,Moderate,Flashcards,Weekly,7,Average,7.74,Poor,5.25,6.56,Occasionally,9,High,1,Dedicated,Low,7.09,Hard,21,90,47,86.3,10.0,52.58,D,Pass,Low
STU_000981,19,Male,Undergraduate,Public,Low,Doctorate,Urban,72.68,2.63,95.62,77.74,Medium,2.92,1.84,0,0.21,Medium,Noisy,Group Study,Weekly,8,,7.29,Good,6.22,0.63,Rarely,8,Medium,1,Dedicated,High,0.98,Medium,12,89,67,100.0,8.23,72.28,C,Pass,Medium
STU_000982,17,Male,High School,Private,Middle,High School,Suburban,71.91,2.68,,76.79,High,2.18,1.33,0,1.06,Medium,Moderate,Self-Reading,Weekly,4,Poor,7.7,Poor,3.38,2.71,Frequently,10,High,1,Dedicated,Low,2.97,Hard,20,86,35,78.64,8.3,41.57,F,Fail,Low
STU_000983,15,Female,Undergraduate,Charter,Middle,Bachelor,Suburban,68.3,2.97,94.1,64.46,Low,1.03,0.54,0,9.59,Medium,Quiet,Self-Reading,Weekly,5,Average,8.63,Poor,5.83,0.91,Frequently,10,Low,1,Dedicated,High,1.52,Medium,5,97,82,100.0,9.32,83.22,B,Pass,High
STU_000984,19,Male,High School,Private,Low,High School,Suburban,75.76,3.05,77.67,46.35,Low,1.18,0.62,0,0.44,Medium,Quiet,Flashcards,Daily,5,Average,7.46,Poor,6.06,2.03,Frequently,10,High,1,Shared,High,9.75,Medium,10,96,71,76.11,9.02,71.57,C,Pass,Medium
STU_000985,15,Female,High School,Public,Middle,Associate,Urban,68.23,2.86,98.91,72.1,High,1.92,1.24,0,2.81,Medium,Moderate,Practice Tests,Weekly,4,Excellent,6.38,Fair,2.89,1.87,Occasionally,10,Medium,1,Dedicated,High,0.66,Easy,26,100,79,77.94,9.27,79.23,B,Pass,Medium
STU_000986,15,Male,High School,Public,High,High School,Suburban,67.83,2.64,92.77,66.27,Medium,0.69,0.36,0,1.02,Medium,Quiet,Practice Tests,Daily,6,Average,6.67,Good,5.9,0.34,Rarely,10,High,0,Shared,Low,3.55,Hard,2,85,26,86.64,10.0,28.03,F,Fail,Low
STU_000987,15,Male,High School,Private,Lower-Middle,Associate,Urban,62.06,2.47,84.82,94.74,Low,3.6,2.26,1,0.1,Low,Quiet,Practice Tests,Rarely,6,Average,8.53,Poor,2.21,0.61,Rarely,10,Medium,1,Dedicated,Moderate,2.83,Hard,23,89,61,79.66,10.0,66.03,C,Pass,Medium
STU_000988,19,Male,High School,Public,Upper-Middle,High School,Rural,90.19,3.45,75.42,76.38,Low,5.18,3.89,1,0.84,Low,Quiet,Flashcards,Daily,12,Poor,6.72,Good,2.25,2.51,Frequently,9,Medium,1,Dedicated,Moderate,2.66,Hard,13,95,85,71.36,7.93,90.71,A,Pass,High
STU_000989,20,Female,Undergraduate,Public,Lower-Middle,Associate,Rural,85.51,3.41,83.63,61.96,Medium,5.67,3.65,0,0.29,Medium,Quiet,Practice Tests,Daily,7,Average,5.73,Poor,2.53,1.43,Rarely,10,High,1,Dedicated,Low,5.17,Medium,8,89,69,78.95,9.03,76.3,B,Pass,Medium
STU_000990,16,Female,High School,Charter,Upper-Middle,,Rural,76.85,3.35,89.66,79.77,High,3.41,2.05,0,1.52,Medium,Quiet,Flashcards,Daily,2,Average,4.66,Excellent,5.13,1.11,Frequently,8,Low,0,Dedicated,Low,1.6,Easy,5,99,66,90.45,8.44,67.03,C,Pass,Medium
STU_000991,16,Female,Undergraduate,Public,Low,Bachelor,Urban,60.08,2.57,64.82,44.34,Medium,1.18,0.92,1,0.14,Medium,Quiet,Group Study,Rarely,10,Average,5.27,Fair,4.67,1.05,Rarely,10,Medium,1,Dedicated,High,1.47,Easy,22,87,36,58.14,8.46,42.66,F,Fail,Low
STU_000992,20,Female,High School,Public,Low,High School,Suburban,75.91,3.16,84.19,73.9,Medium,4.26,2.98,1,0.42,Medium,Noisy,Group Study,Weekly,10,Excellent,8.69,Good,5.36,0.21,Occasionally,10,Medium,1,Shared,Low,0.18,Medium,7,97,68,84.18,6.5,71.22,C,Pass,Medium
STU_000993,15,Male,High School,Private,Lower-Middle,High School,Urban,65.24,2.39,75.76,89.68,Medium,1.79,0.94,0,1.2,Low,Noisy,Practice Tests,Weekly,5,Excellent,7.0,Good,5.3,0.01,Frequently,8,High,0,Dedicated,Moderate,4.06,Medium,8,98,75,82.35,7.02,74.53,C,Pass,Medium
STU_000994,17,Female,High School,Private,Lower-Middle,Bachelor,Rural,72.59,2.97,77.24,55.93,Low,1.4,0.93,0,0.74,Medium,Moderate,Practice Tests,Rarely,5,Average,6.13,Excellent,4.66,0.22,Occasionally,8,Medium,1,Shared,High,1.62,Medium,13,88,61,100.0,10.0,68.1,C,Pass,Medium
STU_000995,14,Male,High School,Public,Lower-Middle,High School,Urban,56.3,2.16,84.64,59.94,Medium,3.09,1.91,0,0.95,Medium,Quiet,Group Study,Daily,3,Average,4.26,Good,2.16,0.51,Rarely,10,Medium,1,Dedicated,Moderate,4.59,Hard,18,89,35,93.67,10.0,40.47,F,Fail,Low
STU_000996,19,Male,High School,Private,Lower-Middle,Master,Rural,82.31,3.48,86.83,65.53,High,1.77,1.39,0,0.03,Medium,Moderate,Flashcards,Daily,5,Poor,8.26,Poor,5.15,0.28,Occasionally,10,Low,1,Dedicated,Moderate,1.96,Medium,18,95,46,71.37,8.62,48.14,F,Fail,Low
STU_000997,14,Male,High School,Public,Low,High School,Urban,98.12,3.79,83.9,62.67,Medium,2.46,1.79,1,2.02,Medium,Quiet,Group Study,Daily,9,Average,8.61,Fair,4.14,3.62,Occasionally,6,Medium,1,Dedicated,Moderate,0.24,Hard,23,94,78,,2.73,81.62,B,Pass,High
STU_000998,20,Female,High School,Private,Upper-Middle,High School,Urban,54.95,2.21,81.77,62.07,Medium,0.76,0.47,0,1.23,High,Quiet,Group Study,Daily,4,Average,5.61,Fair,2.1,1.03,Frequently,10,Medium,1,Dedicated,Moderate,2.59,Easy,30,93,58,85.8,10.0,62.41,D,Pass,Medium
STU_000999,17,Male,High School,Public,Middle,High School,Suburban,54.6,2.25,84.86,43.08,Low,1.77,0.95,0,0.67,Medium,Quiet,Flashcards,Weekly,3,Average,5.94,Good,4.69,4.18,Rarely,10,High,1,Dedicated,Low,3.92,Hard,25,91,45,89.29,10.0,48.62,F,Fail,Low
STU_001000,19,Female,Undergraduate,Private,Middle,,Urban,57.25,,74.16,72.94,High,2.28,1.76,1,4.19,Medium,Noisy,Self-Reading,Weekly,4,Average,9.45,Good,6.67,0.51,Occasionally,10,Medium,1,Dedicated,Moderate,4.3,Easy,14,100,72,62.82,10.0,68.71,C,Pass,Medium
STU_001001,20,Male,High School,Public,Low,Bachelor,Urban,73.43,3.03,80.53,70.11,Low,4.37,3.3,0,1.61,Low,Quiet,Summarizing,Rarely,7,Average,8.65,,4.74,0.21,Frequently,10,Low,1,Dedicated,Moderate,2.76,Medium,8,94,57,91.79,8.17,60.74,D,Pass,Medium
STU_001002,15,Female,High School,Private,Middle,High School,Suburban,46.11,2.06,100.0,83.2,High,0.5,0.31,1,1.62,Medium,Noisy,Summarizing,Weekly,2,Average,6.08,Fair,2.88,1.77,Occasionally,10,High,1,Dedicated,Moderate,9.39,Easy,27,98,35,100.0,10.0,35.97,F,Fail,Low
STU_001003,16,Male,High School,Public,Lower-Middle,Associate,Suburban,86.06,3.47,,83.28,Medium,4.81,4.11,0,2.49,Medium,Moderate,Flashcards,Weekly,1,Average,6.78,,9.39,4.32,Occasionally,10,High,1,None,Moderate,2.2,Hard,25,93,61,57.13,10.0,68.39,C,Pass,Medium
STU_001004,14,Female,High School,Private,Low,,Urban,70.23,2.66,74.84,53.26,High,1.29,0.88,1,1.07,Medium,Noisy,Summarizing,Daily,6,Average,6.92,Fair,5.09,1.95,Occasionally,8,Medium,1,Dedicated,High,0.1,Easy,20,85,44,98.52,9.22,51.26,D,Pass,Low
STU_001005,18,Male,High School,Public,High,Bachelor,Rural,78.62,3.23,90.79,72.11,Medium,1.43,1.12,1,0.36,Medium,Quiet,Self-Reading,Daily,3,Average,5.58,Fair,3.13,1.12,Occasionally,10,Medium,1,Shared,Low,5.19,Medium,1,94,43,67.26,8.48,45.69,F,Fail,Low
STU_001006,18,Male,High School,Private,High,Associate,Suburban,59.83,2.49,91.86,95.38,Medium,2.9,1.89,0,3.53,Medium,Quiet,Summarizing,Weekly,3,Poor,7.12,Fair,7.29,1.3,Occasionally,10,Low,0,Dedicated,Moderate,4.17,Easy,5,86,38,75.22,10.0,45.73,F,Fail,Low
STU_001007,17,Male,Undergraduate,Private,Middle,High School,Urban,77.93,3.17,83.96,67.2,High,1.41,0.75,1,2.32,Low,Quiet,Flashcards,Weekly,6,Excellent,6.37,Good,4.39,0.92,Occasionally,8,Low,0,Dedicated,Moderate,1.01,Medium,8,88,56,82.95,5.41,61.01,D,Pass,Medium
STU_001008,15,Male,High School,Public,Low,Bachelor,Suburban,80.02,3.22,76.49,71.6,Medium,2.58,1.42,0,5.15,High,Moderate,Summarizing,Weekly,7,Average,5.77,Fair,4.87,0.65,Frequently,10,Low,0,Shared,Low,0.25,Easy,27,85,55,75.67,10.0,63.5,D,Pass,Medium
STU_001009,14,Male,High School,Private,High,,Rural,64.41,,,57.54,Medium,2.15,1.55,0,3.67,High,Noisy,Self-Reading,Daily,4,Average,5.62,Poor,5.78,0.11,Occasionally,10,High,1,Dedicated,High,0.68,Medium,11,94,41,71.7,7.55,44.84,F,Fail,Low
STU_001010,15,Male,Undergraduate,Public,Lower-Middle,,Rural,70.29,,80.86,70.36,High,1.42,0.87,0,3.25,Medium,Quiet,Practice Tests,Weekly,7,Average,7.03,Fair,3.46,1.42,Rarely,10,Medium,1,Dedicated,Moderate,1.78,Medium,20,97,59,100.0,9.94,62.83,D,Pass,Medium
STU_001011,14,Male,High School,Public,Middle,High School,Suburban,72.17,3.06,88.06,65.71,Low,2.2,1.42,1,2.86,Medium,Quiet,Self-Reading,Rarely,4,Excellent,6.51,Poor,7.78,2.09,Frequently,8,Medium,0,Dedicated,High,11.99,Medium,5,95,57,47.21,9.25,61.04,D,Pass,Medium
STU_001012,17,Male,High School,Public,Low,Master,Urban,69.9,2.73,78.9,61.45,High,3.61,2.68,1,2.39,Medium,Quiet,Self-Reading,Weekly,2,Average,9.38,Poor,4.13,5.37,Rarely,9,Medium,1,Dedicated,Moderate,8.17,Medium,12,88,53,80.62,8.53,58.0,D,Pass,Low
STU_001013,17,Female,High School,Public,Upper-Middle,Bachelor,Urban,68.71,2.9,97.79,99.92,Medium,6.85,4.53,0,1.06,Low,Noisy,Summarizing,Rarely,10,Excellent,6.37,Excellent,6.01,1.2,Occasionally,10,Medium,1,Dedicated,Moderate,1.27,Hard,30,90,55,99.01,10.0,60.98,D,Pass,Medium
STU_001014,18,Female,Undergraduate,Public,Middle,,Rural,66.14,2.5,75.25,64.74,Low,3.67,1.95,1,0.51,Medium,Quiet,Flashcards,Weekly,2,Poor,5.37,Good,4.69,0.11,Occasionally,10,High,1,Dedicated,Moderate,3.44,Hard,5,95,28,88.35,7.68,29.71,F,Fail,Low
STU_001015,15,Male,High School,Public,Middle,Master,Suburban,58.29,2.49,87.34,67.19,Medium,2.87,1.71,0,2.0,Low,Quiet,Practice Tests,Weekly,5,,6.0,Fair,5.7,3.43,Rarely,9,Low,1,Shared,Low,7.63,Medium,22,85,39,,10.0,48.52,F,Fail,Low
STU_001016,19,Male,Undergraduate,Private,Middle,,Urban,79.41,3.01,96.31,81.96,Low,4.65,3.61,0,1.54,High,Quiet,Summarizing,Daily,3,,8.47,Fair,5.83,2.48,Frequently,10,Medium,1,Dedicated,Low,0.54,Easy,4,87,65,58.34,7.94,74.95,C,Pass,Medium
STU_001017,18,Female,High School,Public,Middle,Doctorate,Suburban,81.77,3.36,85.27,67.96,Low,1.92,1.21,0,2.49,Low,Quiet,Self-Reading,Rarely,5,Average,6.34,Poor,3.81,2.68,Occasionally,10,Medium,1,Dedicated,Moderate,9.76,Hard,29,85,45,94.97,9.8,54.35,D,Pass,Low
STU_001018,15,Male,High School,Private,Lower-Middle,Master,Urban,66.12,2.8,89.76,56.77,Medium,2.21,1.83,0,4.16,Medium,Noisy,Self-Reading,Weekly,4,Average,7.4,Good,6.48,0.01,Frequently,9,High,1,Dedicated,Low,0.05,Hard,8,100,33,81.52,7.56,33.14,F,Fail,Low
STU_001019,18,Male,High School,Public,Low,High School,Urban,44.84,1.85,81.87,57.6,Medium,1.77,1.41,1,8.02,Medium,Noisy,Summarizing,Daily,6,Poor,6.84,Poor,6.08,1.53,Rarely,10,High,1,Dedicated,High,1.7,Medium,11,89,36,79.61,8.88,37.2,F,Fail,Low
STU_001020,19,Female,Undergraduate,Public,Upper-Middle,,Suburban,72.63,3.02,91.45,71.09,Low,1.7,1.31,1,0.63,High,Quiet,Self-Reading,Weekly,6,Excellent,6.96,Fair,4.31,0.84,Frequently,10,Medium,1,Dedicated,Low,1.02,Medium,12,94,65,74.22,6.86,70.42,C,Pass,Medium
STU_001021,16,Male,Undergraduate,Private,Lower-Middle,High School,Rural,74.34,,73.44,59.74,Low,1.13,0.64,0,4.66,Medium,Noisy,Summarizing,Daily,2,Excellent,6.86,Fair,3.23,0.51,Occasionally,10,Medium,1,Dedicated,High,1.52,Hard,14,86,44,100.0,8.38,50.23,D,Pass,Low
STU_001022,16,Female,Undergraduate,Private,Low,Associate,Suburban,63.29,2.76,75.56,71.06,Medium,3.61,2.3,0,2.71,Medium,Quiet,Self-Reading,Daily,5,Excellent,8.08,Good,5.08,0.45,Occasionally,7,Medium,1,Shared,Low,2.47,Medium,9,90,59,95.21,6.26,63.2,D,Pass,Medium
STU_001023,16,Female,High School,Private,Low,Associate,Suburban,57.34,2.15,89.84,69.22,Low,3.09,2.02,0,2.22,Medium,Quiet,Practice Tests,Daily,9,,5.51,Good,7.36,1.93,Frequently,9,Low,1,Shared,Low,5.0,Easy,28,91,52,79.46,7.59,57.03,D,Pass,Low
STU_001024,16,Female,Undergraduate,Private,Middle,Bachelor,Urban,58.32,2.2,89.84,77.33,High,1.28,0.74,1,0.25,Medium,Quiet,Group Study,Rarely,6,Average,6.24,Good,7.55,0.24,Frequently,10,High,1,Shared,Low,0.57,Medium,27,96,53,67.86,8.95,55.29,D,Pass,Low
STU_001025,20,Female,High School,Public,Low,Bachelor,Urban,45.16,1.61,76.46,63.83,Medium,4.07,2.09,0,2.12,High,Moderate,Self-Reading,Weekly,3,Average,4.29,Fair,4.62,2.58,Occasionally,9,Low,1,Dedicated,Low,1.41,Medium,6,89,32,81.34,10.0,36.53,F,Fail,Low
STU_001026,14,Male,High School,Public,Middle,Associate,Suburban,89.52,3.73,,78.83,Low,7.56,5.72,1,3.14,Low,Quiet,Summarizing,Weekly,10,Poor,8.4,,3.28,0.21,Rarely,8,Medium,1,Dedicated,Moderate,0.16,Medium,4,85,84,69.83,7.21,100.0,A,Pass,High
STU_001027,20,Female,Undergraduate,Private,Upper-Middle,,Suburban,94.6,3.83,85.11,68.81,Medium,2.51,1.35,0,7.82,High,Moderate,Practice Tests,Daily,6,Poor,7.07,Fair,2.62,0.88,Frequently,10,Medium,1,Shared,Moderate,5.32,Easy,12,98,76,54.0,10.0,78.88,B,Pass,Medium
STU_001028,20,Female,Undergraduate,Public,Upper-Middle,Bachelor,Suburban,67.41,2.93,89.03,50.9,Low,2.59,1.73,0,1.05,Medium,Moderate,Summarizing,Daily,7,Excellent,6.88,Poor,2.99,0.44,Occasionally,7,Medium,1,Shared,Moderate,6.15,Hard,2,92,51,97.12,8.45,58.1,D,Pass,Low
STU_001029,20,Male,Undergraduate,Private,Middle,,Urban,84.91,3.62,80.65,60.96,Low,0.5,0.32,0,0.05,Medium,Noisy,Summarizing,Daily,3,Poor,8.58,Fair,8.3,5.23,Occasionally,10,Medium,1,Dedicated,Low,0.21,Hard,2,85,50,71.81,10.0,56.98,D,Pass,Low
STU_001030,16,Female,Undergraduate,Private,Middle,,Rural,67.71,2.48,87.49,67.84,High,4.79,3.98,0,0.18,Medium,Quiet,Self-Reading,Daily,5,Average,7.88,Fair,4.72,1.43,Frequently,10,Medium,1,Shared,Low,3.41,Easy,28,85,64,78.73,10.0,77.61,B,Pass,Medium
STU_001031,19,Female,High School,Private,Middle,Bachelor,Urban,88.03,3.37,,59.9,Medium,0.61,0.37,0,5.46,High,Quiet,Self-Reading,Rarely,4,,5.92,,4.7,1.6,Occasionally,8,High,1,Shared,Low,5.76,Medium,29,86,61,,9.19,71.15,C,Pass,Medium
STU_001032,17,Male,High School,Public,Lower-Middle,Bachelor,Urban,57.95,2.14,91.17,71.85,Medium,7.21,5.78,0,1.2,Medium,Quiet,Practice Tests,Rarely,8,Poor,8.38,Good,5.01,0.69,Rarely,10,Medium,0,Dedicated,Moderate,10.56,Medium,30,89,74,,10.0,82.6,B,Pass,High
STU_001033,17,Male,Undergraduate,Public,Middle,High School,Urban,87.84,,100.0,56.9,Medium,1.67,1.36,0,1.43,Medium,Moderate,Flashcards,Weekly,4,,7.3,Good,4.45,0.47,Occasionally,10,Medium,1,Shared,High,1.25,Medium,15,92,80,93.22,10.0,88.23,A,Pass,High
STU_001034,14,Female,High School,Public,Middle,Bachelor,Rural,65.48,2.76,,76.22,High,3.68,1.87,1,0.08,Low,Moderate,Flashcards,Weekly,10,Excellent,8.39,Fair,8.62,10.12,Occasionally,10,High,1,Shared,High,1.0,Medium,22,91,55,88.36,10.0,60.26,D,Pass,Medium
STU_001035,16,Male,High School,Private,Upper-Middle,High School,Rural,78.8,3.12,82.41,79.44,Medium,6.47,5.33,0,1.16,High,Quiet,Group Study,Weekly,6,Average,4.18,Fair,2.27,2.46,Rarely,10,Medium,1,Shared,Low,6.08,Easy,22,94,61,65.47,9.91,66.28,C,Pass,Medium
STU_001036,16,Female,High School,Private,High,High School,Urban,81.7,,86.61,70.85,Medium,2.75,1.49,1,0.55,Medium,Quiet,Practice Tests,Weekly,6,Average,7.73,Fair,8.3,0.63,Rarely,10,High,1,Dedicated,Low,0.32,Medium,13,87,58,61.98,10.0,66.21,C,Pass,Medium
STU_001037,16,Female,Undergraduate,Private,Middle,Bachelor,Urban,67.3,2.81,79.0,67.65,Medium,4.08,3.58,0,0.18,Low,Quiet,Group Study,Weekly,5,Average,8.94,Good,5.28,3.3,Occasionally,10,Medium,1,Dedicated,Low,0.71,Medium,14,97,42,58.42,8.43,45.04,F,Fail,Low
STU_001038,18,Male,High School,Public,High,Associate,Urban,75.62,2.96,88.71,57.4,Low,4.08,2.85,0,0.06,High,Moderate,Self-Reading,Weekly,5,Average,7.01,Fair,3.62,4.24,Occasionally,8,Medium,1,Dedicated,Moderate,15.45,Medium,3,100,64,100.0,8.44,65.55,C,Pass,Medium
STU_001039,15,Female,Undergraduate,Public,Middle,High School,Rural,55.08,2.2,79.48,75.88,Medium,3.32,2.33,0,1.25,Medium,Noisy,Flashcards,Weekly,5,Average,8.45,,7.91,3.25,Occasionally,9,Medium,1,Dedicated,Low,5.81,Medium,15,97,48,84.89,9.34,51.43,D,Pass,Low
STU_001040,18,Female,High School,Public,High,,Suburban,95.48,3.83,85.24,73.66,Medium,2.05,1.31,1,0.13,Medium,Quiet,Group Study,Rarely,8,Average,4.98,Fair,4.98,0.15,Occasionally,10,Low,1,Dedicated,Moderate,0.99,Medium,2,95,56,36.47,10.0,60.36,D,Pass,Medium
STU_001041,15,Male,Undergraduate,Public,High,Master,Urban,85.06,3.31,73.69,65.37,Medium,2.85,1.78,0,1.0,Low,Moderate,Group Study,Rarely,5,Average,5.43,Fair,4.93,4.7,Occasionally,10,High,1,Dedicated,High,5.14,Medium,29,93,57,98.33,10.0,63.0,D,Pass,Medium
STU_001042,16,Female,High School,Public,Middle,Doctorate,Urban,91.67,3.84,88.32,77.19,Medium,3.43,1.77,0,4.03,Low,Noisy,Group Study,Weekly,4,Average,6.08,Poor,1.69,1.0,Frequently,8,Medium,1,Dedicated,Moderate,0.26,Hard,24,87,57,88.33,8.25,67.29,C,Pass,Medium
STU_001043,16,Male,High School,Public,Middle,Associate,Rural,68.65,2.56,100.0,89.69,Low,2.39,1.92,0,12.16,Medium,Moderate,Practice Tests,Weekly,0,Average,6.0,Good,5.13,9.79,Occasionally,10,Low,1,Dedicated,Moderate,2.15,Easy,28,99,65,59.56,10.0,66.25,C,Pass,Medium
STU_001044,18,Female,Undergraduate,Public,Lower-Middle,Bachelor,Urban,76.92,3.1,78.54,55.99,High,1.55,1.1,0,0.29,Medium,Moderate,Self-Reading,Daily,7,Average,7.43,Poor,6.87,1.71,Occasionally,8,Medium,1,Dedicated,Moderate,3.25,Hard,27,90,70,89.65,8.23,75.56,B,Pass,Medium
STU_001045,18,Female,Undergraduate,Private,High,Associate,Rural,74.67,2.79,78.83,86.99,Low,6.92,4.42,0,2.37,Medium,Moderate,Flashcards,Daily,7,,6.71,,1.75,2.5,Occasionally,10,Medium,1,Dedicated,High,0.07,Hard,25,99,64,72.47,10.0,64.76,D,Pass,Medium
STU_001046,15,Male,Undergraduate,Public,Lower-Middle,High School,Suburban,60.99,2.3,,61.56,Medium,1.4,0.72,0,0.14,High,Quiet,Flashcards,Weekly,5,Average,5.73,Fair,6.41,1.49,Occasionally,10,Medium,1,Shared,High,0.87,Medium,4,97,43,86.55,8.24,47.51,F,Fail,Low
STU_001047,17,Female,Undergraduate,Public,Middle,High School,Rural,90.42,3.7,86.74,68.79,Medium,1.71,1.16,1,0.75,Medium,Moderate,Summarizing,Weekly,3,Average,5.52,Fair,4.36,0.45,Occasionally,10,High,1,Dedicated,High,0.21,Medium,28,91,81,,10.0,90.63,A,Pass,High
STU_001048,15,Male,Undergraduate,Private,Middle,Bachelor,Rural,64.98,2.36,78.48,73.51,Medium,0.89,0.67,0,1.07,Medium,Moderate,Flashcards,Daily,7,Excellent,9.14,Good,5.22,5.44,Occasionally,10,Medium,1,Shared,Low,9.51,Hard,10,85,43,81.13,8.63,52.89,D,Pass,Low
STU_001049,18,Female,High School,Private,Upper-Middle,Bachelor,Urban,77.87,3.03,100.0,81.43,Low,2.79,1.5,0,2.63,Medium,Quiet,Practice Tests,Daily,5,Average,6.39,Fair,4.02,2.57,Rarely,10,Medium,1,None,Moderate,10.66,Medium,19,96,68,95.56,7.64,68.19,C,Pass,Medium
STU_001050,19,Female,High School,Public,Middle,High School,Rural,80.77,3.52,99.48,73.01,Low,2.0,1.67,1,1.89,High,Noisy,Summarizing,Daily,3,Poor,5.71,Excellent,4.4,4.37,Occasionally,10,Low,1,Dedicated,Moderate,0.1,Medium,8,89,50,49.62,10.0,53.99,D,Pass,Low
STU_001051,18,Female,High School,Private,Middle,Bachelor,Rural,77.03,3.22,77.2,57.08,Medium,2.76,1.87,0,0.28,Medium,Moderate,Flashcards,Daily,4,,7.64,Poor,5.95,3.09,Occasionally,10,Medium,1,Dedicated,Low,2.14,Hard,7,91,70,100.0,8.08,75.4,B,Pass,Medium
STU_001052,19,Female,Undergraduate,Public,High,High School,Rural,86.98,3.3,,68.54,Medium,5.87,3.93,0,0.9,Low,Moderate,Flashcards,Daily,6,Excellent,6.24,Good,4.91,0.69,Frequently,10,High,1,Dedicated,Low,0.69,Medium,4,91,59,54.75,10.0,65.95,C,Pass,Medium
STU_001053,14,Male,High School,Public,Lower-Middle,Associate,Urban,88.01,3.35,85.98,73.72,Low,1.67,0.97,0,4.04,Medium,Moderate,Group Study,Rarely,3,Average,8.72,Good,5.09,12.0,Rarely,7,High,1,Shared,Moderate,0.15,Hard,26,96,54,99.4,8.01,54.87,D,Pass,Low
STU_001054,18,Male,High School,Public,Low,Bachelor,Rural,62.02,,70.22,59.39,Medium,2.78,1.65,0,0.2,High,Quiet,Summarizing,Weekly,6,Average,8.48,Good,2.5,1.42,Occasionally,6,High,1,Dedicated,Low,0.37,Medium,29,85,56,67.54,6.76,66.43,C,Pass,Medium
STU_001055,14,Male,Undergraduate,Public,Middle,Associate,Suburban,74.95,2.95,89.77,72.22,High,2.9,1.89,0,0.63,Medium,Moderate,Flashcards,Rarely,6,Excellent,7.3,Good,4.76,0.35,Occasionally,7,Low,1,Shared,Low,0.83,Medium,1,86,51,74.45,7.04,60.71,D,Pass,Medium
STU_001056,17,Male,High School,Public,High,Master,Suburban,91.52,3.67,89.63,92.64,Medium,3.43,1.8,0,7.87,Medium,Quiet,Practice Tests,Rarely,7,,9.31,Fair,6.46,4.44,Frequently,10,High,1,None,Moderate,4.64,Easy,19,95,94,95.52,9.0,100.0,A,Pass,High
STU_001057,15,Female,High School,Private,Low,Bachelor,Urban,62.66,2.61,79.35,55.42,Low,1.41,0.72,1,0.11,Medium,Moderate,Group Study,Weekly,5,Excellent,6.02,Excellent,5.24,3.13,Occasionally,10,Medium,1,Dedicated,Low,0.55,Easy,19,86,47,74.89,10.0,51.98,D,Pass,Low
STU_001058,19,Female,Undergraduate,Private,Middle,Doctorate,Suburban,69.86,2.97,100.0,89.8,Low,6.41,3.69,1,1.71,High,Quiet,Flashcards,Rarely,5,Poor,7.95,Good,3.61,0.95,Frequently,10,Medium,1,Dedicated,Moderate,2.21,Hard,3,93,62,69.22,9.69,68.22,C,Pass,Medium
STU_001059,15,Female,Undergraduate,Charter,Middle,High School,Urban,63.18,2.42,,78.62,Medium,2.82,1.84,0,0.57,Low,Quiet,Practice Tests,Rarely,9,Average,5.41,Excellent,6.26,8.47,Occasionally,10,Low,1,Dedicated,Moderate,4.3,Medium,17,86,45,37.14,9.55,49.69,F,Fail,Low
STU_001060,14,Female,High School,Private,Middle,High School,Rural,60.02,2.43,86.01,83.56,Medium,4.78,3.27,0,5.15,Medium,Quiet,Summarizing,Rarely,6,Excellent,7.6,Poor,5.96,5.12,Occasionally,10,Medium,1,None,Moderate,0.65,Medium,25,97,55,96.52,8.4,54.14,D,Pass,Low
STU_001061,19,Male,Undergraduate,Private,Upper-Middle,Associate,Urban,92.96,3.73,73.95,52.51,Low,1.26,0.72,1,3.98,Medium,Quiet,Practice Tests,Rarely,4,Average,7.39,Good,5.77,0.24,Frequently,10,Medium,1,Shared,Low,9.97,Easy,18,86,60,89.65,10.0,71.23,C,Pass,Medium
STU_001062,15,Female,Undergraduate,Charter,High,Associate,Urban,56.39,2.09,87.41,61.22,Medium,2.87,2.17,0,2.17,High,Quiet,Practice Tests,Daily,7,Poor,9.22,Fair,5.65,3.72,Occasionally,10,Medium,1,Shared,Low,4.55,Easy,16,88,67,88.49,8.77,76.68,B,Pass,Medium
STU_001063,18,Female,Undergraduate,Charter,Low,,Urban,89.97,3.39,68.17,38.96,Low,1.76,1.07,0,0.2,High,Quiet,Flashcards,Weekly,6,Average,8.42,Fair,3.91,0.0,Occasionally,10,High,1,Shared,Moderate,3.38,Medium,12,88,74,83.76,10.0,83.69,B,Pass,High
STU_001064,16,Female,Undergraduate,Private,Lower-Middle,Doctorate,Rural,75.49,3.0,85.12,77.09,Medium,1.58,1.29,0,2.12,Medium,Noisy,Summarizing,Weekly,4,,6.75,Good,3.72,1.83,Frequently,10,High,1,Dedicated,Moderate,3.42,Medium,8,86,43,100.0,10.0,49.38,F,Fail,Low
STU_001065,14,Other,High School,Private,Middle,Associate,Suburban,81.96,3.3,80.17,67.73,Low,3.88,2.75,1,0.07,Medium,Quiet,Group Study,Daily,5,Average,6.71,Fair,5.55,5.5,Frequently,10,Medium,1,Dedicated,High,2.07,Hard,25,88,52,77.94,8.04,59.89,D,Pass,Low
STU_001066,15,Female,Undergraduate,Private,Middle,Bachelor,Suburban,62.27,2.34,90.04,91.2,Low,1.57,1.23,1,2.98,High,Moderate,Group Study,Weekly,2,Excellent,6.16,Good,1.51,2.64,Rarely,8,Medium,1,Dedicated,High,7.84,Medium,18,88,58,,7.65,67.79,C,Pass,Medium
STU_001067,14,Female,Undergraduate,Charter,Middle,Bachelor,Rural,60.43,2.49,80.42,70.76,Low,3.37,2.31,0,0.98,Medium,Noisy,Practice Tests,Daily,4,Average,6.64,Excellent,4.38,3.13,Occasionally,8,Low,1,Shared,High,2.16,Medium,1,94,27,,8.72,28.34,F,Fail,Low
STU_001068,20,Female,High School,Charter,Upper-Middle,,Urban,85.86,3.54,85.41,78.1,Low,0.68,0.39,0,0.51,Low,Quiet,Practice Tests,Weekly,2,Average,9.24,Fair,7.6,1.73,Occasionally,10,Medium,1,Shared,Moderate,6.39,Medium,15,93,62,79.63,9.05,65.31,C,Pass,Medium
STU_001069,14,Female,High School,Public,Lower-Middle,High School,Urban,54.96,2.09,81.53,73.57,High,2.67,2.24,0,2.17,Medium,Moderate,Group Study,Weekly,6,Average,3.74,Good,6.0,3.12,Frequently,10,High,1,Dedicated,Low,2.22,Medium,24,93,48,63.99,7.76,52.55,D,Pass,Low
STU_001070,19,Female,High School,Public,Middle,High School,Urban,67.51,2.66,75.38,59.42,Low,5.0,2.88,0,3.59,Medium,Quiet,Group Study,Rarely,7,Poor,6.2,Fair,6.9,4.39,Frequently,10,Medium,1,Dedicated,Moderate,0.21,Medium,30,99,56,62.96,10.0,56.1,D,Pass,Low
STU_001071,20,Female,Undergraduate,Public,High,Master,Urban,75.75,2.88,76.36,73.47,Medium,4.32,2.57,0,1.14,Medium,Quiet,Practice Tests,Weekly,4,Average,8.08,Fair,4.35,0.7,Rarely,10,Medium,1,Dedicated,High,1.85,Medium,3,97,59,77.82,10.0,61.52,D,Pass,Medium
STU_001072,19,Male,Undergraduate,Private,Low,High School,Rural,68.62,2.71,,72.43,High,7.97,5.42,0,2.21,Low,Quiet,Flashcards,Rarely,6,Average,7.0,Fair,6.16,0.82,Rarely,10,Low,1,Dedicated,Low,0.26,Hard,1,97,53,100.0,10.0,55.87,D,Pass,Low
STU_001073,16,Male,High School,Public,High,Bachelor,Urban,82.12,3.21,77.01,62.22,High,1.62,0.86,1,0.29,Medium,Quiet,Flashcards,Rarely,8,Average,5.29,Good,6.01,3.23,Occasionally,10,Medium,1,Dedicated,Low,4.37,Easy,25,98,73,43.68,10.0,75.56,B,Pass,Medium
STU_001074,20,Female,Undergraduate,Public,High,High School,Urban,82.97,3.3,94.3,82.06,Low,0.95,0.56,1,0.27,Medium,Noisy,Flashcards,Daily,2,Excellent,5.01,Good,4.79,0.7,Frequently,10,Medium,1,Dedicated,Low,6.41,Easy,15,85,65,66.64,10.0,73.11,C,Pass,Medium
STU_001075,18,Female,High School,Private,Middle,Doctorate,Urban,71.01,2.62,83.22,66.96,Low,3.54,2.71,0,1.06,High,Moderate,Group Study,Weekly,8,Excellent,6.61,Poor,5.26,1.14,Occasionally,10,Medium,1,Dedicated,Low,0.71,Easy,5,88,64,94.01,10.0,73.74,C,Pass,Medium
STU_001076,14,Male,High School,Public,Lower-Middle,Associate,Urban,66.57,2.78,65.5,63.53,Medium,2.43,1.44,0,0.62,Medium,Moderate,Group Study,Daily,2,Excellent,7.27,Poor,6.04,2.72,Rarely,10,Medium,1,Dedicated,Low,2.72,Easy,6,99,62,66.03,10.0,63.52,D,Pass,Medium
STU_001077,15,Female,High School,Public,Lower-Middle,Master,Urban,69.79,2.5,91.34,65.86,High,1.77,1.5,1,2.28,Low,Quiet,Summarizing,Weekly,4,Excellent,7.12,Fair,4.33,4.57,Frequently,10,Low,1,Shared,Low,3.42,Hard,27,89,49,78.68,9.06,55.16,D,Pass,Low
STU_001078,17,Male,Undergraduate,Public,Middle,Associate,Rural,70.91,2.66,94.27,63.5,Medium,1.17,0.94,0,0.12,Medium,Moderate,Summarizing,Weekly,7,Excellent,6.92,Fair,4.94,2.58,Frequently,10,Medium,1,Shared,Low,2.69,Medium,17,95,62,71.23,10.0,65.01,C,Pass,Medium
STU_001079,14,Male,Undergraduate,Public,Lower-Middle,Associate,Urban,63.81,2.61,84.76,48.71,Medium,0.76,0.5,1,0.28,Medium,Noisy,Group Study,Daily,6,Average,6.96,,4.72,2.31,Frequently,9,Low,1,Dedicated,Moderate,0.45,Easy,30,98,61,49.0,6.94,63.25,D,Pass,Medium
STU_001080,14,Female,Undergraduate,Public,Low,Bachelor,Suburban,58.38,,77.05,76.11,High,3.55,2.34,1,0.53,High,Quiet,Flashcards,Weekly,4,Poor,7.98,Good,6.3,6.14,Frequently,7,High,1,Dedicated,Low,0.39,Easy,27,93,71,85.94,9.69,73.22,C,Pass,Medium
STU_001081,16,Female,High School,Private,Middle,Master,Urban,76.77,2.96,79.93,84.69,Medium,2.27,1.27,0,1.06,Medium,Moderate,Summarizing,Rarely,7,Average,6.7,Good,4.42,6.07,Frequently,10,Low,1,Dedicated,Low,4.58,Easy,22,100,83,,9.51,82.63,B,Pass,High
STU_001082,18,Female,High School,Charter,Lower-Middle,High School,Suburban,72.26,2.87,79.14,55.19,Medium,2.76,1.41,1,3.14,Medium,Quiet,Self-Reading,Weekly,6,Poor,7.79,Fair,2.54,0.57,Frequently,10,Medium,1,Dedicated,Low,1.78,Hard,9,87,38,64.76,9.35,41.59,F,Fail,Low
STU_001083,17,Female,High School,Private,Middle,Master,Rural,72.51,2.93,86.74,92.88,Medium,1.84,1.32,1,1.21,High,Quiet,Self-Reading,Weekly,4,Average,3.78,Poor,5.3,11.9,Frequently,10,High,1,Dedicated,Moderate,1.28,Hard,10,89,35,72.47,10.0,39.04,F,Fail,Low
STU_001084,20,Female,Undergraduate,Private,Upper-Middle,High School,Urban,64.21,2.52,75.5,68.29,Medium,3.13,1.7,0,1.53,High,Moderate,Flashcards,Weekly,9,Poor,5.97,Fair,8.26,4.11,Rarely,10,Medium,1,Shared,Low,0.45,Easy,12,93,71,100.0,9.21,76.57,B,Pass,Medium
STU_001085,20,Male,Undergraduate,Public,Middle,Bachelor,Urban,56.69,2.28,,60.64,Low,3.13,2.78,0,0.33,Medium,Moderate,Group Study,Weekly,4,Excellent,7.88,Excellent,3.45,2.64,Frequently,10,Medium,1,Dedicated,High,0.62,Medium,27,90,45,66.9,7.69,48.59,F,Fail,Low
STU_001086,20,Male,High School,Charter,Low,Bachelor,Suburban,69.09,2.74,79.81,68.09,High,3.22,2.73,0,4.81,High,Quiet,Group Study,Weekly,5,Poor,6.57,Good,6.84,1.77,Frequently,10,High,1,Dedicated,Moderate,0.28,Hard,4,85,42,91.91,9.41,49.51,F,Fail,Low
STU_001087,19,Female,Undergraduate,Public,Low,Associate,Suburban,57.77,,97.27,77.91,High,1.08,0.66,0,0.99,High,Quiet,Practice Tests,Weekly,2,,6.95,,5.39,1.9,Frequently,10,High,1,Dedicated,Moderate,0.46,Medium,2,97,51,87.63,8.6,53.27,D,Pass,Low
STU_001088,19,Female,Undergraduate,Public,Lower-Middle,High School,Rural,75.76,3.19,92.97,73.74,Medium,1.03,0.66,0,0.79,Medium,Moderate,Group Study,Weekly,5,Average,6.77,Poor,5.48,1.73,Occasionally,9,High,1,Dedicated,Low,3.34,Hard,7,92,44,92.0,10.0,47.56,F,Fail,Low
STU_001089,15,Female,Undergraduate,Public,Upper-Middle,Associate,Suburban,81.77,3.29,96.31,73.0,Low,2.17,1.89,0,0.27,Medium,Quiet,Summarizing,Rarely,6,Average,7.24,,5.17,0.02,Occasionally,10,Low,1,Shared,Moderate,2.06,Medium,5,100,72,63.92,10.0,70.82,C,Pass,Medium
STU_001090,17,Male,High School,Public,Middle,High School,Urban,89.29,3.6,80.95,60.77,High,1.48,1.0,0,0.19,Medium,Noisy,Group Study,Weekly,4,Average,3.98,,8.35,2.53,Occasionally,10,Medium,1,Dedicated,Moderate,5.08,Hard,14,87,46,77.43,9.36,50.39,D,Pass,Low
STU_001091,20,Female,High School,Public,High,High School,Suburban,72.19,3.08,100.0,69.18,Medium,1.03,0.53,0,4.26,Low,Moderate,Group Study,Weekly,1,Poor,8.59,Good,2.52,0.68,Rarely,7,Low,1,Shared,High,3.02,Medium,25,93,77,73.26,6.94,81.69,B,Pass,High
STU_001092,19,Male,High School,Public,Lower-Middle,Bachelor,Urban,71.7,2.94,82.21,51.9,High,2.33,1.33,0,4.33,High,Quiet,Summarizing,Rarely,3,Average,7.61,Excellent,4.83,1.74,Frequently,9,Medium,1,Shared,Low,2.71,Medium,18,99,56,70.79,5.73,53.95,D,Pass,Low
STU_001093,15,Male,Undergraduate,Public,Lower-Middle,Bachelor,Suburban,55.95,2.46,82.91,65.25,High,1.96,1.42,1,0.59,Medium,Quiet,Flashcards,Weekly,1,Excellent,5.78,Good,4.34,0.71,Rarely,10,Medium,1,Shared,High,0.64,Medium,11,100,43,87.41,9.3,40.84,F,Fail,Low
STU_001094,18,Other,High School,Private,High,High School,Urban,90.53,3.6,98.04,83.11,Medium,4.83,4.12,0,1.13,Medium,Quiet,Self-Reading,Daily,8,Average,7.03,Fair,4.07,1.62,Frequently,9,Low,1,Shared,Low,0.76,Medium,27,90,88,80.0,9.95,99.46,A,Pass,High
STU_001095,15,Female,High School,Private,Middle,Associate,Urban,72.22,2.95,76.83,78.54,Medium,3.49,2.27,1,1.66,High,Quiet,Group Study,Daily,9,,6.99,Excellent,5.65,4.7,Frequently,10,High,1,Dedicated,Low,0.36,Medium,7,88,50,57.05,10.0,58.71,D,Pass,Low
STU_001096,19,Male,High School,Public,Middle,High School,Suburban,57.5,2.44,75.9,73.48,High,5.56,4.96,0,1.77,Medium,Quiet,Flashcards,Weekly,5,Average,6.33,Good,3.11,4.63,Frequently,10,High,1,Dedicated,Moderate,2.56,Easy,30,87,64,78.33,7.58,73.28,C,Pass,Medium
STU_001097,16,Male,Undergraduate,Private,Lower-Middle,Associate,Suburban,61.86,2.44,83.8,72.16,Low,3.42,2.37,0,4.81,Low,Quiet,Summarizing,Rarely,2,Average,6.08,Good,4.51,7.1,Rarely,10,High,1,Shared,High,1.96,Medium,19,95,54,67.84,8.91,53.39,D,Pass,Low
STU_001098,16,Female,High School,Public,Lower-Middle,High School,Rural,69.12,2.8,83.67,70.43,Medium,0.91,0.67,0,0.96,High,Noisy,Flashcards,Weekly,5,,7.09,Poor,6.93,0.02,Occasionally,9,Medium,1,Shared,Low,10.43,Medium,6,99,65,100.0,8.07,66.08,C,Pass,Medium
STU_001099,20,Male,Undergraduate,Private,Middle,Associate,Urban,75.64,3.12,80.31,66.49,High,1.35,1.2,1,1.99,High,Noisy,Self-Reading,Weekly,4,Excellent,6.12,,6.88,1.17,Rarely,10,Low,1,Dedicated,Low,4.15,Easy,28,87,61,55.61,10.0,67.55,C,Pass,Medium
STU_001100,16,Female,Undergraduate,Private,Middle,Associate,Suburban,74.35,3.18,77.07,48.93,Low,2.06,1.21,1,0.53,High,Moderate,Summarizing,Weekly,4,Excellent,7.91,Good,4.72,2.98,Occasionally,10,Medium,1,Dedicated,Moderate,8.31,Medium,3,93,38,,9.45,41.94,F,Fail,Low
STU_001101,20,Male,Undergraduate,Public,Middle,,Urban,76.42,2.98,90.32,80.04,Medium,1.87,1.25,0,4.19,Medium,Noisy,Practice Tests,Daily,1,Poor,7.98,Fair,7.17,1.72,Occasionally,10,Medium,1,Dedicated,High,2.08,Easy,9,92,86,86.32,10.0,91.77,A,Pass,High
STU_001102,20,Female,High School,Public,Middle,Master,Rural,58.42,2.46,79.41,66.81,Low,3.84,2.94,0,1.43,Medium,Quiet,Summarizing,Weekly,4,Average,5.88,Poor,3.46,0.32,Occasionally,10,Medium,1,Dedicated,Moderate,1.88,Hard,29,85,55,85.51,10.0,66.36,C,Pass,Medium
STU_001103,19,Female,High School,Public,Lower-Middle,,Urban,58.89,2.67,91.5,69.6,High,2.46,1.92,0,0.43,Medium,Quiet,Practice Tests,Rarely,4,Average,8.83,Excellent,2.55,2.22,Frequently,10,Medium,1,Dedicated,Moderate,2.36,Hard,24,91,43,71.73,10.0,48.16,F,Fail,Low
STU_001104,16,Female,Undergraduate,Public,Middle,High School,Urban,75.96,2.91,89.75,87.88,Low,6.23,4.24,0,1.1,Medium,Quiet,Flashcards,Daily,3,Poor,9.76,Fair,1.0,0.39,Occasionally,10,High,1,Dedicated,Low,2.21,Easy,17,96,87,64.87,10.0,91.75,A,Pass,High
STU_001105,20,Female,Undergraduate,Public,Lower-Middle,Bachelor,Rural,78.54,2.99,72.78,50.51,Low,1.66,0.91,1,3.45,Medium,Quiet,Practice Tests,Weekly,5,Excellent,7.31,Excellent,6.28,1.98,Occasionally,8,High,1,Dedicated,Moderate,6.93,Medium,24,90,47,90.44,7.94,54.25,D,Pass,Low
STU_001106,17,Male,Undergraduate,Public,Middle,,Urban,49.21,2.06,86.16,77.2,Medium,2.53,1.78,1,0.26,Medium,Noisy,Summarizing,Weekly,1,Poor,8.44,Poor,3.85,3.3,Occasionally,10,High,1,Dedicated,Low,0.39,Easy,15,91,41,62.17,10.0,43.19,F,Fail,Low
STU_001107,18,Male,High School,Public,Low,Master,Urban,68.39,2.66,86.62,68.93,High,1.15,0.61,0,1.08,Low,Quiet,Practice Tests,Daily,11,Average,7.15,Good,4.3,1.73,Occasionally,10,Medium,1,Shared,Low,1.12,Hard,8,89,49,93.96,9.7,55.09,D,Pass,Low
STU_001108,15,Male,High School,Public,Low,Master,Urban,69.34,3.0,53.5,58.79,Low,5.38,4.63,0,4.88,Medium,Quiet,Group Study,Weekly,9,Average,8.97,Fair,6.14,3.67,Frequently,9,Medium,0,Dedicated,Low,2.37,Easy,15,86,74,80.12,9.22,89.46,A,Pass,High
STU_001109,15,Female,High School,Public,Low,Associate,Urban,86.71,3.48,90.65,76.24,Low,3.18,1.71,0,6.49,Low,Noisy,Flashcards,Weekly,5,Poor,4.73,Fair,5.73,1.27,Occasionally,10,Medium,0,Dedicated,Low,13.93,Hard,28,96,67,,7.0,70.16,C,Pass,Medium
STU_001110,19,Female,Undergraduate,Private,Low,Bachelor,Rural,69.52,2.87,82.69,76.83,Medium,2.29,1.25,0,0.39,High,Moderate,Group Study,Weekly,8,Poor,8.46,Fair,4.67,0.6,Occasionally,10,Medium,1,Dedicated,Moderate,1.04,Hard,14,94,54,76.21,10.0,58.74,D,Pass,Low
STU_001111,16,Female,Undergraduate,Private,Upper-Middle,High School,Suburban,73.55,2.86,84.52,80.39,Medium,0.93,0.54,1,1.21,Medium,Quiet,Practice Tests,Weekly,5,Average,6.58,Good,1.0,5.02,Occasionally,10,High,1,Dedicated,Moderate,1.59,Medium,8,90,31,60.53,9.92,34.69,F,Fail,Low
STU_001112,16,Male,High School,Public,Lower-Middle,Doctorate,Urban,53.7,2.1,80.62,66.68,Low,2.14,1.61,0,3.42,High,Quiet,Self-Reading,Daily,6,Average,4.36,Good,5.64,0.73,Rarely,10,Medium,1,Dedicated,Moderate,1.21,Easy,13,97,46,,8.38,47.63,F,Fail,Low
STU_001113,20,Female,High School,Charter,Middle,Master,Suburban,69.88,2.86,99.73,100.0,High,5.26,3.84,0,2.29,High,Moderate,Group Study,Daily,3,Average,6.58,,4.78,1.51,Frequently,10,Medium,0,Shared,Moderate,0.21,Medium,26,94,72,89.99,7.54,77.89,B,Pass,Medium
STU_001114,14,Female,High School,Public,Upper-Middle,High School,Urban,60.01,2.4,90.7,87.65,High,5.09,3.27,0,2.82,Medium,Moderate,Summarizing,Daily,3,Average,10.43,Poor,7.65,6.16,Frequently,10,Medium,1,Dedicated,Moderate,2.85,Medium,8,91,68,84.41,7.62,72.56,C,Pass,Medium
STU_001115,20,Female,Undergraduate,Public,Low,Bachelor,Suburban,80.66,2.98,76.57,67.31,High,1.59,1.42,0,7.38,Medium,Quiet,Summarizing,Weekly,8,Average,5.82,Fair,5.98,5.7,Rarely,8,Low,1,Dedicated,Low,1.34,Hard,11,100,63,86.19,9.18,63.32,D,Pass,Medium
STU_001116,18,Female,Undergraduate,Public,Lower-Middle,High School,Rural,66.26,2.55,86.49,65.11,High,4.24,2.33,1,0.06,Medium,Moderate,Summarizing,Daily,7,,7.4,Good,4.3,4.46,Occasionally,10,Medium,1,Dedicated,Moderate,1.3,Medium,22,98,61,64.86,9.74,62.75,D,Pass,Medium
STU_001117,17,Male,Undergraduate,Private,Middle,High School,Rural,64.76,2.38,72.38,69.93,High,5.8,3.6,0,5.94,Medium,Moderate,Self-Reading,Rarely,7,Average,8.33,Good,4.93,3.96,Frequently,10,Medium,1,Dedicated,High,6.92,Hard,19,96,58,78.72,9.18,58.7,D,Pass,Low
STU_001118,15,Male,Undergraduate,Charter,Middle,Bachelor,Suburban,72.82,2.92,88.46,85.48,Medium,2.03,1.64,0,4.55,High,Moderate,Group Study,Weekly,4,Excellent,7.41,Poor,3.95,1.11,Frequently,9,Medium,1,Dedicated,Moderate,1.35,Easy,16,98,71,79.78,10.0,75.46,B,Pass,Medium
STU_001119,20,Female,High School,Public,Middle,Doctorate,Rural,67.18,2.94,100.0,84.93,Medium,4.53,2.83,0,3.83,Low,Noisy,Summarizing,Rarely,3,Poor,7.77,Fair,4.57,0.01,Occasionally,10,Medium,1,Shared,Low,2.54,Medium,6,87,57,76.92,9.52,65.8,C,Pass,Medium
STU_001120,14,Female,Undergraduate,Public,High,High School,Rural,73.38,3.01,,57.76,Low,4.64,3.2,0,2.95,Low,Quiet,Group Study,Weekly,5,Average,6.62,Good,3.42,0.76,Occasionally,9,Medium,1,Dedicated,Moderate,0.89,Hard,29,87,68,82.91,10.0,76.11,B,Pass,Medium
STU_001121,14,Male,High School,Public,Low,High School,Urban,73.39,3.01,,78.85,Medium,2.17,1.79,0,0.3,Medium,Noisy,Summarizing,Weekly,4,Average,8.46,Fair,6.42,2.53,Occasionally,8,High,0,Dedicated,Moderate,2.45,Medium,24,98,77,71.46,9.97,77.99,B,Pass,Medium
STU_001122,20,Male,Undergraduate,Private,Middle,High School,Rural,86.28,3.37,73.94,45.82,Low,1.13,0.92,0,0.71,Medium,Noisy,Flashcards,Weekly,7,Average,5.56,Fair,4.57,1.66,Occasionally,10,Medium,1,Dedicated,Low,6.5,Hard,21,94,55,100.0,9.67,59.77,D,Pass,Low
STU_001123,19,Female,Undergraduate,Public,Upper-Middle,Doctorate,Urban,75.01,2.96,89.62,98.34,Low,6.93,5.88,1,0.92,High,Quiet,Practice Tests,Daily,8,Average,7.9,Excellent,3.09,0.34,Occasionally,10,High,1,Dedicated,High,2.45,Medium,15,96,76,,8.85,78.61,B,Pass,Medium
STU_001124,15,Female,Undergraduate,Public,Lower-Middle,Bachelor,Suburban,74.43,3.03,90.1,74.06,Medium,2.14,1.34,0,1.18,Medium,Quiet,Practice Tests,Rarely,12,Excellent,8.38,,7.87,0.67,Occasionally,10,Medium,1,Dedicated,High,0.32,Easy,22,100,81,84.45,8.59,78.7,B,Pass,Medium
STU_001125,19,Male,Undergraduate,Private,High,High School,Urban,70.31,2.72,89.97,58.75,Medium,0.52,0.32,0,0.27,Medium,Moderate,Summarizing,Weekly,4,Excellent,8.58,Fair,4.63,0.58,Frequently,9,Low,1,Shared,Low,2.97,Medium,10,100,55,,10.0,56.14,D,Pass,Low
STU_001126,17,Male,High School,Public,High,Bachelor,Urban,77.81,3.16,96.73,89.28,Low,5.47,2.99,0,2.5,Medium,Noisy,Practice Tests,Weekly,6,Poor,5.41,Poor,7.41,4.26,Occasionally,10,Medium,1,Shared,Moderate,2.48,Easy,30,92,67,98.13,10.0,74.5,C,Pass,Medium
STU_001127,14,Male,High School,Public,High,High School,Suburban,64.17,2.56,100.0,83.07,Low,4.89,4.09,0,0.33,Low,Noisy,Practice Tests,Weekly,7,Average,5.96,Poor,6.44,7.69,Occasionally,10,Medium,1,Shared,High,11.67,Medium,18,93,70,91.26,9.52,75.85,B,Pass,Medium
STU_001128,14,Female,Undergraduate,Public,Middle,Doctorate,Suburban,68.19,2.49,93.17,76.78,Medium,2.03,1.2,1,0.55,Medium,Noisy,Group Study,Rarely,5,Average,7.23,Fair,2.82,10.33,Frequently,9,High,1,Dedicated,High,7.82,Hard,16,94,55,95.29,6.96,59.76,D,Pass,Low
STU_001129,18,Male,High School,Private,Low,Master,Urban,61.93,2.4,82.01,62.73,High,2.88,2.34,0,0.54,Low,Moderate,Group Study,Daily,7,Average,7.42,Fair,10.03,0.55,Rarely,10,Medium,0,Dedicated,High,1.67,Hard,22,90,60,88.77,7.62,66.6,C,Pass,Medium
STU_001130,17,Female,Undergraduate,Private,Upper-Middle,Bachelor,Suburban,52.4,,100.0,80.25,Low,1.96,1.68,0,2.65,High,Noisy,Summarizing,Weekly,8,Average,5.86,Good,4.03,10.96,Rarely,10,Medium,1,Dedicated,Moderate,4.53,Medium,13,90,53,74.55,7.27,55.48,D,Pass,Low
STU_001131,14,Other,Undergraduate,Public,Lower-Middle,High School,Urban,65.1,2.7,69.86,57.21,Low,2.53,1.49,0,2.17,Medium,Quiet,Self-Reading,Weekly,3,Excellent,6.99,Poor,4.57,1.65,Occasionally,10,High,0,Shared,High,1.58,Medium,3,99,48,70.71,8.64,49.41,F,Fail,Low
STU_001132,17,Male,Undergraduate,Private,Lower-Middle,Bachelor,Urban,62.68,2.27,81.59,47.68,Low,2.81,2.41,0,0.62,Medium,Quiet,Summarizing,Rarely,4,Average,5.64,Good,7.12,2.35,Frequently,10,Low,1,Shared,High,4.73,Medium,23,91,41,,10.0,45.81,F,Fail,Low
STU_001133,15,Male,High School,Public,Middle,Bachelor,Suburban,76.91,3.11,86.24,68.34,Medium,1.15,0.84,1,1.91,Medium,Noisy,Flashcards,Rarely,6,Poor,9.8,Good,7.12,0.46,Occasionally,10,Medium,1,Dedicated,Low,2.71,Hard,11,87,60,100.0,10.0,68.86,C,Pass,Medium
STU_001134,16,Female,High School,Public,Lower-Middle,Doctorate,Urban,58.89,2.47,69.27,61.02,Low,3.02,1.68,0,6.03,Medium,Moderate,Flashcards,Weekly,4,Average,6.37,Excellent,5.04,0.5,Occasionally,10,Medium,1,Dedicated,Moderate,2.92,Hard,13,94,41,91.1,7.47,43.45,F,Fail,Low
STU_001135,14,Female,High School,Public,Lower-Middle,Bachelor,Rural,55.11,1.93,86.1,57.17,Low,0.52,0.3,0,0.36,Low,Moderate,Flashcards,Daily,6,,7.54,Good,4.17,0.9,Rarely,10,High,1,Dedicated,Low,3.07,Medium,24,97,59,70.86,7.06,60.99,D,Pass,Medium
STU_001136,18,Male,High School,Charter,Lower-Middle,High School,Urban,51.19,2.05,93.48,84.54,Medium,2.51,1.84,0,3.25,Medium,Quiet,Flashcards,Daily,3,,8.4,Excellent,5.3,0.42,Frequently,8,High,1,Dedicated,High,2.74,Medium,4,89,35,100.0,6.86,41.65,F,Fail,Low
STU_001137,15,Female,High School,Private,Low,Master,Suburban,61.82,2.46,90.88,62.12,Medium,1.75,1.06,1,1.13,Medium,Moderate,Practice Tests,Daily,3,Average,7.37,Fair,4.13,0.04,Frequently,10,Medium,1,Dedicated,Low,0.13,Medium,17,100,50,85.93,10.0,49.16,F,Fail,Low
STU_001138,20,Male,Undergraduate,Public,Lower-Middle,Associate,Urban,85.03,3.29,74.48,54.2,High,3.18,1.78,0,7.25,Medium,Moderate,Self-Reading,Weekly,7,Average,6.68,Fair,3.63,9.27,Rarely,10,High,1,Dedicated,Moderate,16.94,Easy,20,97,80,74.87,9.25,83.05,B,Pass,High
STU_001139,17,Female,High School,Private,Lower-Middle,High School,Urban,65.82,2.49,82.52,71.39,Medium,5.03,4.21,1,0.82,Medium,Noisy,Self-Reading,Weekly,9,Average,9.1,Fair,2.93,5.93,Occasionally,10,Medium,1,Dedicated,Low,7.47,Hard,22,95,65,87.03,10.0,69.99,C,Pass,Medium
STU_001140,20,Female,High School,Public,Upper-Middle,Associate,Suburban,76.12,3.24,87.24,66.09,High,2.34,1.58,0,2.43,High,Moderate,Practice Tests,Weekly,3,Average,6.71,,6.32,8.7,Occasionally,10,Medium,1,Dedicated,Moderate,4.19,Easy,17,95,66,55.62,8.78,67.2,C,Pass,Medium
STU_001141,19,Male,Undergraduate,Public,Middle,Master,Rural,60.74,2.42,99.77,94.76,Medium,1.98,1.1,0,1.27,High,Noisy,Flashcards,Daily,2,Average,7.42,Good,5.74,8.08,Rarely,10,High,1,Dedicated,Low,0.79,Medium,7,89,46,86.2,10.0,50.73,D,Pass,Low
STU_001142,15,Female,High School,Public,Middle,High School,Urban,77.32,3.22,92.51,85.68,Medium,1.87,1.02,1,4.77,Medium,Moderate,Practice Tests,Daily,8,Average,7.17,Good,4.5,0.73,Occasionally,10,Medium,1,Shared,Low,11.05,Medium,23,93,70,68.8,7.68,73.5,C,Pass,Medium
STU_001143,20,Female,Undergraduate,Private,Low,Associate,Urban,66.73,2.8,88.76,86.48,Low,4.12,3.32,0,0.36,Medium,Quiet,Flashcards,Rarely,7,Poor,8.36,Fair,5.84,0.47,Occasionally,8,High,1,Shared,Low,0.49,Medium,22,95,62,61.77,7.81,64.67,D,Pass,Medium
STU_001144,14,Female,High School,Public,Upper-Middle,,Suburban,64.96,2.89,86.88,66.91,Medium,2.79,1.91,0,5.32,High,Quiet,Flashcards,Weekly,5,Poor,8.35,Good,5.73,1.3,Occasionally,10,Low,1,Shared,High,7.78,Hard,18,88,44,96.74,9.84,48.57,F,Fail,Low
STU_001145,17,Male,High School,Public,Low,,Suburban,60.75,2.43,90.1,87.0,High,4.02,2.85,1,0.31,Low,Moderate,Group Study,Rarely,2,Excellent,8.25,Fair,2.09,0.43,Occasionally,10,Medium,1,Dedicated,Low,3.45,Medium,26,93,54,67.56,10.0,55.9,D,Pass,Low
STU_001146,16,Male,Undergraduate,Charter,Middle,Bachelor,Urban,75.02,3.07,78.88,66.52,Medium,0.99,0.5,1,1.33,Medium,Quiet,Flashcards,Daily,3,Excellent,6.36,Poor,4.39,10.21,Rarely,7,Medium,1,Dedicated,Moderate,6.77,Hard,20,92,52,81.88,6.39,55.62,D,Pass,Low
STU_001147,15,Male,Undergraduate,Public,Lower-Middle,Master,Suburban,83.07,3.51,90.05,70.94,Medium,4.05,2.63,0,1.5,Medium,Noisy,Flashcards,Weekly,10,Average,6.74,,8.85,5.14,Occasionally,10,High,0,Shared,Moderate,2.81,Medium,13,91,69,91.59,8.79,71.61,C,Pass,Medium
STU_001148,14,Male,Undergraduate,Private,Low,Bachelor,Suburban,51.06,,77.85,59.44,Low,2.89,2.44,1,0.83,High,Moderate,Flashcards,Daily,9,Average,7.43,Fair,6.48,0.65,Occasionally,10,Medium,1,Shared,Low,8.21,Medium,6,98,48,73.04,10.0,46.03,F,Fail,Low
STU_001149,18,Female,High School,Private,Low,Associate,Urban,51.83,1.84,89.8,73.61,Low,3.28,1.98,0,0.26,Medium,Moderate,Practice Tests,Weekly,6,Average,7.5,Fair,6.29,2.46,Occasionally,10,Medium,1,Dedicated,Low,9.71,Medium,13,93,56,78.79,5.95,60.15,D,Pass,Medium
STU_001150,19,Female,High School,Public,Middle,Bachelor,Suburban,72.58,3.0,76.19,59.73,Low,0.81,0.72,0,2.67,High,Quiet,Summarizing,Daily,6,Average,7.74,,2.91,1.77,Rarely,9,High,1,Shared,Low,1.29,Medium,3,87,58,,8.84,66.23,C,Pass,Medium
STU_001151,17,Female,High School,Private,Low,Bachelor,Rural,53.61,2.17,87.93,41.52,Low,2.1,1.36,0,1.04,Medium,Noisy,Self-Reading,Weekly,4,Average,7.65,Poor,8.24,5.4,Occasionally,7,Low,1,Shared,Low,2.47,Medium,4,94,49,,8.69,51.0,D,Pass,Low
STU_001152,15,Female,Undergraduate,Charter,Middle,Master,Urban,88.08,3.71,89.58,63.65,Medium,0.91,0.74,0,0.75,High,Noisy,Group Study,Weekly,3,Average,7.46,Fair,2.96,0.15,Occasionally,10,Medium,1,Shared,High,0.23,Medium,18,98,57,76.01,10.0,58.47,D,Pass,Low
STU_001153,15,Male,High School,Private,High,,Suburban,67.04,2.8,92.56,100.0,Low,4.27,2.97,1,0.04,Medium,Quiet,Self-Reading,Weekly,4,Average,8.2,,5.0,2.19,Occasionally,9,Medium,1,Dedicated,Low,2.08,Easy,9,99,98,75.77,6.41,100.0,A,Pass,High
STU_001154,16,Male,Undergraduate,Public,Lower-Middle,Bachelor,Urban,65.65,2.81,67.45,64.36,High,3.29,2.78,0,4.75,Medium,Moderate,Flashcards,Weekly,13,Average,5.37,Excellent,6.15,0.06,Occasionally,8,Low,1,Dedicated,Moderate,5.89,Medium,3,90,53,54.37,9.13,58.41,D,Pass,Low
STU_001155,16,Male,Undergraduate,Public,Low,Bachelor,Urban,51.05,2.24,78.24,68.38,Low,3.71,3.23,0,0.34,Medium,Noisy,Group Study,Rarely,8,Excellent,8.54,Good,6.95,1.21,Occasionally,8,High,1,None,Low,6.95,Medium,11,92,37,53.9,9.72,42.49,F,Fail,Low
STU_001156,18,Female,Undergraduate,Public,Middle,High School,Rural,100.0,4.0,86.84,77.74,Medium,4.8,2.76,1,1.7,Low,Quiet,Flashcards,Weekly,6,Excellent,6.55,Poor,6.2,2.66,Rarely,10,High,1,Shared,Low,3.33,Medium,15,91,81,70.25,7.21,87.58,A,Pass,High
STU_001157,19,Male,High School,Private,Middle,Doctorate,Rural,64.92,2.57,86.96,59.77,High,1.06,0.94,1,3.02,Medium,Noisy,Practice Tests,Daily,10,Average,5.08,Fair,8.26,4.8,Frequently,10,High,1,Dedicated,Moderate,0.75,Medium,7,93,57,91.93,10.0,64.36,D,Pass,Medium
STU_001158,18,Male,High School,Public,Lower-Middle,High School,Rural,62.05,2.57,75.35,34.17,Medium,1.76,1.13,0,7.45,Low,Noisy,Self-Reading,Rarely,6,Excellent,6.84,Fair,2.91,5.51,Rarely,10,Low,1,Dedicated,Moderate,8.02,Medium,6,99,48,80.62,7.99,48.24,F,Fail,Low
STU_001159,14,Female,High School,Charter,Upper-Middle,Bachelor,Suburban,78.09,3.14,98.86,90.46,Medium,3.03,2.6,0,1.31,Medium,Moderate,Flashcards,Rarely,3,Average,7.01,Fair,5.39,6.26,Occasionally,7,Medium,1,Dedicated,Moderate,5.04,Easy,8,88,69,93.72,5.24,75.58,B,Pass,Medium
STU_001160,14,Female,High School,Private,High,Master,Rural,85.01,3.63,91.47,79.83,Medium,1.21,0.91,1,2.17,High,Quiet,Practice Tests,Daily,6,Average,7.41,Excellent,2.1,7.48,Occasionally,10,Medium,1,Dedicated,Low,2.46,Easy,17,92,65,90.44,8.23,70.17,C,Pass,Medium
STU_001161,18,Male,High School,Private,Lower-Middle,High School,Suburban,78.29,2.81,82.74,77.17,Medium,5.1,2.93,1,0.7,Medium,Quiet,Group Study,Weekly,7,Excellent,8.37,Poor,5.74,1.52,Occasionally,10,High,0,Dedicated,Low,2.23,Medium,9,93,65,71.02,6.9,69.27,C,Pass,Medium
STU_001162,19,Male,Undergraduate,Public,Middle,Bachelor,Suburban,82.64,3.32,90.37,67.37,Medium,3.64,2.98,1,1.05,High,Quiet,Group Study,Rarely,5,Average,5.84,Poor,7.36,2.62,Rarely,10,Low,0,Shared,Moderate,2.48,Medium,29,92,65,70.08,10.0,68.2,C,Pass,Medium
STU_001163,18,Female,Undergraduate,Public,Low,High School,Rural,68.53,3.04,73.81,73.8,High,1.54,1.29,0,2.77,Medium,Quiet,Self-Reading,Daily,9,Average,8.52,Good,5.14,2.35,Rarely,10,High,1,Dedicated,Moderate,11.67,Medium,27,95,52,90.59,9.52,55.09,D,Pass,Low
STU_001164,19,Female,High School,Private,Upper-Middle,Bachelor,Rural,64.89,2.62,86.66,49.55,High,3.96,2.34,0,1.22,Medium,Quiet,Practice Tests,Daily,6,Average,6.58,Poor,5.21,5.56,Frequently,10,Low,0,Shared,High,10.49,Medium,7,100,57,56.57,10.0,58.56,D,Pass,Low
STU_001165,19,Male,Undergraduate,Private,Middle,Associate,Suburban,89.18,,81.6,89.77,Low,4.32,2.36,0,0.82,Low,Moderate,Flashcards,Daily,5,Excellent,8.36,Fair,8.1,0.85,Occasionally,10,Low,1,Shared,Moderate,1.98,Easy,23,93,80,71.19,10.0,83.1,B,Pass,High
STU_001166,20,Female,High School,Charter,Middle,High School,Urban,64.91,2.37,80.43,53.15,High,1.91,1.58,0,6.29,Medium,Quiet,Group Study,Rarely,4,,5.74,Fair,5.89,8.75,Occasionally,10,Medium,1,Shared,Low,3.38,Easy,29,98,64,73.69,9.43,67.48,C,Pass,Medium
STU_001167,17,Male,High School,Public,Upper-Middle,High School,Suburban,79.31,3.05,91.01,93.74,Medium,5.9,3.78,0,2.13,Medium,Noisy,Self-Reading,Rarely,10,Average,4.84,Poor,5.79,0.65,Rarely,10,Medium,0,Dedicated,Moderate,9.65,Medium,22,97,68,71.96,10.0,70.36,C,Pass,Medium
STU_001168,19,Female,High School,Private,Upper-Middle,Doctorate,Suburban,72.16,2.91,93.8,61.85,Medium,4.45,3.48,0,2.92,High,Quiet,Flashcards,Rarely,3,Average,7.23,Fair,5.35,1.79,Frequently,10,Medium,1,Dedicated,Moderate,2.3,Hard,11,100,61,79.84,10.0,62.37,D,Pass,Medium
STU_001169,16,Female,High School,Public,Lower-Middle,Associate,Urban,66.21,2.81,78.09,50.03,Medium,2.8,1.57,0,5.78,Medium,Quiet,Summarizing,Daily,1,Average,7.99,Good,3.0,1.14,Occasionally,9,Medium,1,Dedicated,Moderate,8.53,Hard,9,88,43,83.74,10.0,49.22,F,Fail,Low
STU_001170,19,Female,Undergraduate,Charter,Low,Associate,Rural,63.4,2.47,61.86,65.89,Low,3.89,2.64,1,1.26,Medium,Moderate,Practice Tests,Weekly,5,Average,6.33,Good,6.79,1.17,Frequently,10,High,1,Shared,Moderate,6.49,Easy,1,88,53,78.96,8.74,58.39,D,Pass,Low
STU_001171,19,Female,Undergraduate,Public,Lower-Middle,Bachelor,Urban,76.1,3.1,76.78,85.24,Medium,2.92,2.41,0,0.15,High,Quiet,Group Study,Rarely,5,Average,6.57,Poor,6.26,2.85,Occasionally,10,High,0,None,Moderate,1.6,Medium,20,98,49,66.26,10.0,51.3,D,Pass,Low
STU_001172,19,Male,High School,Public,Lower-Middle,Bachelor,Urban,75.56,2.91,81.44,57.39,Medium,0.73,0.59,0,0.41,Low,Moderate,Self-Reading,Daily,5,Poor,8.35,Poor,6.76,9.16,Occasionally,10,Medium,1,Dedicated,Low,5.99,Hard,7,95,42,79.21,8.4,46.52,F,Fail,Low
STU_001173,20,Male,High School,Charter,Middle,Bachelor,Urban,68.95,2.52,78.96,58.26,Medium,1.88,1.45,0,1.97,Low,Moderate,Flashcards,Rarely,3,Average,7.48,Fair,2.99,1.11,Rarely,10,Medium,1,Dedicated,Low,0.45,Hard,16,95,35,64.23,6.8,37.04,F,Fail,Low
STU_001174,20,Female,High School,Public,Lower-Middle,High School,Suburban,66.98,2.56,84.26,62.88,Medium,1.61,1.31,0,6.99,Medium,Quiet,Self-Reading,Weekly,4,Average,6.4,Fair,5.56,4.18,Occasionally,10,Medium,1,Dedicated,High,1.54,Medium,29,98,46,91.39,9.97,46.45,F,Fail,Low
STU_001175,14,Male,Undergraduate,Public,Lower-Middle,Master,Suburban,40.39,1.51,79.38,77.17,Medium,3.7,3.25,0,2.61,Medium,Moderate,Flashcards,Weekly,2,Average,6.24,Excellent,5.51,9.71,Occasionally,7,Low,0,Dedicated,Moderate,3.93,Medium,20,100,37,78.67,4.7,35.79,F,Fail,Low
STU_001176,20,Male,Undergraduate,Public,High,High School,Rural,69.27,2.47,86.59,97.85,Medium,9.46,6.24,0,1.65,High,Moderate,Self-Reading,Rarely,9,Average,6.73,Fair,5.05,12.0,Occasionally,10,Medium,1,Dedicated,Moderate,4.08,Easy,4,97,71,68.87,9.42,71.64,C,Pass,Medium
STU_001177,16,Male,High School,Private,Low,Bachelor,Suburban,71.84,3.1,88.66,65.25,High,1.91,1.0,0,0.45,Medium,Quiet,Practice Tests,Daily,5,,5.85,Excellent,1.81,1.7,Rarely,10,Medium,1,Dedicated,Moderate,0.29,Medium,19,91,48,85.61,9.39,53.42,D,Pass,Low
STU_001178,16,Male,High School,Public,Middle,Associate,Urban,73.42,3.07,84.62,89.16,Medium,4.49,3.79,0,0.01,Medium,Quiet,Self-Reading,Weekly,8,,5.96,,7.71,2.42,Frequently,9,Medium,1,Shared,Low,1.06,Medium,2,97,62,87.61,8.62,63.68,D,Pass,Medium
STU_001179,20,Female,Undergraduate,Public,Upper-Middle,Bachelor,Urban,83.77,3.78,78.77,43.56,Medium,1.68,0.84,0,1.6,Medium,Moderate,Summarizing,Rarely,3,Average,8.0,Good,5.4,4.65,Frequently,9,High,1,Dedicated,Moderate,0.32,Medium,18,90,61,70.99,7.58,68.33,C,Pass,Medium
STU_001180,18,Female,High School,Public,Lower-Middle,Master,Urban,64.29,2.68,84.43,78.58,Low,7.52,4.4,0,2.26,Medium,Quiet,Practice Tests,Weekly,4,Average,5.52,Poor,6.87,3.61,Frequently,9,Medium,1,Dedicated,High,3.11,Medium,7,87,46,74.47,8.43,55.7,D,Pass,Low
STU_001181,17,Female,High School,Public,Low,Bachelor,Rural,40.94,1.75,,44.52,Medium,2.5,1.34,1,3.34,Medium,Noisy,Flashcards,Weekly,4,Excellent,7.46,Excellent,4.48,4.76,Frequently,10,Medium,1,Dedicated,Low,0.89,Medium,14,92,31,72.2,10.0,31.75,F,Fail,Low
STU_001182,20,Other,Undergraduate,Charter,Lower-Middle,Associate,Suburban,60.28,2.55,82.94,82.37,Medium,8.34,4.44,1,3.66,Low,Quiet,Practice Tests,Daily,6,Average,7.61,Poor,3.75,5.4,Occasionally,8,Medium,1,Dedicated,High,1.95,Medium,23,88,63,81.68,6.94,74.4,C,Pass,Medium
STU_001183,19,Female,Undergraduate,Public,Middle,Bachelor,Urban,68.16,2.15,82.33,63.89,Medium,5.17,2.76,0,0.39,High,Quiet,Flashcards,Rarely,6,Average,6.81,Good,5.38,5.76,Rarely,7,High,1,Dedicated,Moderate,2.85,Medium,20,89,64,46.8,6.63,71.84,C,Pass,Medium
STU_001184,15,Female,Undergraduate,Public,Middle,Associate,Rural,71.22,2.95,75.82,69.86,High,3.38,2.45,0,3.67,High,Moderate,Group Study,Weekly,4,Average,5.97,Poor,4.8,3.16,Occasionally,10,Low,1,Shared,Low,0.0,Easy,27,87,55,95.72,10.0,62.74,D,Pass,Medium
STU_001185,17,Female,Undergraduate,Public,Low,Bachelor,Rural,59.02,2.59,78.93,66.18,Medium,2.06,1.52,0,0.07,Medium,Quiet,Flashcards,Weekly,6,Average,7.27,Fair,4.01,12.0,Occasionally,8,Low,1,Shared,Moderate,1.95,Medium,8,99,51,78.56,7.29,52.89,D,Pass,Low
STU_001186,17,Female,Undergraduate,Public,Low,High School,Suburban,76.45,3.04,80.04,75.95,Medium,2.22,1.41,1,0.47,Low,Moderate,Summarizing,Weekly,7,Average,9.1,Fair,4.84,7.7,Occasionally,10,Medium,1,Shared,Low,4.88,Medium,10,85,59,84.31,6.78,66.09,C,Pass,Medium
STU_001187,16,Male,High School,Public,Low,Master,Rural,73.63,3.0,,43.04,Medium,1.37,1.07,0,0.2,Low,Moderate,Group Study,Daily,5,Average,7.65,Excellent,3.15,1.26,Occasionally,10,Medium,1,Dedicated,Moderate,1.22,Medium,27,87,50,70.63,8.91,55.75,D,Pass,Low
STU_001188,17,Female,Undergraduate,Public,Lower-Middle,High School,Urban,64.78,2.58,83.15,65.67,Medium,3.31,2.32,0,0.44,High,Quiet,Flashcards,Weekly,5,Poor,7.37,Good,6.62,0.35,Occasionally,10,Medium,1,Dedicated,Low,0.19,Easy,2,100,52,76.82,10.0,52.19,D,Pass,Low
STU_001189,20,Male,Undergraduate,Public,High,High School,Urban,81.72,3.48,78.24,76.64,Medium,1.75,0.89,0,2.25,Low,Quiet,Group Study,Weekly,1,Average,7.26,Good,2.48,1.56,Occasionally,10,Medium,1,Shared,Moderate,2.42,Medium,6,97,52,44.93,9.73,53.05,D,Pass,Low
STU_001190,19,Female,Undergraduate,Private,High,Bachelor,Suburban,85.88,3.29,77.89,85.73,Medium,2.08,1.46,0,0.17,Medium,Moderate,Practice Tests,Weekly,1,Excellent,6.04,,5.99,3.14,Frequently,8,Medium,1,Dedicated,Low,1.67,Medium,28,92,59,,10.0,65.38,C,Pass,Medium
STU_001191,19,Female,High School,Public,Middle,Bachelor,Rural,76.72,,93.89,69.35,High,1.54,1.34,0,3.8,Medium,Quiet,Flashcards,Rarely,5,Excellent,4.62,Poor,5.77,0.35,Rarely,10,Low,1,Dedicated,High,1.36,Medium,2,86,56,91.43,9.81,62.9,D,Pass,Medium
STU_001192,14,Female,Undergraduate,Public,Upper-Middle,High School,Urban,64.59,2.51,81.34,77.23,Low,2.0,1.2,1,0.76,Medium,Noisy,Summarizing,Rarely,7,Poor,8.29,Good,9.07,1.31,Frequently,10,Medium,1,Dedicated,Moderate,1.36,Hard,19,96,34,64.49,10.0,36.69,F,Fail,Low
STU_001193,19,Female,Undergraduate,Charter,Middle,Associate,Suburban,71.35,2.91,85.68,51.33,Low,2.56,2.19,1,1.72,Medium,Quiet,Group Study,Daily,7,Average,5.67,Good,3.62,1.92,Occasionally,10,High,1,Dedicated,High,2.7,Medium,12,85,57,,9.22,66.96,C,Pass,Medium
STU_001194,19,Female,High School,Private,Low,,Urban,69.44,2.88,75.32,65.58,Low,2.55,1.77,0,1.89,Medium,Moderate,Summarizing,Rarely,6,Average,5.45,Excellent,3.47,2.58,Occasionally,9,High,1,Dedicated,Moderate,5.35,Hard,24,85,37,89.88,10.0,42.24,F,Fail,Low
STU_001195,16,Female,High School,Public,Low,High School,Urban,72.3,2.81,76.04,56.96,Medium,3.63,2.12,1,1.04,Low,Quiet,Flashcards,Rarely,2,,6.74,,1.94,3.32,Occasionally,10,Medium,1,Shared,High,5.35,Hard,12,91,47,81.93,9.31,49.32,F,Fail,Low
STU_001196,19,Female,High School,Private,Upper-Middle,Bachelor,Suburban,82.42,3.21,93.7,69.95,Medium,2.31,1.48,0,0.07,Medium,Moderate,Group Study,Weekly,10,Average,7.56,Good,5.96,0.97,Occasionally,7,High,1,Shared,Moderate,0.95,Medium,4,97,81,84.57,6.0,81.86,B,Pass,High
STU_001197,14,Male,Undergraduate,Public,Low,Bachelor,Urban,55.13,1.96,89.5,84.91,Low,5.01,2.9,0,2.45,Medium,Moderate,Practice Tests,Rarely,3,Poor,8.9,Good,6.33,3.06,Occasionally,6,High,0,Dedicated,High,2.8,Easy,24,86,65,40.35,7.43,77.49,B,Pass,Medium
STU_001198,15,Female,Undergraduate,Public,Lower-Middle,Associate,Suburban,65.02,2.74,93.5,83.89,High,2.63,1.59,1,0.7,Medium,Quiet,Flashcards,Daily,11,Average,9.66,Excellent,9.17,3.61,Rarely,10,Medium,1,Dedicated,High,0.47,Hard,21,91,46,83.81,10.0,50.41,D,Pass,Low
STU_001199,20,Female,High School,Charter,Upper-Middle,High School,Suburban,64.99,2.52,87.7,70.02,Medium,1.02,0.68,0,0.24,High,Moderate,Flashcards,Weekly,4,,6.53,Poor,2.34,0.65,Occasionally,10,High,1,Shared,Low,0.42,Easy,4,87,55,67.51,7.48,66.54,C,Pass,Medium
STU_001200,16,Female,High School,Public,Middle,,Suburban,60.39,,99.03,91.02,Low,2.31,1.75,1,2.24,Medium,Moderate,Group Study,Weekly,8,Average,8.33,Poor,4.88,2.71,Occasionally,10,Medium,1,Dedicated,High,3.16,Medium,3,90,52,99.77,8.58,56.78,D,Pass,Low
STU_001201,15,Male,High School,Private,High,Bachelor,Suburban,67.01,,85.47,60.15,Medium,2.13,1.22,0,0.58,Medium,Quiet,Summarizing,Daily,3,Excellent,6.96,Fair,5.9,2.16,Occasionally,10,Medium,1,Dedicated,Low,6.86,Easy,1,95,37,,10.0,36.9,F,Fail,Low
STU_001202,16,Male,Undergraduate,Public,Low,Associate,Suburban,59.49,2.53,69.9,58.42,Low,4.98,4.27,0,3.82,High,Moderate,Practice Tests,Weekly,7,Average,8.75,Fair,3.66,4.08,Occasionally,10,Medium,1,Dedicated,Low,2.36,Hard,1,100,42,86.78,8.92,42.33,F,Fail,Low
STU_001203,18,Female,High School,Public,Middle,Master,Suburban,55.62,,69.68,66.37,Medium,2.23,1.53,1,1.57,Medium,Quiet,Summarizing,Daily,7,Average,7.69,Fair,4.14,0.11,Rarely,10,Medium,1,Shared,High,1.53,Hard,8,91,40,68.63,10.0,39.89,F,Fail,Low
STU_001204,17,Male,Undergraduate,Public,Lower-Middle,Associate,Rural,93.02,3.82,75.25,44.34,Medium,1.85,1.11,0,0.12,Medium,Quiet,Summarizing,Weekly,4,Average,6.32,Fair,6.57,0.58,Occasionally,10,High,1,Dedicated,Moderate,0.46,Medium,24,95,77,,8.56,80.95,B,Pass,High
STU_001205,18,Male,High School,Charter,Low,Bachelor,Suburban,79.09,3.11,90.28,70.35,High,1.96,1.7,1,2.91,Medium,Noisy,Flashcards,Weekly,7,,5.86,Good,5.2,1.98,Rarely,10,High,1,Dedicated,Low,8.4,Easy,16,92,60,90.21,10.0,65.39,C,Pass,Medium
STU_001206,19,Male,Undergraduate,Public,Lower-Middle,Master,Rural,82.13,3.07,90.74,69.4,High,4.92,3.2,0,0.14,High,Noisy,Self-Reading,Weekly,7,Poor,6.28,Good,7.38,6.23,Occasionally,10,Medium,1,Dedicated,High,6.73,Medium,26,86,69,83.77,10.0,81.23,B,Pass,High
STU_001207,15,Male,High School,Public,Lower-Middle,,Suburban,77.77,3.09,100.0,77.69,Medium,0.57,0.34,0,0.0,Medium,Moderate,Group Study,Daily,3,Average,8.11,Good,4.23,9.37,Occasionally,6,Low,1,Shared,Low,1.81,Medium,29,93,65,68.09,4.63,71.1,C,Pass,Medium
STU_001208,19,Male,High School,Private,Upper-Middle,Master,Suburban,86.62,3.45,92.75,69.58,Low,1.61,0.86,1,1.55,Medium,Quiet,Summarizing,Rarely,2,Average,6.31,Fair,4.46,1.97,Rarely,7,Medium,1,Shared,Moderate,3.59,Medium,12,85,65,90.58,7.65,77.07,B,Pass,Medium
STU_001209,17,Female,High School,Private,Middle,Associate,Rural,74.21,,98.19,51.45,Low,1.44,1.26,1,0.11,Medium,Quiet,Group Study,Daily,5,Average,6.67,Good,2.56,0.09,Rarely,8,Low,1,Shared,Moderate,7.31,Medium,10,89,78,89.29,7.2,86.22,A,Pass,High
STU_001210,16,Male,High School,Public,High,Bachelor,Rural,61.04,,89.02,68.4,Medium,3.56,1.96,0,0.08,Medium,Quiet,Group Study,Rarely,4,Average,8.44,Good,3.78,3.21,Occasionally,10,Low,1,Dedicated,Moderate,0.91,Medium,10,97,56,77.88,8.06,55.83,D,Pass,Low
STU_001211,17,Female,Undergraduate,Public,Lower-Middle,High School,Suburban,65.74,2.74,100.0,86.0,Medium,6.14,4.31,0,3.58,High,Moderate,Flashcards,Weekly,5,Average,7.68,Good,2.78,2.73,Occasionally,7,Low,1,Dedicated,High,1.55,Easy,2,86,47,92.81,7.54,56.42,D,Pass,Low
STU_001212,14,Female,Undergraduate,Public,Lower-Middle,Doctorate,Urban,77.56,,,87.81,High,1.81,1.62,0,3.6,Medium,Moderate,Group Study,Rarely,1,Poor,8.15,Good,6.01,4.12,Rarely,10,High,1,Dedicated,Low,4.68,Easy,18,88,80,69.24,9.3,88.78,A,Pass,High
STU_001213,17,Female,High School,Private,Low,Bachelor,Urban,54.61,2.0,68.21,55.15,Medium,1.26,1.02,0,10.74,Medium,Moderate,Practice Tests,Weekly,4,Average,7.38,Good,4.55,4.49,Occasionally,7,High,0,Dedicated,Moderate,2.45,Medium,24,91,38,74.05,9.97,40.58,F,Fail,Low
STU_001214,14,Female,Undergraduate,Public,Lower-Middle,Doctorate,Suburban,58.45,,98.24,69.19,Medium,2.12,1.62,0,0.06,High,Noisy,Practice Tests,Rarely,1,Average,7.58,Excellent,4.21,1.48,Occasionally,7,High,1,Dedicated,Moderate,3.97,Hard,12,99,54,74.88,7.81,53.19,D,Pass,Low
STU_001215,17,Male,High School,Private,Lower-Middle,High School,Urban,65.09,2.65,79.11,66.7,Low,1.42,1.12,1,0.13,Medium,Moderate,Group Study,Rarely,3,Average,6.33,,6.92,2.04,Frequently,10,High,1,Shared,Low,1.04,Medium,21,92,29,63.16,7.88,35.03,F,Fail,Low
STU_001216,20,Male,High School,Public,Middle,Associate,Suburban,78.52,2.92,89.45,73.81,Low,2.51,1.58,0,0.04,High,Quiet,Practice Tests,Weekly,5,Average,4.27,Fair,4.97,0.71,Frequently,10,High,1,Dedicated,High,0.78,Easy,8,97,64,87.56,9.21,64.35,D,Pass,Medium
STU_001217,14,Female,High School,Public,Middle,Master,Suburban,78.64,3.09,87.38,100.0,Low,4.17,3.04,0,6.0,High,Moderate,Self-Reading,Weekly,8,Poor,6.55,Excellent,4.19,2.69,Frequently,10,Low,1,Dedicated,Moderate,10.92,Hard,28,92,57,59.73,9.18,60.78,D,Pass,Medium
STU_001218,15,Female,High School,Private,Low,,Urban,57.28,2.53,71.25,53.75,Low,1.34,0.71,0,4.35,High,Quiet,Summarizing,Daily,6,,7.34,Excellent,3.69,1.25,Occasionally,10,Low,1,Shared,Low,4.56,Medium,9,92,38,53.08,9.24,38.9,F,Fail,Low
STU_001219,19,Female,High School,Public,Low,High School,Rural,61.91,2.3,74.27,68.6,High,3.18,1.88,1,5.46,Low,Noisy,Practice Tests,Weekly,7,Excellent,7.93,Poor,5.98,4.64,Frequently,10,Low,1,Dedicated,Low,2.39,Medium,29,93,40,77.73,10.0,44.9,F,Fail,Low
STU_001220,19,Male,Undergraduate,Public,Upper-Middle,Bachelor,Urban,70.7,2.81,88.86,74.23,Low,3.15,2.25,1,0.6,Medium,Quiet,Practice Tests,Weekly,6,Excellent,5.6,Excellent,6.86,2.61,Occasionally,10,Medium,1,Shared,Low,8.37,Hard,5,96,51,86.91,8.9,51.32,D,Pass,Low
STU_001221,18,Female,High School,Private,Upper-Middle,High School,Urban,44.39,1.73,95.3,80.19,Medium,1.38,0.75,0,0.85,Medium,Noisy,Practice Tests,Daily,4,Average,6.21,Excellent,3.15,3.16,Occasionally,8,Low,1,Dedicated,High,3.94,Hard,21,97,28,73.98,7.98,26.61,F,Fail,Low
STU_001222,19,Male,High School,Private,Lower-Middle,Bachelor,Suburban,71.51,2.82,80.34,71.55,Low,3.15,1.75,0,0.43,Medium,Quiet,Flashcards,Weekly,5,Average,7.69,Poor,7.71,0.64,Occasionally,9,Low,1,Dedicated,High,0.96,Hard,1,98,36,98.3,9.7,38.4,F,Fail,Low
STU_001223,16,Female,Undergraduate,Private,Lower-Middle,Master,Rural,63.89,2.51,96.29,66.89,Medium,4.09,2.98,0,3.31,High,Moderate,Group Study,Weekly,7,Average,5.33,Good,5.0,0.78,Occasionally,10,Medium,1,Dedicated,High,3.0,Easy,16,89,60,68.57,7.64,67.65,C,Pass,Medium
STU_001224,20,Male,High School,Private,Lower-Middle,Master,Urban,85.1,3.22,94.12,77.03,Medium,2.18,1.69,0,1.91,Medium,Quiet,Flashcards,Daily,8,Excellent,7.99,Fair,2.41,0.02,Occasionally,10,Medium,0,Shared,Low,0.23,Medium,15,92,64,81.1,10.0,71.53,C,Pass,Medium
STU_001225,17,Female,High School,Private,Middle,High School,Suburban,61.72,2.69,,62.87,Medium,0.94,0.6,0,2.94,Low,Quiet,Practice Tests,Weekly,4,Excellent,6.29,Poor,7.76,7.53,Rarely,10,Low,1,Shared,High,1.39,Medium,28,95,53,83.09,10.0,56.67,D,Pass,Low
STU_001226,18,Male,High School,Private,Lower-Middle,Bachelor,Suburban,89.26,,79.65,71.32,High,4.1,3.02,0,1.07,Low,Quiet,Group Study,Weekly,3,Poor,7.07,Excellent,1.98,0.54,Frequently,9,High,1,Dedicated,Moderate,0.36,Medium,30,94,72,93.21,7.22,78.45,B,Pass,Medium
STU_001227,16,Male,Undergraduate,Private,Upper-Middle,Bachelor,Rural,72.74,2.77,91.77,84.33,Medium,3.44,1.81,1,0.53,Medium,Moderate,Flashcards,Weekly,9,Excellent,4.99,Excellent,5.76,11.61,Occasionally,10,Low,1,Shared,Moderate,0.14,Easy,22,96,72,,10.0,78.29,B,Pass,Medium
STU_001228,16,Male,High School,Private,Low,Bachelor,Urban,54.34,2.07,86.0,54.27,Medium,1.43,1.09,0,5.72,Medium,Moderate,Flashcards,Rarely,6,Average,6.22,Fair,3.9,2.33,Occasionally,9,Medium,0,Dedicated,Moderate,0.26,Hard,17,100,37,93.13,8.79,37.2,F,Fail,Low
STU_001229,14,Male,Undergraduate,Private,Lower-Middle,High School,Rural,70.07,,79.96,64.04,Medium,6.83,5.25,1,5.32,Medium,Quiet,Flashcards,Weekly,12,Average,6.19,Fair,8.16,2.16,Frequently,10,Medium,1,Dedicated,Moderate,4.13,Hard,27,97,72,49.66,10.0,76.03,B,Pass,Medium
STU_001230,19,Male,Undergraduate,Private,Middle,High School,Suburban,75.37,3.14,86.73,76.8,Medium,2.32,1.81,0,9.06,Medium,Moderate,Group Study,Weekly,4,Average,8.01,Fair,4.08,2.67,Frequently,8,Medium,1,Dedicated,Low,6.34,Hard,22,98,62,97.0,8.01,63.08,D,Pass,Medium
STU_001231,15,Male,High School,Public,Low,Doctorate,Suburban,79.49,3.07,73.37,63.07,Medium,5.65,3.28,1,1.24,High,Noisy,Flashcards,Daily,4,Poor,6.67,Good,4.53,0.44,Occasionally,10,Medium,1,Shared,Moderate,6.83,Easy,27,94,74,64.91,10.0,76.12,B,Pass,Medium
STU_001232,15,Female,High School,Public,Lower-Middle,Bachelor,Suburban,64.3,2.74,72.92,49.03,Medium,3.39,2.96,0,5.92,Medium,Moderate,Self-Reading,Daily,2,Average,5.11,Good,1.0,6.31,Occasionally,10,Medium,1,Dedicated,Moderate,2.92,Medium,9,100,52,100.0,9.64,51.88,D,Pass,Low
STU_001233,18,Female,High School,Public,Middle,Associate,Suburban,84.88,3.39,90.82,49.12,Medium,1.5,1.07,1,1.77,Medium,Quiet,Practice Tests,Rarely,2,Excellent,6.87,Good,4.46,4.41,Occasionally,9,High,1,Dedicated,Moderate,3.57,Medium,15,93,69,,9.84,70.8,C,Pass,Medium
STU_001234,20,Female,High School,Private,Upper-Middle,Bachelor,Urban,82.0,3.47,85.34,64.64,Medium,3.36,2.03,0,0.62,High,Moderate,Self-Reading,Rarely,4,Average,6.72,Good,6.02,5.05,Frequently,8,Medium,1,Dedicated,Low,3.94,Easy,9,95,73,90.03,7.05,74.87,C,Pass,Medium
STU_001235,15,Male,High School,Public,Lower-Middle,High School,Suburban,66.95,2.71,85.49,82.35,High,2.33,2.04,0,3.02,High,Moderate,Group Study,Weekly,4,Excellent,8.68,Good,6.59,0.24,Frequently,10,Low,1,Dedicated,Moderate,8.71,Hard,21,91,41,64.7,5.57,45.5,F,Fail,Low
STU_001236,17,Male,High School,Charter,Lower-Middle,Master,Urban,93.51,3.68,70.56,51.45,High,1.32,0.85,0,3.86,High,Quiet,Self-Reading,Weekly,3,Poor,6.47,Good,7.46,3.57,Frequently,9,High,1,Dedicated,Moderate,0.46,Easy,29,91,62,49.92,10.0,68.25,C,Pass,Medium
STU_001237,15,Male,Undergraduate,Public,Lower-Middle,Associate,Rural,80.35,3.25,,64.84,Low,0.85,0.64,0,0.67,Medium,Quiet,Practice Tests,Weekly,3,Average,8.95,,5.19,2.47,Frequently,6,Medium,1,Shared,Moderate,0.16,Medium,9,93,60,42.94,6.78,62.72,D,Pass,Medium
STU_001238,18,Female,High School,Private,Lower-Middle,Bachelor,Suburban,55.92,2.23,85.78,68.16,Low,2.92,2.55,0,4.61,Low,Moderate,Self-Reading,Daily,9,Average,6.71,Excellent,3.47,0.3,Occasionally,10,Medium,1,Dedicated,High,7.66,Medium,1,98,35,100.0,9.86,35.81,F,Fail,Low
STU_001239,15,Female,Undergraduate,Charter,Lower-Middle,Associate,Suburban,61.84,2.41,91.84,68.68,Medium,1.45,0.74,0,1.85,Medium,Moderate,Group Study,Rarely,6,Average,7.39,Excellent,5.07,3.57,Frequently,10,Low,1,Dedicated,Moderate,0.18,Medium,27,88,39,69.75,9.8,43.57,F,Fail,Low
STU_001240,17,Male,High School,Public,Middle,High School,Urban,57.2,2.26,85.09,74.24,Medium,3.58,2.9,0,0.56,Low,Moderate,Summarizing,Daily,4,Average,6.43,Poor,6.99,1.63,Frequently,9,High,0,Shared,Moderate,2.3,Medium,4,99,56,87.92,10.0,57.27,D,Pass,Low
STU_001241,14,Female,High School,Private,Low,Bachelor,Suburban,51.71,2.25,84.24,98.98,Medium,12.0,7.68,1,0.04,Low,Quiet,Flashcards,Weekly,9,Average,8.02,Poor,3.65,1.51,Occasionally,8,Medium,1,None,High,7.41,Hard,8,94,71,,7.04,77.03,B,Pass,Medium
STU_001242,20,Female,High School,Public,Upper-Middle,High School,Urban,66.64,,76.12,46.75,Low,4.16,2.23,0,4.19,Medium,Moderate,Practice Tests,Daily,6,,7.51,Good,4.2,2.87,Frequently,8,Low,1,Shared,Moderate,1.49,Easy,20,97,62,70.35,7.52,63.32,D,Pass,Medium
STU_001243,18,Male,Undergraduate,Public,Upper-Middle,Master,Urban,73.65,3.06,80.39,61.97,High,4.78,2.53,0,1.2,High,Moderate,Flashcards,Daily,8,Average,6.89,Good,4.25,2.56,Occasionally,10,High,1,Shared,High,2.42,Hard,21,91,73,89.51,10.0,81.59,B,Pass,High
STU_001244,14,Male,Undergraduate,Public,Lower-Middle,,Urban,61.87,2.58,86.82,80.07,Medium,4.08,2.48,0,5.38,Medium,Noisy,Practice Tests,Daily,3,Excellent,7.02,,4.71,0.84,Occasionally,10,Low,1,Dedicated,High,1.22,Hard,14,94,45,86.65,10.0,47.39,F,Fail,Low
STU_001245,14,Female,High School,Private,Low,Master,Urban,54.56,2.39,,72.3,Medium,3.43,2.58,0,3.58,Medium,Moderate,Flashcards,Weekly,8,Poor,8.28,Fair,6.14,0.51,Frequently,10,Medium,1,Dedicated,High,0.35,Easy,30,92,70,98.15,8.25,75.37,B,Pass,Medium
STU_001246,14,Female,High School,Public,Upper-Middle,Associate,Urban,73.07,2.87,78.89,55.9,High,1.61,1.23,0,2.53,Medium,Noisy,Self-Reading,Rarely,3,,7.75,Fair,4.94,0.31,Occasionally,10,Medium,1,Dedicated,Low,3.49,Hard,5,93,35,,8.49,38.23,F,Fail,Low
STU_001247,16,Male,Undergraduate,Private,Low,Bachelor,Suburban,87.3,3.48,78.16,70.64,Low,5.56,4.48,1,0.88,Low,Moderate,Practice Tests,Rarely,4,Average,7.63,Good,4.12,9.36,Frequently,10,Medium,1,Dedicated,Moderate,0.77,Medium,4,94,80,95.24,8.22,85.57,A,Pass,High
STU_001248,20,Male,High School,Public,Middle,Master,Rural,73.09,2.71,81.92,71.87,Low,1.89,1.09,0,1.4,Medium,Quiet,Flashcards,Weekly,3,Excellent,6.72,,4.7,1.5,Occasionally,7,Medium,1,Dedicated,High,2.39,Medium,19,86,45,93.97,4.08,53.62,D,Pass,Low
STU_001249,19,Male,High School,Public,Lower-Middle,Associate,Urban,75.95,2.95,82.08,72.22,High,2.12,1.9,0,0.37,Medium,Quiet,Practice Tests,Weekly,2,,7.31,Fair,3.04,0.56,Occasionally,8,High,1,Dedicated,Moderate,3.86,Hard,19,85,45,52.85,9.95,52.1,D,Pass,Low
STU_001250,20,Female,High School,Public,Middle,High School,Suburban,75.61,2.8,,68.08,Medium,1.48,0.75,0,3.81,Low,Quiet,Self-Reading,Daily,2,Average,4.98,Fair,3.86,5.93,Rarely,10,Medium,1,Dedicated,Moderate,0.73,Medium,15,94,55,91.39,10.0,57.24,D,Pass,Low
STU_001251,16,Male,Undergraduate,Public,High,High School,Rural,76.51,3.0,80.88,59.28,High,2.82,1.97,1,1.17,Medium,Moderate,Self-Reading,Weekly,4,,8.21,Good,4.03,4.18,Frequently,6,Medium,1,Shared,Moderate,1.42,Easy,23,90,73,67.16,6.31,80.73,B,Pass,High
STU_001252,19,Male,High School,Public,High,Master,Urban,59.53,2.58,80.08,65.87,Low,0.97,0.71,0,2.35,High,Moderate,Group Study,Daily,4,Excellent,6.44,Fair,3.78,4.09,Occasionally,10,High,1,Dedicated,Moderate,8.29,Medium,13,86,46,84.95,9.49,58.98,D,Pass,Low
STU_001253,20,Female,High School,Public,Middle,High School,Suburban,79.34,3.01,90.84,64.62,High,2.15,1.88,1,1.01,High,Moderate,Summarizing,Daily,3,Average,5.12,Good,6.02,0.79,Rarely,10,High,1,Dedicated,Low,0.24,Easy,10,92,53,93.49,10.0,56.72,D,Pass,Low
STU_001254,14,Male,High School,Charter,Low,High School,Suburban,66.82,2.76,81.63,60.37,Medium,1.3,0.67,0,0.04,High,Moderate,Self-Reading,Rarely,6,Average,4.87,Poor,2.0,2.28,Rarely,10,High,1,Shared,Low,1.22,Hard,5,97,56,88.21,10.0,55.86,D,Pass,Low
STU_001255,18,Female,High School,Public,Middle,Bachelor,Rural,78.58,3.08,99.9,81.69,Medium,1.44,1.07,0,5.33,High,Noisy,Summarizing,Weekly,8,Poor,6.19,Fair,3.46,2.0,Occasionally,10,High,1,Dedicated,High,0.48,Easy,13,89,88,69.35,10.0,97.02,A,Pass,High
STU_001256,19,Female,High School,Public,Middle,Bachelor,Suburban,62.54,2.51,82.18,71.6,Medium,1.02,0.6,0,1.48,Medium,Quiet,Self-Reading,Weekly,3,Average,7.48,Fair,6.46,4.27,Frequently,10,Low,1,Dedicated,Moderate,2.07,Medium,10,98,48,77.49,10.0,48.12,F,Fail,Low
STU_001257,17,Male,High School,Private,Lower-Middle,High School,Urban,69.0,2.84,78.13,56.46,Medium,5.88,3.47,0,0.61,Medium,Moderate,Flashcards,Weekly,10,Excellent,8.26,Fair,6.07,0.08,Rarely,10,Medium,1,Dedicated,Low,0.23,Medium,3,85,42,86.47,10.0,47.81,F,Fail,Low
STU_001258,17,Male,High School,Public,Lower-Middle,Bachelor,Urban,71.92,2.86,94.06,93.43,High,3.16,2.62,0,0.77,Medium,Moderate,Flashcards,Weekly,7,Average,7.84,Fair,1.06,2.22,Frequently,10,Medium,1,Dedicated,Low,12.1,Medium,23,91,58,91.7,8.16,64.07,D,Pass,Medium
STU_001259,15,Male,High School,Public,Low,Bachelor,Urban,71.22,3.04,73.68,56.01,Low,2.5,1.74,0,1.89,Medium,Moderate,Self-Reading,Weekly,3,Average,6.37,Fair,5.38,1.83,Rarely,8,Low,1,Shared,Moderate,2.16,Hard,1,86,45,94.69,6.33,52.16,D,Pass,Low
STU_001260,19,Male,High School,Private,Lower-Middle,Associate,Rural,91.24,3.86,87.89,74.19,High,4.8,2.87,0,3.23,High,Quiet,Flashcards,Rarely,6,,7.76,Good,5.01,1.78,Frequently,10,High,1,Dedicated,High,1.26,Medium,7,98,75,84.32,9.37,78.36,B,Pass,Medium
STU_001261,18,Male,High School,Public,Middle,Bachelor,Urban,76.47,2.93,77.3,71.6,Medium,3.18,1.97,0,1.85,Low,Quiet,Flashcards,Weekly,5,Average,9.26,Good,6.62,4.55,Occasionally,10,Low,1,Shared,High,1.32,Medium,23,99,71,,9.69,75.0,B,Pass,Medium
STU_001262,16,Female,Undergraduate,Charter,Middle,Associate,Rural,59.35,2.41,79.91,55.88,High,0.84,0.44,0,0.34,Medium,Noisy,Summarizing,Weekly,4,Average,6.41,Good,5.7,3.06,Occasionally,10,Medium,1,Shared,Moderate,11.9,Medium,17,90,44,88.74,10.0,50.18,D,Pass,Low
STU_001263,14,Female,Undergraduate,Private,Lower-Middle,High School,Suburban,74.56,2.84,71.96,68.05,Medium,5.36,4.54,1,10.26,Medium,Moderate,Practice Tests,Daily,6,Average,5.33,Fair,3.77,1.12,Frequently,10,Low,1,Dedicated,High,2.53,Easy,6,85,57,85.12,10.0,67.62,C,Pass,Medium
STU_001264,15,Female,High School,Public,Upper-Middle,Bachelor,Urban,72.03,3.03,,69.79,Medium,1.54,1.29,0,3.09,Low,Quiet,Self-Reading,Daily,2,Average,7.5,Fair,5.88,0.16,Occasionally,10,Medium,1,Dedicated,Low,0.93,Medium,26,86,42,60.69,10.0,52.54,D,Pass,Low
STU_001265,17,Female,Undergraduate,Private,Low,High School,Rural,56.04,1.84,,78.25,Medium,1.55,1.19,0,0.13,Medium,Quiet,Flashcards,Daily,3,,6.09,Excellent,5.74,4.49,Occasionally,10,Low,1,Shared,Moderate,0.99,Medium,21,96,47,,10.0,50.55,D,Pass,Low
STU_001266,16,Female,Undergraduate,Charter,Middle,High School,Suburban,51.74,,99.21,79.17,High,0.88,0.64,0,1.65,Low,Moderate,Practice Tests,Weekly,5,,7.31,Poor,7.11,3.76,Occasionally,10,High,1,Dedicated,Low,1.38,Easy,3,100,47,95.49,10.0,45.11,F,Fail,Low
STU_001267,16,Male,Undergraduate,Public,Lower-Middle,Associate,Urban,68.77,2.65,81.6,63.39,High,1.43,0.78,1,0.97,Low,Noisy,Practice Tests,Weekly,10,Excellent,6.7,,4.16,0.95,Occasionally,8,Medium,1,Dedicated,Moderate,3.72,Easy,20,87,49,78.22,7.94,58.29,D,Pass,Low
STU_001268,14,Male,High School,Public,High,Bachelor,Suburban,58.61,2.14,80.55,100.0,Low,6.75,3.98,1,2.99,Medium,Noisy,Flashcards,Weekly,5,,6.55,Excellent,7.57,1.01,Frequently,10,High,1,Shared,Low,2.59,Easy,16,91,61,,10.0,69.8,C,Pass,Medium
STU_001269,19,Female,High School,Private,Lower-Middle,Bachelor,Urban,69.51,2.78,72.58,57.24,Medium,3.72,3.2,0,0.32,Medium,Quiet,Practice Tests,Weekly,4,Poor,8.99,Good,4.32,2.95,Occasionally,8,High,1,Dedicated,Moderate,0.33,Easy,7,85,64,91.04,8.56,81.7,B,Pass,High
STU_001270,17,Male,High School,Public,Lower-Middle,High School,Urban,50.02,,90.1,80.65,Medium,2.83,1.56,0,0.81,Low,Quiet,Practice Tests,Weekly,3,Poor,7.11,Fair,6.95,1.6,Occasionally,10,Low,0,Dedicated,Low,6.48,Hard,7,95,42,75.66,8.6,45.0,F,Fail,Low
STU_001271,18,Female,High School,Private,High,Bachelor,Urban,88.11,3.61,74.66,73.93,Medium,1.83,1.04,0,4.71,Medium,Quiet,Summarizing,Weekly,7,,9.08,Good,3.85,5.87,Frequently,10,Medium,1,Dedicated,Moderate,1.23,Medium,12,86,67,74.38,10.0,76.64,B,Pass,Medium
STU_001272,16,Female,Undergraduate,Public,Lower-Middle,Bachelor,Urban,56.72,,94.72,89.98,Medium,6.87,3.78,0,3.61,Low,Moderate,Summarizing,Daily,6,Average,6.7,Good,7.01,0.33,Occasionally,10,Low,1,Dedicated,Low,1.98,Medium,15,95,64,62.78,8.87,69.47,C,Pass,Medium
STU_001273,14,Male,Undergraduate,Public,Upper-Middle,Bachelor,Rural,64.1,2.42,77.7,70.33,High,2.42,1.91,0,1.51,Medium,Quiet,Summarizing,Rarely,4,Excellent,7.99,Good,6.91,0.81,Occasionally,10,Low,1,Dedicated,Moderate,3.94,Medium,9,94,56,67.96,10.0,60.71,D,Pass,Medium
STU_001274,18,Female,High School,Public,High,High School,Urban,70.25,2.84,80.72,77.58,High,3.14,2.67,0,2.28,High,Moderate,Summarizing,Daily,9,Excellent,7.24,Fair,5.12,8.3,Occasionally,10,Medium,1,Dedicated,Moderate,5.72,Medium,24,86,66,66.07,10.0,80.22,B,Pass,High
STU_001275,19,Female,High School,Private,Upper-Middle,Master,Urban,61.64,2.59,81.57,52.16,Low,2.32,2.07,0,0.65,Medium,Quiet,Flashcards,Weekly,3,Average,8.51,Good,2.98,0.63,Frequently,9,Medium,1,Shared,Moderate,0.01,Medium,24,100,63,92.79,10.0,64.35,D,Pass,Medium
STU_001276,17,Male,High School,Public,Lower-Middle,Bachelor,Urban,87.56,3.42,81.11,67.82,High,2.74,2.33,0,2.25,Medium,Quiet,Summarizing,Weekly,5,Excellent,8.0,Good,5.35,1.46,Rarely,10,Low,1,Dedicated,High,0.16,Medium,25,99,62,,8.62,61.44,D,Pass,Medium
STU_001277,19,Female,Undergraduate,Public,Low,Bachelor,Urban,71.46,2.6,75.87,69.43,High,3.7,2.41,0,2.64,Medium,Quiet,Flashcards,Weekly,3,Average,6.47,Fair,7.94,0.28,Frequently,10,Medium,1,Shared,Moderate,1.82,Easy,29,100,59,63.23,8.62,57.49,D,Pass,Low
STU_001278,16,Male,High School,Public,Middle,High School,Suburban,75.59,3.05,82.9,53.01,High,3.13,2.2,0,2.23,Low,Quiet,Summarizing,Weekly,9,Poor,7.58,Poor,5.11,1.35,Frequently,10,Medium,1,Dedicated,Moderate,13.0,Medium,25,92,62,70.89,9.19,69.18,C,Pass,Medium
STU_001279,18,Male,Undergraduate,Public,Middle,Bachelor,Suburban,63.53,2.47,100.0,85.11,Medium,3.5,1.98,0,0.54,Medium,Quiet,Practice Tests,Rarely,10,Average,6.12,Good,6.46,4.74,Frequently,10,Medium,1,Shared,Moderate,0.25,Medium,2,85,40,78.06,10.0,45.52,F,Fail,Low
STU_001280,18,Female,High School,Private,Lower-Middle,Associate,Urban,62.66,2.68,81.93,51.17,Medium,0.84,0.55,0,1.39,Low,Noisy,Group Study,Weekly,4,Average,7.77,Good,5.45,1.58,Occasionally,10,Medium,1,Dedicated,Moderate,6.81,Medium,27,100,53,,10.0,53.76,D,Pass,Low
STU_001281,18,Female,High School,Public,Lower-Middle,Bachelor,Urban,64.04,2.68,81.27,59.91,Low,1.51,0.97,0,4.82,Low,Quiet,Summarizing,Rarely,4,Poor,4.43,Poor,5.16,0.31,Occasionally,10,Medium,1,Dedicated,High,2.5,Medium,17,97,42,73.57,10.0,46.2,F,Fail,Low
STU_001282,16,Male,Undergraduate,Public,Low,,Rural,65.34,2.61,69.88,32.84,Low,0.5,0.29,0,1.38,High,Noisy,Group Study,Weekly,5,Average,3.48,Excellent,4.02,3.15,Rarely,10,High,1,Dedicated,Low,3.82,Hard,18,91,46,72.98,10.0,53.88,D,Pass,Low
STU_001283,16,Male,High School,Charter,Low,,Rural,76.15,2.95,88.57,97.17,Medium,3.18,2.51,0,2.85,High,Moderate,Self-Reading,Weekly,10,,6.87,Excellent,3.16,0.75,Occasionally,10,Medium,1,Dedicated,Moderate,4.32,Medium,20,93,79,91.69,9.55,84.28,B,Pass,High
STU_001284,19,Male,Undergraduate,Public,Lower-Middle,,Urban,44.81,1.99,83.77,55.33,Medium,5.27,4.47,0,2.53,Medium,Quiet,Flashcards,Weekly,11,Excellent,4.5,Good,6.58,0.32,Occasionally,9,High,1,Dedicated,Low,0.31,Hard,14,86,47,50.82,10.0,53.73,D,Pass,Low
STU_001285,15,Male,Undergraduate,Public,Low,High School,Urban,65.43,,91.25,69.78,Medium,4.12,2.36,0,1.05,High,Quiet,Self-Reading,Weekly,7,Average,5.46,Good,5.29,0.22,Occasionally,10,High,1,Dedicated,Moderate,0.46,Medium,12,97,49,80.65,10.0,48.08,F,Fail,Low
STU_001286,19,Female,High School,Public,Middle,High School,Suburban,58.21,2.7,96.82,89.94,Medium,6.84,4.79,0,0.9,Low,Moderate,Self-Reading,Daily,5,Poor,8.63,Fair,5.45,0.93,Occasionally,10,Low,1,Shared,Moderate,2.58,Easy,12,87,70,83.8,8.28,82.16,B,Pass,High
STU_001287,17,Female,High School,Private,Middle,Bachelor,Suburban,64.46,2.3,88.32,57.56,Low,2.24,1.68,0,0.29,Low,Noisy,Group Study,Daily,10,Average,8.67,Poor,6.72,1.48,Rarely,10,Medium,1,Dedicated,Moderate,1.11,Medium,2,99,73,100.0,8.87,72.74,C,Pass,Medium
STU_001288,14,Female,High School,Private,Low,High School,Urban,62.5,2.5,82.96,80.84,Medium,5.68,4.75,1,0.6,Medium,Quiet,Practice Tests,Weekly,4,Average,7.58,Fair,4.34,6.07,Occasionally,10,High,1,Dedicated,Low,0.03,Hard,8,91,40,62.79,8.01,45.1,F,Fail,Low
STU_001289,18,Female,Undergraduate,Public,High,Master,Urban,73.93,3.11,81.67,56.99,Medium,1.84,1.62,0,2.33,Medium,Moderate,Flashcards,Daily,7,,5.68,Excellent,4.01,0.49,Frequently,10,Medium,1,Dedicated,Moderate,9.94,Hard,2,85,45,71.58,10.0,53.56,D,Pass,Low
STU_001290,15,Female,High School,Private,Middle,Associate,Urban,72.36,2.83,80.81,78.38,Low,2.19,1.5,0,3.56,Medium,Quiet,Self-Reading,Weekly,3,Average,7.66,Good,5.75,0.52,Frequently,10,Low,1,Dedicated,Moderate,0.48,Medium,1,90,49,100.0,6.14,52.74,D,Pass,Low
STU_001291,14,Female,High School,Public,Middle,Master,Rural,61.24,,91.53,68.83,High,1.26,0.66,1,3.15,High,Noisy,Group Study,Weekly,6,Poor,5.51,Fair,6.22,1.01,Occasionally,8,Medium,1,Shared,High,2.25,Hard,6,90,39,83.49,6.93,43.45,F,Fail,Low
STU_001292,15,Male,High School,Public,Middle,Bachelor,Suburban,83.68,3.07,79.59,80.76,Medium,4.41,2.21,0,3.82,High,Noisy,Summarizing,Rarely,4,Average,8.67,Good,4.78,0.25,Frequently,10,High,1,Dedicated,Moderate,4.54,Hard,18,95,53,64.48,9.27,56.86,D,Pass,Low
STU_001293,20,Female,Undergraduate,Charter,Middle,Master,Suburban,55.16,1.97,98.34,79.52,Medium,2.79,1.79,0,0.29,Medium,Quiet,Practice Tests,Weekly,7,Poor,4.52,Fair,6.17,0.2,Frequently,9,Medium,1,Dedicated,High,8.38,Easy,29,95,68,100.0,6.61,70.14,C,Pass,Medium
STU_001294,19,Female,High School,Public,Upper-Middle,Bachelor,Urban,63.07,2.5,94.44,65.21,Medium,1.92,1.01,0,0.43,Medium,Noisy,Flashcards,Daily,4,Average,8.27,Fair,5.53,0.36,Occasionally,6,Medium,1,Dedicated,Low,2.43,Hard,16,88,37,100.0,7.22,43.38,F,Fail,Low
STU_001295,16,Male,High School,Private,Lower-Middle,Bachelor,Rural,67.43,2.61,72.03,59.43,Medium,1.59,0.91,0,2.97,Medium,Quiet,Group Study,Rarely,3,Average,7.25,Good,5.53,5.83,Occasionally,10,Medium,1,Dedicated,Moderate,0.64,Hard,8,89,35,100.0,10.0,38.11,F,Fail,Low
STU_001296,18,Female,High School,Private,Low,Doctorate,Suburban,71.19,2.72,85.96,67.16,High,2.45,1.59,0,0.93,Low,Noisy,Practice Tests,Weekly,9,Poor,5.86,Excellent,5.79,2.31,Occasionally,10,High,1,Dedicated,Low,5.15,Hard,18,95,45,82.25,10.0,47.94,F,Fail,Low
STU_001297,19,Female,High School,Private,Middle,Associate,Urban,96.04,4.0,72.69,54.18,High,3.26,2.74,0,1.3,Medium,Quiet,Flashcards,Daily,4,Poor,5.2,Good,5.39,3.15,Occasionally,10,Medium,1,Dedicated,Low,5.11,Medium,28,88,52,,8.69,61.16,D,Pass,Medium
STU_001298,14,Female,High School,Private,Low,Bachelor,Urban,44.06,1.64,82.86,92.74,Low,6.17,3.81,1,1.26,Medium,Quiet,Practice Tests,Daily,9,Excellent,6.1,Fair,3.56,0.3,Frequently,7,Medium,1,Dedicated,Moderate,2.67,Medium,12,96,53,80.57,6.02,55.49,D,Pass,Low
STU_001299,20,Male,Undergraduate,Private,Upper-Middle,Associate,Urban,44.54,1.75,85.83,67.66,Low,3.27,2.62,0,3.12,Medium,Moderate,Flashcards,Daily,4,Average,8.21,Excellent,4.64,0.18,Rarely,7,High,1,Dedicated,Low,1.09,Medium,14,85,44,70.93,7.16,52.07,D,Pass,Low
STU_001300,20,Female,Undergraduate,Private,Lower-Middle,Bachelor,Rural,54.95,2.15,94.52,74.19,High,2.43,1.92,1,1.81,Medium,Moderate,Flashcards,Weekly,4,Poor,5.95,,6.36,1.95,Frequently,8,High,1,Dedicated,High,0.37,Easy,5,94,55,72.22,8.81,55.4,D,Pass,Low
STU_001301,20,Female,Undergraduate,Private,Middle,Bachelor,Suburban,76.46,3.11,83.76,59.2,Medium,2.38,1.45,1,3.81,Low,Noisy,Self-Reading,Weekly,5,Average,6.7,Excellent,5.39,0.26,Occasionally,10,High,1,Dedicated,Low,1.03,Hard,4,91,44,67.69,9.62,48.79,F,Fail,Low
STU_001302,14,Male,High School,Charter,High,Master,Rural,82.88,3.55,83.06,60.47,High,3.31,2.15,0,1.03,Medium,Noisy,Group Study,Weekly,3,Average,7.25,Excellent,3.54,1.05,Occasionally,10,Low,1,Dedicated,Low,0.7,Medium,1,95,55,100.0,10.0,56.64,D,Pass,Low
STU_001303,14,Male,High School,Public,Middle,High School,Urban,69.81,2.91,87.93,69.55,Medium,5.55,2.85,0,3.63,High,Moderate,Practice Tests,Rarely,1,Average,8.11,Poor,5.59,12.0,Rarely,7,Low,1,Dedicated,Moderate,10.21,Medium,19,86,78,,9.22,89.5,A,Pass,High
STU_001304,14,Female,Undergraduate,Public,Lower-Middle,Associate,Suburban,69.45,2.7,,80.53,Medium,5.59,3.54,1,0.49,High,Quiet,Flashcards,Weekly,9,,6.36,Good,6.55,1.22,Frequently,7,Low,1,Dedicated,Moderate,1.47,Medium,16,98,92,80.05,6.97,94.78,A,Pass,High
STU_001305,14,Female,High School,Public,Lower-Middle,Master,Rural,64.92,2.87,100.0,89.65,Medium,4.75,2.88,0,1.95,Medium,Quiet,Practice Tests,Daily,7,Average,5.51,Good,5.97,3.98,Occasionally,9,Medium,1,Shared,Moderate,0.02,Medium,22,94,76,74.35,9.32,77.25,B,Pass,Medium
STU_001306,20,Female,Undergraduate,Public,Low,High School,Urban,67.46,2.86,88.51,71.31,High,3.91,2.22,1,6.19,Medium,Quiet,Group Study,Weekly,5,Poor,6.05,Poor,4.95,0.74,Occasionally,9,Low,1,Dedicated,Low,1.67,Hard,8,90,53,60.38,6.36,58.56,D,Pass,Low
STU_001307,20,Female,High School,Public,Low,Associate,Suburban,58.08,2.22,88.7,82.32,Medium,2.93,2.14,0,1.62,Medium,Quiet,Group Study,Weekly,5,Average,6.68,Excellent,5.16,1.18,Occasionally,10,Medium,1,Dedicated,Low,2.88,Easy,4,87,51,58.17,10.0,61.53,D,Pass,Medium
STU_001308,15,Male,Undergraduate,Private,Low,High School,Urban,69.9,2.71,89.17,49.31,Low,1.68,0.97,0,0.69,High,Quiet,Self-Reading,Weekly,6,Excellent,3.53,Fair,9.85,1.39,Occasionally,10,Medium,1,Dedicated,High,0.71,Hard,27,96,48,100.0,8.89,49.37,F,Fail,Low
STU_001309,19,Male,Undergraduate,Private,Upper-Middle,Associate,Suburban,63.27,2.42,85.12,69.22,Low,3.04,2.26,0,0.07,Medium,Quiet,Practice Tests,Rarely,4,Average,7.67,Fair,2.72,1.82,Occasionally,10,Medium,1,Dedicated,Moderate,0.98,Hard,3,100,36,,9.38,36.28,F,Fail,Low
STU_001310,18,Male,Undergraduate,Public,Upper-Middle,Associate,Urban,69.3,,100.0,90.85,Medium,5.7,3.46,0,0.2,Medium,Noisy,Self-Reading,Rarely,3,Excellent,6.79,Good,5.93,1.75,Occasionally,8,Medium,1,Dedicated,Low,2.16,Medium,1,88,58,79.07,7.14,65.84,C,Pass,Medium
STU_001311,16,Female,High School,Public,Middle,Associate,Rural,79.69,2.93,80.32,63.18,Medium,1.75,1.28,1,4.69,Medium,Quiet,Self-Reading,Rarely,2,Poor,5.65,Poor,5.68,4.67,Occasionally,10,Low,1,Shared,Low,1.02,Easy,1,95,40,70.52,10.0,42.71,F,Fail,Low
STU_001312,20,Male,High School,Private,Lower-Middle,Bachelor,Urban,89.92,3.5,99.31,66.55,Low,2.32,1.7,0,0.26,Medium,Quiet,Flashcards,Weekly,2,Excellent,7.97,Fair,4.43,2.38,Occasionally,10,Low,1,Dedicated,Low,0.5,Medium,27,96,74,88.08,7.34,76.69,B,Pass,Medium
STU_001313,16,Male,High School,Public,Middle,Doctorate,Rural,64.37,2.32,85.66,81.98,Low,5.04,4.35,1,0.04,Low,Quiet,Summarizing,Weekly,7,Poor,7.81,Fair,5.01,8.28,Frequently,7,Low,1,Dedicated,Moderate,1.36,Hard,23,86,62,,6.19,70.51,C,Pass,Medium
STU_001314,19,Male,High School,Public,Low,Bachelor,Rural,83.71,3.44,79.24,77.79,Low,1.51,0.79,0,1.08,Medium,Moderate,Practice Tests,Weekly,5,Poor,8.07,Fair,5.1,1.69,Frequently,7,High,1,Shared,High,4.34,Medium,15,97,60,,7.04,61.69,D,Pass,Medium
STU_001315,19,Male,Undergraduate,Public,Lower-Middle,Bachelor,Urban,71.39,2.97,96.12,76.72,Medium,2.92,1.88,0,0.54,Medium,Moderate,Summarizing,Daily,5,Average,7.62,Poor,7.41,4.52,Rarely,10,Medium,1,Shared,Moderate,5.99,Easy,28,94,71,94.9,9.86,75.46,B,Pass,Medium
STU_001316,16,Male,High School,Public,Middle,Bachelor,Rural,72.36,3.1,84.83,67.9,Medium,1.92,1.13,0,0.05,Medium,Moderate,Summarizing,Rarely,9,Poor,6.03,Good,5.6,3.33,Occasionally,9,High,1,Shared,Low,1.76,Medium,6,96,46,54.28,8.49,49.09,F,Fail,Low
STU_001317,20,Female,High School,Private,Low,Doctorate,Urban,63.55,2.46,83.23,80.05,Medium,4.85,2.49,1,2.39,Low,Moderate,Practice Tests,Weekly,5,Average,7.48,Good,2.93,1.39,Frequently,10,High,1,Shared,High,0.32,Hard,1,100,51,81.35,9.73,48.32,F,Fail,Low
STU_001318,16,Male,Undergraduate,Private,Lower-Middle,High School,Suburban,51.07,1.9,89.3,100.0,Medium,6.09,4.71,0,0.12,Medium,Quiet,Summarizing,Weekly,7,Average,7.03,Good,5.69,5.92,Occasionally,10,High,1,Dedicated,Moderate,2.92,Easy,3,97,56,100.0,10.0,57.33,D,Pass,Low
STU_001319,15,Male,Undergraduate,Public,Upper-Middle,Bachelor,Urban,71.35,2.69,78.28,71.57,High,4.29,2.59,1,2.81,Low,Quiet,Self-Reading,Rarely,8,Average,8.64,Fair,3.06,3.25,Occasionally,10,Medium,1,Dedicated,Moderate,9.21,Medium,4,93,49,83.63,8.06,51.7,D,Pass,Low
STU_001320,17,Female,Undergraduate,Private,Low,Bachelor,Rural,63.3,2.48,80.42,84.97,High,2.45,1.96,1,3.15,Medium,Moderate,Flashcards,Weekly,4,Poor,6.95,Fair,6.55,0.79,Occasionally,10,Medium,1,Dedicated,Low,1.38,Hard,1,95,19,72.89,9.57,17.6,F,Fail,Low
STU_001321,20,Male,Undergraduate,Private,Lower-Middle,High School,Rural,87.72,3.35,88.37,83.19,High,3.92,3.19,0,1.17,Medium,Moderate,Flashcards,Weekly,8,Average,6.23,Poor,2.19,1.52,Occasionally,10,Low,0,Dedicated,Low,8.43,Easy,26,91,87,57.19,10.0,93.76,A,Pass,High
STU_001322,20,Female,Undergraduate,Private,Upper-Middle,Master,Urban,88.13,3.55,90.89,94.79,Low,10.55,8.76,0,2.22,Medium,Moderate,Flashcards,Weekly,5,Poor,9.14,Good,2.91,2.18,Rarely,10,Medium,1,Shared,Low,3.36,Hard,17,95,80,93.2,10.0,84.91,B,Pass,High
STU_001323,18,Male,High School,Private,High,Master,Rural,73.22,3.07,96.44,59.28,Low,2.31,1.78,0,3.26,Medium,Quiet,Flashcards,Weekly,1,Average,8.69,Good,2.86,1.68,Occasionally,10,Medium,1,Shared,High,0.78,Hard,22,99,70,,8.34,70.09,C,Pass,Medium
STU_001324,14,Male,High School,Private,Low,Bachelor,Urban,82.94,3.31,89.33,80.24,High,2.75,1.62,0,2.52,Medium,Quiet,Self-Reading,Rarely,4,Average,5.49,Excellent,5.35,1.12,Frequently,8,Medium,0,Dedicated,Low,7.72,Hard,3,97,65,93.56,7.9,66.86,C,Pass,Medium
STU_001325,17,Female,High School,Public,Lower-Middle,Bachelor,Urban,84.14,3.51,,68.43,Medium,0.5,0.25,0,2.14,High,Quiet,Group Study,Rarely,3,Excellent,7.59,Fair,5.95,1.32,Frequently,10,Low,0,Dedicated,Moderate,0.6,Medium,30,89,55,84.91,9.59,61.83,D,Pass,Medium
STU_001326,19,Male,High School,Charter,Lower-Middle,Associate,Suburban,57.36,2.24,79.08,75.4,Medium,8.56,5.8,0,0.2,Low,Quiet,Practice Tests,Daily,4,Average,4.97,Fair,1.0,1.77,Occasionally,10,Medium,1,Dedicated,Low,0.46,Medium,12,91,50,71.87,10.0,56.03,D,Pass,Low
STU_001327,20,Male,High School,Public,Middle,High School,Urban,73.53,3.04,83.75,100.0,High,7.46,4.14,0,4.1,High,Quiet,Flashcards,Daily,5,Average,6.08,Fair,5.5,3.25,Occasionally,9,High,1,Shared,Moderate,3.35,Hard,14,96,96,,9.72,97.61,A,Pass,High
STU_001328,16,Male,High School,Private,Middle,Bachelor,Urban,52.82,1.99,77.58,46.43,Low,0.5,0.41,0,2.22,Low,Moderate,Flashcards,Weekly,3,Average,6.28,Good,4.06,2.94,Occasionally,10,High,1,Shared,Moderate,0.19,Medium,24,91,44,79.44,10.0,51.28,D,Pass,Low
STU_001329,17,Male,Undergraduate,Private,Low,High School,Urban,88.79,3.68,66.72,67.15,Low,3.83,3.0,0,0.67,Medium,Moderate,Self-Reading,Weekly,4,Poor,6.44,Good,3.87,0.32,Rarely,10,Low,1,Dedicated,Moderate,0.86,Easy,11,89,68,60.08,10.0,76.39,B,Pass,Medium
STU_001330,18,Female,High School,Public,Middle,Bachelor,Rural,70.97,2.84,100.0,78.9,Medium,3.32,2.09,1,4.23,Low,Noisy,Summarizing,Rarely,4,Average,8.3,Good,8.57,2.63,Occasionally,10,Medium,1,Dedicated,Moderate,7.51,Hard,5,99,55,100.0,9.33,56.98,D,Pass,Low
STU_001331,19,Male,High School,Public,Middle,High School,Urban,69.65,2.94,88.14,82.3,High,3.2,1.82,0,1.87,Medium,Noisy,Self-Reading,Weekly,7,Poor,8.23,Good,1.89,1.85,Occasionally,10,High,1,Dedicated,Low,2.69,Easy,23,96,56,92.21,10.0,57.23,D,Pass,Low
STU_001332,14,Male,Undergraduate,Private,Low,Bachelor,Urban,68.48,2.58,89.36,64.99,Medium,2.14,1.09,0,2.96,Medium,Quiet,Practice Tests,Weekly,3,Poor,6.21,Fair,7.11,1.34,Frequently,10,Medium,1,Dedicated,Moderate,1.49,Easy,9,99,44,65.77,10.0,47.21,F,Fail,Low
STU_001333,14,Male,High School,Public,Lower-Middle,High School,Suburban,71.05,2.7,82.76,73.69,High,3.1,2.35,1,0.27,Medium,Noisy,Flashcards,Weekly,7,Average,4.7,Good,4.29,0.24,Occasionally,10,Low,1,Dedicated,Low,0.81,Medium,14,94,55,65.72,7.72,57.25,D,Pass,Low
STU_001334,18,Female,High School,Private,Lower-Middle,High School,Suburban,46.71,1.84,92.88,78.97,Low,0.78,0.51,0,1.57,High,Quiet,Group Study,Weekly,7,Average,6.22,Good,4.04,4.59,Occasionally,10,High,0,Dedicated,High,6.05,Easy,15,95,50,67.83,10.0,53.13,D,Pass,Low
STU_001335,18,Female,Undergraduate,Public,High,Associate,Suburban,78.96,3.49,90.61,85.84,Low,6.35,3.32,0,0.15,Medium,Noisy,Practice Tests,Daily,8,Average,5.59,Fair,1.19,0.45,Rarely,10,Medium,1,Dedicated,Low,3.36,Medium,21,92,82,99.91,10.0,85.26,A,Pass,High
STU_001336,16,Male,High School,Charter,Lower-Middle,Master,Suburban,59.57,2.52,88.72,100.0,Medium,3.7,2.59,1,0.38,Medium,Quiet,Self-Reading,Daily,7,Average,9.68,Fair,4.16,2.14,Occasionally,10,Medium,0,Dedicated,Low,0.91,Hard,12,87,28,93.17,10.0,33.53,F,Fail,Low
STU_001337,20,Male,High School,Public,Upper-Middle,,Suburban,71.32,2.66,68.99,74.26,Medium,5.66,4.96,0,1.23,Medium,Quiet,Group Study,Weekly,9,,5.22,Poor,3.82,1.02,Occasionally,10,Low,1,Shared,Low,2.53,Easy,13,95,50,100.0,10.0,54.91,D,Pass,Low
STU_001338,14,Male,Undergraduate,Public,Middle,Master,Urban,97.54,3.74,89.24,85.9,Medium,3.28,2.22,1,1.98,Medium,Quiet,Flashcards,Weekly,5,Poor,5.5,Good,5.88,4.99,Frequently,10,High,1,Dedicated,High,0.73,Hard,10,96,76,100.0,10.0,78.53,B,Pass,Medium
STU_001339,19,Female,High School,Public,High,High School,Suburban,66.57,2.41,77.04,60.54,High,0.99,0.63,0,0.75,Medium,Quiet,Practice Tests,Daily,3,Poor,5.15,Fair,5.28,0.67,Frequently,10,High,1,Dedicated,High,0.38,Medium,20,96,36,91.53,10.0,38.1,F,Fail,Low
STU_001340,17,Male,Undergraduate,Public,Low,Bachelor,Suburban,68.49,2.79,68.28,62.83,Medium,1.86,1.62,1,4.3,Low,Quiet,Summarizing,Weekly,8,,6.19,Excellent,6.06,0.73,Occasionally,9,Medium,1,Dedicated,High,4.27,Medium,18,99,49,,8.03,47.55,F,Fail,Low
STU_001341,19,Female,High School,Public,Middle,,Urban,76.01,,,55.15,Low,3.11,2.32,0,3.15,Medium,Quiet,Group Study,Weekly,10,Average,6.59,Fair,4.02,0.23,Frequently,10,Low,1,Dedicated,High,4.91,Hard,4,90,56,86.85,8.7,62.23,D,Pass,Medium
STU_001342,15,Male,High School,Public,Lower-Middle,High School,Urban,50.2,2.01,82.41,64.88,High,2.76,2.04,1,0.58,Medium,Noisy,Group Study,Weekly,11,Poor,5.61,Fair,4.54,2.73,Occasionally,10,High,1,Shared,Low,2.9,Medium,6,92,30,58.75,8.38,34.05,F,Fail,Low
STU_001343,15,Female,High School,Private,Lower-Middle,Doctorate,Urban,82.76,3.23,69.05,51.37,Medium,4.31,2.55,0,2.67,High,Quiet,Self-Reading,Rarely,10,Average,7.62,Fair,6.01,1.59,Occasionally,10,Medium,1,Dedicated,Low,0.13,Medium,2,94,55,77.91,9.18,58.56,D,Pass,Low
STU_001344,18,Male,High School,Public,Middle,Associate,Suburban,70.13,2.69,90.59,68.17,Medium,5.82,4.22,0,0.98,Medium,Quiet,Practice Tests,Weekly,3,,5.7,Good,5.75,1.13,Frequently,8,High,1,Dedicated,Low,1.97,Easy,4,96,64,63.19,8.12,68.97,C,Pass,Medium
STU_001345,16,Male,Undergraduate,Public,High,Bachelor,Suburban,72.1,,98.76,89.4,Low,6.73,3.7,0,3.31,Medium,Quiet,Group Study,Rarely,8,Average,9.36,Fair,3.57,7.57,Rarely,7,Medium,1,Dedicated,Low,3.67,Medium,18,86,83,76.85,4.14,94.57,A,Pass,High
STU_001346,15,Male,Undergraduate,Private,Low,Associate,Urban,74.97,3.03,86.91,82.54,Medium,6.74,3.55,0,0.44,Low,Quiet,Self-Reading,Daily,7,Excellent,6.02,Fair,3.71,0.42,Occasionally,10,High,1,Dedicated,High,3.81,Medium,2,89,59,90.74,8.29,69.15,C,Pass,Medium
STU_001347,14,Male,Undergraduate,Public,Low,Bachelor,Rural,63.78,2.52,88.54,71.98,High,2.09,1.43,1,2.3,Low,Quiet,Group Study,Weekly,2,Average,5.8,Good,4.8,0.92,Frequently,10,Medium,1,Dedicated,Low,11.45,Medium,8,96,47,77.9,10.0,49.31,F,Fail,Low
STU_001348,19,Male,High School,Private,Upper-Middle,High School,Urban,85.83,3.22,89.31,59.41,Low,0.5,0.38,0,0.01,Medium,Moderate,Group Study,Daily,3,Average,5.77,Good,3.0,0.25,Occasionally,10,Medium,1,None,High,1.99,Easy,30,91,61,68.31,10.0,66.16,C,Pass,Medium
STU_001349,19,Female,High School,Public,Lower-Middle,High School,Suburban,50.68,2.09,76.57,53.04,Medium,1.31,0.85,0,1.21,Medium,Quiet,Practice Tests,Weekly,3,Average,7.66,Fair,3.98,2.34,Occasionally,9,Medium,0,Dedicated,Low,8.37,Easy,2,88,25,88.82,7.09,29.0,F,Fail,Low
STU_001350,18,Female,High School,Public,Low,Master,Suburban,64.2,2.56,85.42,59.69,Low,1.14,0.91,0,0.31,Low,Noisy,Group Study,Weekly,4,Average,8.07,Good,4.4,3.44,Rarely,10,Medium,1,Dedicated,Moderate,1.23,Hard,28,97,54,100.0,10.0,56.62,D,Pass,Low
STU_001351,20,Male,Undergraduate,Public,Middle,,Suburban,96.4,3.78,,59.51,Medium,2.89,1.91,1,4.15,Medium,Quiet,Self-Reading,Weekly,6,Poor,7.8,Excellent,4.41,1.84,Occasionally,10,High,1,Shared,Low,2.77,Medium,20,96,74,,10.0,77.54,B,Pass,Medium
STU_001352,20,Male,Undergraduate,Charter,Low,High School,Urban,71.71,2.73,93.16,77.88,Medium,0.52,0.45,1,1.19,High,Moderate,Flashcards,Weekly,4,,5.86,Fair,7.08,4.58,Frequently,10,Medium,1,Dedicated,High,0.28,Easy,26,88,52,59.7,10.0,59.3,D,Pass,Low
STU_001353,17,Male,High School,Charter,Low,High School,Rural,74.45,,73.66,72.01,High,6.07,3.3,0,0.48,Medium,Moderate,Practice Tests,Weekly,9,Average,6.67,Good,2.26,1.98,Occasionally,10,Medium,0,Dedicated,Moderate,3.81,Hard,8,91,53,67.29,10.0,60.77,D,Pass,Medium
STU_001354,18,Female,Undergraduate,Public,Low,High School,Suburban,30.05,1.24,85.87,65.75,Medium,1.73,1.55,0,0.16,High,Noisy,Summarizing,Weekly,2,Poor,5.73,Fair,5.87,0.47,Occasionally,9,Low,1,Dedicated,Moderate,7.36,Easy,14,97,30,,7.53,29.75,F,Fail,Low
STU_001355,17,Female,Undergraduate,Private,Low,Doctorate,Urban,60.98,2.59,,91.17,High,6.84,5.77,0,1.34,Medium,Noisy,Group Study,Weekly,10,Excellent,8.39,Fair,2.86,1.25,Rarely,10,Medium,1,Dedicated,Moderate,1.75,Medium,23,88,77,99.62,10.0,86.83,A,Pass,High
STU_001356,20,Female,High School,Public,Middle,High School,Urban,77.47,3.19,83.24,70.59,Medium,3.56,3.04,0,2.46,High,Noisy,Practice Tests,Weekly,5,Average,6.5,Poor,3.6,11.03,Occasionally,10,Medium,1,Dedicated,Moderate,3.28,Easy,27,87,56,66.22,8.55,62.94,D,Pass,Medium
STU_001357,18,Female,High School,Public,Low,Bachelor,Suburban,54.63,2.22,85.41,67.52,High,4.96,4.43,1,1.64,Low,Moderate,Flashcards,Weekly,5,Excellent,7.54,Good,4.79,2.82,Occasionally,9,High,1,Dedicated,High,0.29,Hard,5,98,54,94.18,6.84,54.1,D,Pass,Low
STU_001358,18,Male,Undergraduate,Private,Lower-Middle,High School,Urban,30.39,1.29,80.71,67.1,High,2.81,1.46,1,7.01,Medium,Quiet,Summarizing,Rarely,11,Average,7.17,Good,7.38,3.56,Occasionally,7,High,1,Dedicated,Low,0.29,Medium,24,100,40,67.3,7.34,41.22,F,Fail,Low
STU_001359,18,Male,High School,Public,Low,Bachelor,Suburban,70.56,2.95,76.55,70.07,Low,3.71,2.43,0,3.77,High,Moderate,Summarizing,Rarely,6,Average,6.3,Fair,3.95,1.38,Rarely,10,Medium,1,Shared,Low,8.48,Medium,20,88,71,,10.0,78.97,B,Pass,Medium
STU_001360,20,Male,Undergraduate,Public,High,High School,Suburban,73.5,3.13,90.18,87.81,Medium,3.38,2.33,1,4.51,Medium,Moderate,Practice Tests,Weekly,8,Average,5.4,Excellent,5.54,2.69,Frequently,10,High,1,Dedicated,Low,0.7,Medium,12,90,75,86.78,9.4,83.4,B,Pass,High
STU_001361,17,Female,High School,Private,Lower-Middle,Associate,Urban,63.92,2.37,,63.86,Medium,2.5,2.02,0,0.35,High,Quiet,Flashcards,Rarely,7,Poor,5.09,Good,3.61,0.43,Rarely,10,Low,1,Shared,Moderate,0.92,Medium,3,92,40,81.94,10.0,44.77,F,Fail,Low
STU_001362,17,Female,High School,Private,Middle,Bachelor,Rural,64.58,2.44,83.06,73.21,Medium,3.35,2.45,0,1.26,Medium,Noisy,Group Study,Daily,5,Average,3.92,Poor,3.44,6.96,Frequently,10,Medium,1,Dedicated,Moderate,0.64,Easy,9,86,45,60.76,10.0,53.87,D,Pass,Low
STU_001363,18,Female,High School,Public,Middle,High School,Rural,76.64,2.92,78.2,63.36,Medium,2.81,1.46,0,1.14,High,Moderate,Flashcards,Weekly,3,Poor,6.04,,4.09,2.87,Occasionally,10,High,1,Dedicated,Moderate,2.58,Medium,14,90,59,68.45,8.15,63.61,D,Pass,Medium
STU_001364,15,Female,Undergraduate,Private,Upper-Middle,High School,Urban,79.45,3.02,95.32,64.71,Low,2.47,1.68,1,0.85,Medium,Noisy,Flashcards,Rarely,7,Excellent,6.86,,4.56,3.35,Frequently,10,High,1,Dedicated,Low,1.36,Medium,16,92,81,94.9,10.0,87.73,A,Pass,High
STU_001365,16,Female,High School,Public,Middle,High School,Urban,67.87,2.57,78.4,50.84,Medium,0.73,0.41,0,3.02,Medium,Noisy,Flashcards,Weekly,10,Excellent,7.03,Fair,3.9,0.42,Occasionally,10,High,1,Dedicated,Low,1.41,Medium,5,95,43,82.38,10.0,46.76,F,Fail,Low
STU_001366,20,Male,High School,Public,Lower-Middle,High School,Suburban,56.93,2.16,99.9,88.6,Low,3.37,2.62,0,0.31,Medium,Moderate,Flashcards,Daily,7,Excellent,8.44,Good,8.31,6.22,Occasionally,10,Medium,1,Dedicated,Low,1.19,Easy,26,92,71,81.6,8.86,77.74,B,Pass,Medium
STU_001367,16,Male,Undergraduate,Public,Middle,Bachelor,Suburban,69.85,2.72,86.14,76.07,High,4.51,2.88,0,0.26,High,Quiet,Practice Tests,Weekly,3,Average,7.88,Excellent,4.32,0.67,Frequently,10,Low,1,Shared,Low,6.68,Medium,4,94,62,56.89,10.0,63.49,D,Pass,Medium
STU_001368,16,Male,Undergraduate,Public,Low,Bachelor,Rural,51.52,1.89,84.76,63.99,Medium,1.12,0.58,1,1.94,High,Moderate,Group Study,Weekly,7,Average,6.14,Poor,1.0,2.89,Occasionally,10,High,1,Dedicated,Low,0.39,Medium,5,89,41,100.0,9.85,44.02,F,Fail,Low
STU_001369,17,Male,Undergraduate,Private,Low,Bachelor,Urban,73.07,2.78,84.58,72.13,High,1.15,0.88,0,1.81,Low,Moderate,Practice Tests,Rarely,5,Average,6.53,Fair,3.74,1.83,Frequently,10,High,1,Dedicated,High,7.72,Medium,9,97,45,72.57,10.0,47.26,F,Fail,Low
STU_001370,17,Female,High School,Public,Lower-Middle,Bachelor,Suburban,69.26,2.78,,66.11,Medium,1.83,1.27,1,0.33,Medium,Quiet,Summarizing,Daily,2,Average,6.13,,6.86,12.0,Occasionally,9,High,1,Dedicated,Moderate,12.12,Hard,9,91,49,60.19,7.04,53.16,D,Pass,Low
STU_001371,15,Male,High School,Charter,Upper-Middle,Associate,Suburban,80.27,3.18,84.22,68.88,Medium,3.88,2.35,0,1.62,Medium,Quiet,Flashcards,Rarely,6,Average,7.32,Poor,4.34,11.32,Occasionally,10,Medium,1,Dedicated,Low,2.62,Medium,11,86,65,90.71,10.0,72.88,C,Pass,Medium
STU_001372,16,Female,Undergraduate,Private,Low,Bachelor,Suburban,53.12,2.04,97.89,47.01,High,2.11,1.84,1,0.89,Medium,Quiet,Self-Reading,Rarely,7,Excellent,7.34,Good,7.0,5.5,Frequently,10,Low,1,Dedicated,Moderate,0.24,Hard,15,97,44,99.24,8.87,46.36,F,Fail,Low
STU_001373,16,Female,High School,Private,Upper-Middle,Master,Urban,88.01,3.31,,69.95,Low,1.33,0.9,0,0.31,Low,Quiet,Self-Reading,Weekly,2,Average,6.31,Poor,6.15,1.89,Occasionally,7,Medium,1,Dedicated,Low,3.2,Easy,15,88,48,69.63,9.13,53.93,D,Pass,Low
STU_001374,18,Male,High School,Public,Middle,,Urban,73.57,2.99,86.66,59.52,Medium,2.53,1.77,0,1.16,Medium,Moderate,Flashcards,Weekly,4,Average,6.24,Fair,5.69,2.44,Occasionally,10,Low,1,Dedicated,High,0.87,Hard,30,87,46,75.75,10.0,52.97,D,Pass,Low
STU_001375,17,Male,High School,Public,Lower-Middle,Doctorate,Suburban,73.01,2.8,84.09,69.93,High,2.95,1.96,1,0.46,Medium,Quiet,Self-Reading,Daily,6,Average,7.8,Fair,4.17,0.45,Occasionally,8,Low,1,Shared,Low,4.58,Medium,22,87,62,66.99,10.0,70.83,C,Pass,Medium
STU_001376,16,Female,High School,Private,Lower-Middle,Master,Suburban,76.83,2.78,82.13,49.13,High,1.8,1.56,0,7.89,Medium,Quiet,Self-Reading,Daily,1,Average,6.32,Excellent,3.7,1.26,Occasionally,10,Low,1,Dedicated,High,0.09,Easy,30,93,59,90.82,10.0,60.81,D,Pass,Medium
STU_001377,19,Male,High School,Private,Upper-Middle,Associate,Suburban,62.75,2.46,96.9,85.38,Medium,4.8,4.05,1,0.42,Low,Quiet,Group Study,Daily,7,Average,7.16,Good,6.53,2.13,Frequently,9,Low,1,Shared,Moderate,1.21,Hard,22,86,47,67.54,9.93,57.84,D,Pass,Low
STU_001378,15,Female,Undergraduate,Public,Low,High School,Urban,59.36,2.46,97.93,68.93,Medium,1.5,1.17,1,5.34,High,Moderate,Summarizing,Daily,5,Average,6.24,Good,2.38,1.43,Occasionally,10,High,1,Dedicated,High,3.84,Easy,2,98,53,86.85,10.0,52.02,D,Pass,Low
STU_001379,19,Female,High School,Public,High,High School,Rural,56.66,2.1,80.45,84.32,Medium,3.77,2.93,0,7.79,Medium,Quiet,Self-Reading,Daily,4,Average,5.18,Good,4.49,0.36,Frequently,10,Low,1,Shared,Moderate,2.08,Hard,7,99,38,79.71,10.0,39.37,F,Fail,Low
STU_001380,19,Male,High School,Public,Middle,Associate,Suburban,66.53,2.69,90.58,82.6,Medium,4.73,2.84,0,1.95,High,Moderate,Flashcards,Daily,6,Average,7.34,Good,3.4,5.56,Frequently,10,Medium,1,Dedicated,High,5.23,Easy,22,87,77,77.76,7.74,90.55,A,Pass,High
STU_001381,20,Male,High School,Public,Upper-Middle,Associate,Rural,61.02,2.33,89.55,79.68,High,4.87,3.1,0,3.79,Low,Quiet,Flashcards,Weekly,6,Poor,8.05,Excellent,5.49,3.98,Occasionally,10,Medium,1,Dedicated,High,1.64,Hard,23,97,64,47.76,9.84,64.99,D,Pass,Medium
STU_001382,20,Female,High School,Public,Upper-Middle,Bachelor,Urban,79.14,3.08,93.18,50.73,Medium,1.74,1.46,0,2.51,Medium,Quiet,Self-Reading,Weekly,7,Excellent,6.58,Fair,6.08,2.33,Frequently,9,Low,1,Dedicated,Low,1.38,Easy,1,99,58,74.61,9.19,62.67,D,Pass,Medium
STU_001383,15,Female,Undergraduate,Public,Upper-Middle,High School,Urban,72.82,3.2,88.63,65.64,Low,3.47,2.33,0,1.96,Medium,Quiet,Flashcards,Rarely,9,Average,7.46,Fair,5.26,3.81,Rarely,10,High,0,Dedicated,High,10.95,Easy,12,85,62,78.17,10.0,75.2,B,Pass,Medium
STU_001384,19,Female,Undergraduate,Private,Lower-Middle,Bachelor,Suburban,78.5,3.05,78.14,71.92,Medium,1.46,0.85,1,2.9,High,Quiet,Practice Tests,Weekly,5,Excellent,5.68,Excellent,7.37,4.86,Occasionally,10,Medium,1,Shared,Moderate,2.75,Hard,23,96,42,,8.47,46.44,F,Fail,Low
STU_001385,16,Male,High School,Private,Upper-Middle,Master,Suburban,79.9,2.98,90.35,71.14,Low,6.65,4.82,1,0.2,Medium,Moderate,Flashcards,Weekly,5,Average,5.4,Poor,3.92,1.45,Occasionally,10,High,0,Dedicated,Moderate,5.3,Hard,20,95,72,60.16,7.98,76.75,B,Pass,Medium
STU_001386,17,Female,High School,Public,High,Master,Suburban,68.88,2.65,72.01,59.71,Medium,1.94,1.65,0,0.15,Low,Moderate,Flashcards,Rarely,7,Average,6.77,Poor,4.13,5.76,Occasionally,10,High,1,Dedicated,Moderate,6.39,Medium,20,98,56,85.91,10.0,57.7,D,Pass,Low
STU_001387,15,Female,High School,Private,Middle,,Rural,79.08,3.28,93.55,86.87,Medium,4.49,3.4,0,0.43,Medium,Moderate,Practice Tests,Weekly,8,Average,7.29,Fair,7.85,6.22,Frequently,10,Medium,1,Dedicated,Low,2.09,Medium,17,97,87,75.07,10.0,90.55,A,Pass,High
STU_001388,18,Male,High School,Public,Lower-Middle,Bachelor,Urban,65.14,2.78,,48.44,Medium,2.09,1.51,1,0.55,Medium,Moderate,Self-Reading,Weekly,4,Average,6.32,Fair,4.11,4.66,Rarely,9,Medium,0,Shared,Low,3.11,Easy,25,99,75,,8.88,78.15,B,Pass,Medium
STU_001389,19,Female,High School,Private,Low,Bachelor,Rural,55.37,2.36,,96.05,High,5.22,4.27,1,3.67,Medium,Moderate,Summarizing,Daily,6,Excellent,6.61,Fair,4.75,2.26,Frequently,10,High,1,Dedicated,Low,1.26,Hard,8,86,46,73.3,10.0,53.12,D,Pass,Low
STU_001390,15,Male,High School,Private,Lower-Middle,Master,Suburban,57.85,2.33,80.67,60.76,Low,4.92,2.67,0,0.36,Low,Quiet,Flashcards,Rarely,6,Average,7.35,Good,2.5,1.34,Occasionally,10,Medium,1,Dedicated,Moderate,6.77,Easy,20,93,74,,10.0,78.95,B,Pass,Medium
STU_001391,14,Male,High School,Public,Low,Associate,Urban,66.07,2.48,81.67,64.04,Medium,3.9,2.38,0,1.65,Low,Quiet,Self-Reading,Rarely,6,Average,7.54,Good,3.84,0.84,Frequently,8,Medium,1,Dedicated,Moderate,0.4,Hard,15,98,52,67.99,10.0,53.65,D,Pass,Low
STU_001392,14,Female,High School,Public,High,High School,Urban,100.0,3.92,88.51,69.51,Low,2.64,1.66,0,0.01,Low,Quiet,Group Study,Weekly,9,Average,9.27,Fair,3.57,1.53,Occasionally,10,Medium,1,Dedicated,Moderate,2.88,Medium,6,90,81,84.84,10.0,87.83,A,Pass,High
STU_001393,20,Female,High School,Private,Low,Bachelor,Urban,82.23,3.47,81.3,69.68,Low,5.11,3.72,0,2.63,Low,Moderate,Practice Tests,Weekly,5,,7.87,Fair,1.0,10.31,Occasionally,10,Medium,1,Dedicated,Moderate,1.67,Easy,16,100,82,77.76,10.0,82.34,B,Pass,High
STU_001394,17,Male,Undergraduate,Public,Middle,Master,Rural,51.19,,84.78,73.33,Medium,3.36,2.49,0,0.66,Low,Quiet,Group Study,Daily,8,Average,8.21,Good,3.93,1.11,Frequently,6,Medium,1,Dedicated,Moderate,3.51,Easy,19,96,77,100.0,6.14,79.08,B,Pass,Medium
STU_001395,16,Male,High School,Charter,Upper-Middle,Associate,Suburban,65.12,2.74,88.54,84.25,Medium,4.77,4.14,0,0.81,Medium,Moderate,Self-Reading,Weekly,11,Excellent,9.89,Excellent,4.87,1.62,Occasionally,6,High,1,Shared,Moderate,7.55,Medium,6,98,82,,5.18,81.36,B,Pass,High
STU_001396,17,Male,High School,Public,Middle,High School,Urban,71.34,,,91.35,Medium,3.48,2.57,1,3.73,High,Quiet,Self-Reading,Weekly,6,Average,7.86,,7.22,0.07,Rarely,10,High,1,Shared,Moderate,10.84,Medium,4,94,53,95.43,9.09,56.73,D,Pass,Low
STU_001397,17,Female,Undergraduate,Public,Middle,High School,Urban,71.34,2.53,96.19,65.4,High,2.19,1.68,1,3.01,Medium,Quiet,Self-Reading,Weekly,4,Average,6.31,Fair,2.61,1.85,Occasionally,8,High,0,Dedicated,Moderate,0.74,Medium,27,89,63,80.34,6.88,71.46,C,Pass,Medium
STU_001398,17,Male,Undergraduate,Private,Upper-Middle,Bachelor,Urban,54.73,2.31,94.64,69.51,Medium,1.53,1.37,0,0.38,Medium,Quiet,Summarizing,Weekly,5,Poor,8.15,,4.54,2.4,Occasionally,10,High,1,Shared,Low,1.78,Medium,23,94,61,90.08,8.68,64.9,D,Pass,Medium
STU_001399,17,Female,High School,Public,Low,Bachelor,Rural,87.79,3.44,74.81,63.3,Low,5.5,4.4,0,1.7,High,Quiet,Self-Reading,Daily,5,Average,5.95,Good,5.57,1.55,Frequently,9,Medium,1,Dedicated,Low,4.58,Medium,7,93,75,,10.0,79.26,B,Pass,Medium
STU_001400,18,Male,Undergraduate,Public,Middle,Master,Suburban,61.15,2.36,73.94,63.65,Medium,4.75,2.48,0,0.2,Medium,Quiet,Group Study,Weekly,9,,6.16,Good,5.21,0.95,Frequently,10,Medium,1,Shared,Moderate,5.94,Medium,11,86,42,69.51,8.34,46.38,F,Fail,Low
STU_001401,18,Male,High School,Private,Middle,Associate,Suburban,67.45,2.84,93.47,91.22,Medium,2.08,1.34,1,1.39,Medium,Quiet,Self-Reading,Weekly,10,Poor,6.09,Good,7.4,2.98,Frequently,10,Medium,1,Shared,Moderate,3.64,Medium,26,98,74,84.32,10.0,77.24,B,Pass,Medium
STU_001402,20,Male,Undergraduate,Public,Low,,Suburban,62.09,2.48,76.95,69.62,High,3.06,1.75,0,0.22,Medium,Moderate,Self-Reading,Weekly,6,Average,7.36,Poor,6.65,4.14,Occasionally,10,Low,1,Dedicated,Moderate,3.77,Medium,19,98,52,62.85,7.27,52.07,D,Pass,Low
STU_001403,15,Female,Undergraduate,Public,Low,High School,Rural,61.07,2.41,84.87,74.53,Low,2.6,1.73,0,4.59,Medium,Moderate,Self-Reading,Daily,7,Poor,5.76,Fair,8.8,2.25,Occasionally,10,High,1,Dedicated,Moderate,2.11,Medium,14,91,58,71.22,10.0,62.57,D,Pass,Medium
STU_001404,14,Male,High School,Private,Middle,High School,Rural,91.63,3.58,88.06,60.7,Medium,1.01,0.63,1,4.46,High,Moderate,Summarizing,Rarely,6,Average,7.97,Good,5.77,0.51,Rarely,10,Medium,1,Dedicated,High,0.31,Easy,17,94,86,71.06,10.0,91.57,A,Pass,High
STU_001405,17,Male,Undergraduate,Public,Upper-Middle,High School,Urban,81.86,3.33,87.86,99.96,High,3.49,2.52,0,0.53,Medium,Noisy,Self-Reading,Weekly,8,Poor,5.61,,2.63,0.2,Frequently,10,High,1,Shared,High,2.63,Medium,12,92,72,90.25,9.47,80.1,B,Pass,High
STU_001406,20,Female,High School,Private,Low,Associate,Urban,63.92,2.34,77.99,76.79,Low,2.33,1.22,1,0.24,Medium,Noisy,Practice Tests,Weekly,5,Poor,5.43,Poor,4.12,0.39,Occasionally,9,Medium,1,Shared,Moderate,0.32,Hard,5,93,39,68.79,10.0,39.06,F,Fail,Low
STU_001407,15,Male,High School,Public,High,Bachelor,Suburban,67.24,2.92,,68.18,Low,1.67,0.93,0,3.29,Low,Moderate,Summarizing,Rarely,9,Poor,6.02,Fair,5.56,6.67,Frequently,8,Medium,1,Dedicated,Moderate,3.09,Medium,24,94,59,,9.32,62.76,D,Pass,Medium
STU_001408,14,Male,Undergraduate,Public,Upper-Middle,Associate,Urban,76.61,3.05,88.56,82.07,Medium,4.5,2.28,0,3.76,High,Moderate,Self-Reading,Weekly,7,Average,7.93,Fair,4.27,1.75,Occasionally,8,Medium,1,Dedicated,Low,0.58,Hard,22,96,88,56.61,7.94,90.57,A,Pass,High
STU_001409,19,Female,Undergraduate,Charter,Upper-Middle,,Urban,57.76,2.19,,65.65,Low,3.34,2.58,0,4.93,Medium,Moderate,Group Study,Weekly,7,Average,8.34,Excellent,2.58,4.64,Occasionally,7,High,1,Dedicated,Moderate,1.46,Easy,12,87,61,65.4,6.69,68.83,C,Pass,Medium
STU_001410,16,Female,Undergraduate,Private,Upper-Middle,High School,Suburban,54.92,,74.69,66.94,High,3.36,2.63,0,0.67,Medium,Moderate,Practice Tests,Daily,4,Average,6.82,Good,5.17,2.52,Occasionally,9,Medium,1,Dedicated,Low,1.54,Hard,27,95,41,72.01,6.66,41.61,F,Fail,Low
STU_001411,18,Male,Undergraduate,Public,Middle,High School,Suburban,51.84,1.85,85.44,69.58,Low,2.31,1.25,0,0.62,High,Quiet,Flashcards,Daily,1,Poor,6.75,Fair,10.47,1.71,Occasionally,9,Medium,1,Dedicated,Moderate,0.82,Easy,30,97,40,73.93,10.0,43.77,F,Fail,Low
STU_001412,19,Male,Undergraduate,Public,Lower-Middle,Associate,Urban,66.54,,84.18,78.16,Medium,1.61,0.94,1,1.0,Medium,Quiet,Summarizing,Rarely,2,Average,7.27,Fair,3.9,2.97,Occasionally,8,High,1,Dedicated,Moderate,1.18,Easy,22,85,62,84.38,8.45,72.08,C,Pass,Medium
STU_001413,14,Male,High School,Public,Middle,,Urban,86.77,3.32,79.62,57.16,Low,7.15,5.1,0,0.22,Medium,Noisy,Summarizing,Weekly,15,Excellent,8.41,Fair,9.16,0.17,Occasionally,6,Medium,1,Shared,Moderate,1.04,Medium,1,90,83,88.39,9.29,92.2,A,Pass,High
STU_001414,19,Female,High School,Public,High,High School,Rural,62.65,2.49,89.79,81.01,High,2.35,1.18,0,0.25,Medium,Moderate,Summarizing,Rarely,6,Average,5.38,Fair,3.69,1.18,Frequently,10,Medium,1,Dedicated,Low,0.17,Hard,27,91,50,100.0,8.9,53.4,D,Pass,Low
STU_001415,16,Female,High School,Private,High,Doctorate,Urban,68.42,2.73,86.76,54.83,Medium,1.37,0.98,0,0.86,Low,Quiet,Self-Reading,Weekly,4,Average,8.36,Fair,3.23,2.31,Frequently,10,High,1,Dedicated,Low,0.39,Easy,28,95,59,100.0,10.0,64.55,D,Pass,Medium
STU_001416,20,Female,Undergraduate,Public,Lower-Middle,High School,Suburban,46.57,1.79,74.11,49.81,Medium,1.82,1.19,1,2.45,Medium,Moderate,Practice Tests,Weekly,8,Average,8.27,Poor,3.2,4.29,Occasionally,10,Low,1,Dedicated,Low,0.04,Medium,1,85,27,83.0,7.84,32.07,F,Fail,Low
STU_001417,14,Female,High School,Private,Middle,Associate,Suburban,64.79,2.49,78.22,64.05,Medium,0.72,0.45,0,1.41,High,Quiet,Self-Reading,Daily,0,,7.52,Good,4.93,6.37,Rarely,10,Medium,0,Dedicated,High,0.77,Medium,1,94,42,100.0,10.0,43.12,F,Fail,Low
STU_001418,19,Other,High School,Public,Low,,Urban,78.1,2.94,78.13,82.34,Medium,4.72,2.92,0,3.12,High,Quiet,Flashcards,Rarely,5,Average,5.81,,4.39,0.39,Occasionally,10,Low,0,Dedicated,Low,1.74,Easy,12,87,70,93.22,9.91,79.1,B,Pass,Medium
STU_001419,18,Female,High School,Private,Lower-Middle,Bachelor,Urban,55.77,2.31,93.58,73.74,High,2.07,1.04,0,1.21,Medium,Quiet,Summarizing,Daily,4,Average,6.56,Poor,4.41,0.53,Rarely,10,High,1,Shared,Low,0.35,Medium,12,90,35,58.44,10.0,36.35,F,Fail,Low
STU_001420,18,Male,High School,Public,Middle,Bachelor,Suburban,63.38,2.56,78.02,71.7,High,2.34,1.41,0,13.11,High,Quiet,Practice Tests,Rarely,11,Average,4.02,Good,5.61,3.67,Rarely,10,Medium,1,Dedicated,Low,2.0,Hard,20,90,55,,10.0,59.77,D,Pass,Low
STU_001421,15,Male,High School,Public,Low,High School,Urban,72.59,3.23,,66.39,Medium,3.43,2.36,1,0.69,Medium,Quiet,Practice Tests,Weekly,6,Excellent,6.78,Good,3.96,3.1,Occasionally,10,High,1,Dedicated,Moderate,1.37,Hard,2,98,31,,10.0,32.23,F,Fail,Low
STU_001422,19,Female,Undergraduate,Private,Middle,Bachelor,Urban,73.09,2.78,82.52,45.67,Low,0.92,0.64,0,5.45,High,Quiet,Self-Reading,Weekly,6,,6.23,Excellent,7.29,1.32,Frequently,10,Medium,1,Dedicated,Low,3.21,Medium,10,93,43,92.96,10.0,46.52,F,Fail,Low
STU_001423,17,Male,High School,Public,Middle,Bachelor,Urban,65.13,2.54,,79.56,Medium,2.88,2.12,1,2.3,High,Moderate,Practice Tests,Weekly,4,Average,8.49,Fair,5.7,1.63,Occasionally,10,Medium,1,Dedicated,Moderate,1.77,Easy,7,85,49,70.85,10.0,59.53,D,Pass,Low
STU_001424,19,Female,High School,Public,Low,Master,Suburban,54.23,2.13,77.61,62.86,Medium,2.56,1.79,0,0.99,Medium,Quiet,Practice Tests,Daily,5,Excellent,8.24,Fair,6.39,12.0,Rarely,10,High,1,Dedicated,Moderate,0.32,Medium,2,92,38,76.94,10.0,39.27,F,Fail,Low
STU_001425,20,Male,High School,Public,Lower-Middle,,Suburban,62.12,2.56,74.28,55.18,Low,2.44,1.99,0,1.2,High,Quiet,Group Study,Daily,4,Excellent,6.1,Excellent,2.09,5.52,Occasionally,10,Medium,1,Dedicated,Low,2.38,Easy,30,97,40,79.73,10.0,44.3,F,Fail,Low
STU_001426,14,Female,High School,Public,High,High School,Suburban,66.12,,78.18,63.99,High,4.55,3.08,1,0.98,High,Quiet,Summarizing,Daily,10,Poor,6.73,Fair,4.36,1.32,Occasionally,10,Low,1,Dedicated,Moderate,1.88,Medium,12,95,57,98.7,9.18,61.64,D,Pass,Medium
STU_001427,14,Female,High School,Public,Low,Bachelor,Urban,66.77,2.95,91.02,73.69,Medium,4.79,3.33,0,3.76,Low,Moderate,Self-Reading,Weekly,4,,7.22,Fair,2.69,2.47,Frequently,9,Low,1,Shared,Moderate,0.05,Hard,6,86,56,98.65,8.46,64.58,D,Pass,Medium
STU_001428,20,Female,High School,Private,Low,Associate,Urban,75.58,3.37,82.93,82.44,Medium,1.94,1.72,0,0.38,High,Quiet,Summarizing,Weekly,5,Average,7.38,Fair,2.7,1.37,Frequently,10,Medium,1,Dedicated,Moderate,3.34,Medium,21,98,62,100.0,8.95,65.96,C,Pass,Medium
STU_001429,19,Male,High School,Public,Middle,High School,Rural,67.4,2.63,79.97,82.88,High,4.68,3.35,0,1.65,Medium,Moderate,Group Study,Rarely,4,Average,6.27,Excellent,5.82,2.12,Occasionally,9,Medium,1,Dedicated,High,7.02,Easy,27,86,53,33.56,8.35,65.15,C,Pass,Medium
STU_001430,20,Male,Undergraduate,Public,Middle,Associate,Rural,78.87,3.47,89.15,79.59,Low,1.57,0.94,0,0.22,Medium,Noisy,Flashcards,Weekly,8,Poor,7.87,Poor,5.57,8.19,Occasionally,10,Medium,1,Shared,Moderate,4.58,Easy,2,85,57,100.0,8.82,65.74,C,Pass,Medium
STU_001431,16,Female,High School,Public,High,Associate,Suburban,80.79,3.22,96.78,88.36,High,1.75,1.43,0,0.36,Medium,Moderate,Practice Tests,Weekly,1,Poor,7.11,,6.64,1.24,Frequently,10,High,1,Dedicated,Low,10.16,Easy,15,88,67,,9.54,77.16,B,Pass,Medium
STU_001432,20,Female,Undergraduate,Public,Low,High School,Urban,59.99,2.33,,63.88,High,1.36,1.01,0,0.25,Medium,Noisy,Practice Tests,Weekly,5,Average,8.98,Good,5.32,1.19,Occasionally,9,High,1,Dedicated,Low,1.02,Medium,30,98,64,100.0,10.0,65.74,C,Pass,Medium
STU_001433,18,Male,Undergraduate,Charter,High,Bachelor,Urban,58.17,2.39,85.95,78.71,Medium,4.29,3.07,0,1.11,Medium,Noisy,Self-Reading,Weekly,7,Poor,6.85,Fair,6.81,2.24,Frequently,10,Medium,1,Dedicated,Moderate,0.04,Easy,8,86,45,47.69,10.0,53.32,D,Pass,Low
STU_001434,20,Female,Undergraduate,Private,Middle,Associate,Suburban,71.73,2.95,80.73,67.45,Medium,7.33,4.37,0,2.3,High,Noisy,Practice Tests,Daily,10,Average,5.79,Excellent,4.83,7.82,Frequently,10,High,1,Dedicated,Moderate,3.4,Medium,12,99,68,100.0,9.52,69.25,C,Pass,Medium
STU_001435,14,Female,Undergraduate,Private,Upper-Middle,Master,Urban,72.42,2.91,77.16,70.62,Medium,3.23,2.15,1,1.19,Medium,Quiet,Self-Reading,Weekly,4,Average,7.54,Fair,5.99,5.84,Frequently,10,High,1,Shared,Moderate,0.3,Medium,23,94,41,65.95,10.0,47.03,F,Fail,Low
STU_001436,18,Female,Undergraduate,Private,Middle,Master,Rural,81.8,,87.27,72.04,Medium,1.58,0.89,0,0.54,High,Moderate,Flashcards,Weekly,5,Poor,6.82,Fair,3.24,0.84,Occasionally,7,High,1,Shared,Low,1.83,Hard,14,87,59,67.76,7.26,67.77,C,Pass,Medium
STU_001437,14,Male,High School,Public,Lower-Middle,Doctorate,Suburban,85.22,3.25,97.07,65.01,High,1.28,0.74,0,3.27,Medium,Moderate,Flashcards,Weekly,6,Average,7.28,Fair,7.11,3.06,Occasionally,10,Medium,1,Shared,Moderate,4.43,Easy,11,90,82,98.91,8.15,92.43,A,Pass,High
STU_001438,15,Male,High School,Private,Upper-Middle,High School,Suburban,73.57,3.09,92.09,78.84,High,2.79,2.26,0,2.19,Medium,Quiet,Self-Reading,Weekly,6,Average,7.28,Good,3.2,6.16,Rarely,9,Medium,1,Dedicated,Moderate,1.82,Easy,29,93,60,,9.01,64.78,D,Pass,Medium
STU_001439,17,Male,High School,Public,Low,High School,Suburban,67.23,2.53,79.03,63.58,Medium,4.93,3.05,0,1.53,Medium,Moderate,Flashcards,Rarely,9,Average,8.62,Poor,3.88,3.81,Occasionally,10,Medium,1,Dedicated,High,5.19,Easy,26,93,75,73.83,9.15,79.8,B,Pass,Medium
STU_001440,14,Male,High School,Private,Middle,High School,Urban,68.56,2.54,71.88,66.91,High,5.3,4.37,0,1.46,High,Quiet,Summarizing,Daily,5,Poor,6.17,Good,4.7,1.24,Occasionally,9,Medium,1,Shared,High,13.77,Hard,9,95,49,66.5,9.84,53.3,D,Pass,Low
STU_001441,18,Female,Undergraduate,Private,Low,High School,Urban,61.78,2.65,85.24,60.37,Medium,2.58,2.28,1,1.53,Low,Moderate,Summarizing,Weekly,9,Excellent,6.09,Fair,1.88,0.42,Occasionally,10,Low,1,Dedicated,Moderate,0.9,Hard,25,98,45,77.56,9.73,47.1,F,Fail,Low
STU_001442,15,Male,Undergraduate,Private,Upper-Middle,High School,Urban,62.26,2.67,74.56,52.96,Low,1.82,1.35,0,2.81,High,Quiet,Group Study,Weekly,2,Average,7.07,Good,5.87,5.72,Rarely,10,Low,1,Dedicated,Low,0.11,Medium,2,86,30,96.84,9.91,31.73,F,Fail,Low
STU_001443,14,Male,Undergraduate,Charter,Middle,High School,Rural,56.56,2.1,79.22,44.11,Medium,1.76,1.33,1,2.51,High,Moderate,Group Study,Weekly,10,Poor,6.74,,6.8,0.39,Occasionally,10,Low,1,Dedicated,High,2.24,Hard,2,86,19,79.37,9.5,24.44,F,Fail,Low
STU_001444,16,Female,Undergraduate,Public,Low,Master,Urban,72.74,2.93,81.13,70.6,Low,5.33,3.76,0,1.92,Low,Moderate,Summarizing,Rarely,7,Excellent,5.09,Fair,5.98,6.03,Rarely,10,Medium,1,Dedicated,Low,2.12,Medium,22,96,67,63.48,8.9,68.69,C,Pass,Medium
STU_001445,20,Female,Undergraduate,Public,Low,Doctorate,Urban,77.35,3.13,77.75,58.84,Medium,1.61,1.41,1,1.41,Low,Quiet,Practice Tests,Rarely,2,Average,6.71,Fair,5.05,1.49,Occasionally,10,Low,1,Dedicated,Low,0.52,Easy,2,87,50,60.6,9.18,57.41,D,Pass,Low
STU_001446,17,Female,High School,Public,Lower-Middle,Master,Suburban,51.47,2.16,81.32,68.0,High,3.16,2.84,0,0.53,Low,Moderate,Summarizing,Weekly,9,,6.12,Good,5.23,1.26,Rarely,10,High,1,Dedicated,Moderate,3.53,Easy,17,87,50,91.64,9.81,56.93,D,Pass,Low
STU_001447,14,Male,High School,Public,Upper-Middle,Master,Rural,69.46,2.93,84.09,85.96,Medium,3.79,2.53,0,1.01,Medium,Moderate,Group Study,Daily,6,Excellent,8.25,Excellent,3.46,0.88,Occasionally,7,High,1,Dedicated,Moderate,1.99,Medium,1,95,53,83.46,9.04,54.33,D,Pass,Low
STU_001448,15,Male,High School,Charter,Lower-Middle,High School,Suburban,58.07,2.39,85.85,63.54,High,3.51,2.47,0,0.76,High,Moderate,Summarizing,Weekly,4,,7.08,Good,5.49,0.07,Rarely,10,Medium,1,Dedicated,Low,0.01,Hard,24,86,44,100.0,10.0,53.5,D,Pass,Low
STU_001449,16,Female,High School,Public,Upper-Middle,Bachelor,Rural,71.3,2.84,,50.27,Low,3.07,2.07,1,1.87,Low,Quiet,Summarizing,Daily,3,Excellent,9.23,Good,5.2,0.21,Frequently,10,Medium,1,Dedicated,Low,0.58,Easy,26,92,76,100.0,10.0,83.81,B,Pass,High
STU_001450,19,Female,High School,Public,Middle,Bachelor,Urban,67.11,2.69,87.38,70.93,Medium,5.79,3.95,0,1.04,Low,Quiet,Practice Tests,Daily,5,Average,7.21,Fair,5.01,3.5,Rarely,8,High,1,Dedicated,Moderate,3.75,Medium,25,95,69,54.86,9.29,73.3,C,Pass,Medium
STU_001451,15,Female,High School,Public,Upper-Middle,Associate,Urban,71.98,2.88,85.69,68.1,Medium,2.6,1.71,0,0.01,High,Noisy,Self-Reading,Rarely,4,Excellent,7.02,Poor,6.3,5.88,Occasionally,10,High,1,Shared,Moderate,0.64,Easy,23,86,59,47.86,10.0,67.21,C,Pass,Medium
STU_001452,20,Female,Undergraduate,Public,Lower-Middle,Master,Urban,63.82,2.78,80.6,60.36,Low,1.33,1.2,0,4.58,High,Quiet,Practice Tests,Weekly,4,Excellent,4.98,Good,6.09,1.72,Frequently,9,High,1,Dedicated,Moderate,1.95,Hard,7,99,32,,10.0,31.16,F,Fail,Low
STU_001453,15,Male,High School,Private,Low,Bachelor,Rural,63.18,,87.41,73.36,Low,2.79,2.13,0,0.3,Medium,Moderate,Summarizing,Daily,9,Excellent,8.45,Fair,2.8,1.12,Rarely,10,High,1,Shared,Low,3.53,Medium,16,89,64,84.81,10.0,67.16,C,Pass,Medium
STU_001454,16,Male,High School,Public,Middle,,Urban,68.18,2.73,86.38,74.93,Medium,4.02,3.29,1,0.7,High,Moderate,Self-Reading,Weekly,12,Poor,8.79,Excellent,1.93,0.3,Rarely,10,Medium,1,Shared,Low,4.66,Medium,1,97,55,88.13,10.0,53.5,D,Pass,Low
STU_001455,15,Female,Undergraduate,Public,Middle,Doctorate,Rural,56.03,2.18,97.51,62.76,High,0.85,0.71,0,0.92,Medium,Quiet,Flashcards,Weekly,9,Average,5.91,Fair,5.1,0.59,Occasionally,8,High,1,Dedicated,High,8.88,Medium,18,88,48,,8.07,54.26,D,Pass,Low
STU_001456,16,Male,High School,Private,High,High School,Suburban,79.18,3.07,85.68,52.92,Medium,0.83,0.64,0,3.62,Medium,Quiet,Summarizing,Rarely,7,Poor,7.42,Good,1.15,0.88,Occasionally,10,Medium,1,Dedicated,Low,0.99,Hard,25,97,53,77.56,10.0,55.25,D,Pass,Low
STU_001457,14,Male,Undergraduate,Private,Low,High School,Rural,90.93,3.78,82.35,56.78,Medium,1.52,0.89,1,0.33,Medium,Quiet,Summarizing,Daily,3,Excellent,5.11,Fair,6.72,2.13,Frequently,10,Medium,1,Dedicated,Moderate,1.85,Medium,3,95,53,91.66,9.69,55.8,D,Pass,Low
STU_001458,16,Female,Undergraduate,Public,Lower-Middle,High School,Urban,57.6,2.21,,71.43,Low,3.59,2.26,0,0.01,Medium,Moderate,Flashcards,Weekly,11,Poor,8.04,,6.76,1.33,Frequently,10,Medium,1,Dedicated,Moderate,4.75,Medium,29,86,48,,8.73,56.06,D,Pass,Low
STU_001459,16,Female,Undergraduate,Private,Low,Bachelor,Suburban,54.39,2.32,84.04,60.73,High,0.84,0.62,0,2.21,High,Moderate,Self-Reading,Daily,1,Average,9.17,Good,7.61,0.3,Occasionally,10,High,1,Dedicated,Moderate,4.14,Medium,8,94,34,99.57,9.45,38.85,F,Fail,Low
STU_001460,17,Female,High School,Public,Middle,High School,Suburban,56.94,1.95,,80.07,High,0.86,0.71,0,1.78,Low,Quiet,Practice Tests,Daily,6,Excellent,6.08,Fair,10.73,2.96,Frequently,10,Medium,1,Dedicated,Low,9.34,Medium,25,87,50,96.25,10.0,56.43,D,Pass,Low
STU_001461,16,Male,Undergraduate,Charter,Middle,High School,Urban,91.27,3.6,,80.55,Medium,1.14,0.87,0,0.12,Medium,Moderate,Summarizing,Weekly,1,,6.87,Excellent,5.32,3.07,Occasionally,8,Medium,1,Shared,Moderate,0.67,Easy,9,97,82,63.52,7.74,84.63,B,Pass,High
STU_001462,16,Male,Undergraduate,Public,Low,Bachelor,Suburban,87.93,3.29,99.49,80.17,High,2.42,1.49,1,0.05,Low,Quiet,Practice Tests,Rarely,10,,7.31,Fair,4.0,1.24,Frequently,10,Medium,1,Dedicated,Moderate,12.06,Medium,9,99,97,,9.4,95.75,A,Pass,High
STU_001463,19,Male,High School,Private,Middle,Bachelor,Rural,69.65,2.68,78.29,60.64,Low,3.82,2.04,0,2.38,Medium,Quiet,Practice Tests,Daily,10,Poor,7.58,Good,4.99,3.29,Occasionally,7,Medium,1,Dedicated,Moderate,0.32,Medium,29,90,59,54.59,3.69,67.15,C,Pass,Medium
STU_001464,14,Female,Undergraduate,Public,Middle,High School,Urban,72.12,2.7,76.46,64.17,High,2.28,1.24,0,1.5,Low,Moderate,Group Study,Daily,4,Average,8.88,Fair,6.61,1.09,Rarely,10,High,0,Shared,Moderate,2.11,Medium,28,94,55,67.95,6.9,58.13,D,Pass,Low
STU_001465,20,Male,Undergraduate,Public,Lower-Middle,Master,Rural,83.47,3.5,79.85,62.62,Low,1.27,0.78,1,4.54,Medium,Moderate,Self-Reading,Rarely,4,Average,6.87,Poor,2.91,0.84,Occasionally,10,Medium,1,Dedicated,Low,3.39,Easy,24,97,59,78.17,10.0,60.62,D,Pass,Medium
STU_001466,17,Male,Undergraduate,Public,Lower-Middle,Associate,Suburban,84.96,3.29,79.84,81.87,Medium,2.65,1.72,0,1.48,High,Quiet,Summarizing,Weekly,6,Average,6.07,Poor,5.19,3.96,Frequently,10,High,1,Shared,Moderate,3.45,Medium,27,92,73,79.51,8.28,80.59,B,Pass,High
STU_001467,19,Female,Undergraduate,Charter,Lower-Middle,High School,Suburban,70.28,2.76,,60.32,Medium,2.47,1.63,1,0.05,Medium,Moderate,Self-Reading,Weekly,4,,7.06,Excellent,6.74,2.08,Frequently,8,High,1,Shared,Moderate,0.05,Medium,14,89,41,65.97,8.3,44.73,F,Fail,Low
STU_001468,18,Male,Undergraduate,Charter,Upper-Middle,Bachelor,Rural,61.73,2.52,87.87,75.88,Medium,3.54,2.45,1,3.94,Medium,Quiet,Group Study,Daily,9,Excellent,4.25,Fair,4.16,4.3,Occasionally,10,Medium,0,Dedicated,Low,0.11,Medium,29,89,32,33.7,8.79,37.45,F,Fail,Low
STU_001469,14,Other,Undergraduate,Public,Middle,,Suburban,74.76,2.78,95.91,60.71,High,3.6,2.61,1,0.28,Low,Noisy,Practice Tests,Weekly,10,,8.16,Fair,5.91,1.04,Frequently,10,Medium,1,Dedicated,Low,4.82,Medium,26,89,89,74.8,10.0,100.0,A,Pass,High
STU_001470,14,Female,Undergraduate,Public,Upper-Middle,High School,Urban,62.77,2.62,100.0,60.81,Medium,1.29,1.16,1,1.78,Medium,Noisy,Flashcards,Daily,2,Average,6.05,Excellent,5.09,3.52,Frequently,10,High,1,Shared,Low,1.06,Medium,27,94,45,90.08,5.82,50.41,D,Pass,Low
STU_001471,18,Female,High School,Public,Lower-Middle,Bachelor,Rural,75.59,3.06,81.91,65.28,Medium,0.57,0.41,1,1.85,Medium,Quiet,Practice Tests,Weekly,6,Poor,6.1,Fair,4.61,3.73,Rarely,7,Medium,0,Dedicated,Moderate,5.39,Medium,24,98,58,99.45,9.06,60.24,D,Pass,Medium
STU_001472,20,Female,High School,Public,Low,Associate,Urban,83.62,3.66,,79.91,Medium,5.76,4.13,1,3.6,Medium,Moderate,Group Study,Weekly,6,Average,5.92,Good,4.05,9.01,Occasionally,10,High,1,Dedicated,Low,7.22,Hard,26,87,64,65.81,6.24,74.06,C,Pass,Medium
STU_001473,16,Male,High School,Charter,High,High School,Urban,82.08,3.33,84.96,84.22,High,5.71,3.99,1,3.29,High,Moderate,Practice Tests,Weekly,12,,6.23,Fair,6.62,2.59,Frequently,10,Medium,1,Dedicated,Moderate,4.98,Medium,4,87,75,68.61,10.0,87.43,A,Pass,High
STU_001474,19,Male,High School,Private,Lower-Middle,Bachelor,Rural,85.11,3.29,83.44,85.61,Medium,3.07,1.66,0,0.48,Medium,Quiet,Self-Reading,Weekly,2,Average,7.76,Fair,4.46,0.25,Occasionally,8,Low,1,Dedicated,Moderate,0.31,Medium,11,96,69,87.64,6.2,69.12,C,Pass,Medium
STU_001475,15,Female,Undergraduate,Public,High,Master,Suburban,87.26,3.41,89.24,81.14,High,2.15,1.45,1,0.15,Medium,Quiet,Practice Tests,Rarely,6,Average,8.08,Excellent,4.11,6.19,Frequently,10,Medium,1,Shared,Low,4.61,Easy,23,92,76,67.89,10.0,82.51,B,Pass,High
STU_001476,17,Male,Undergraduate,Public,Middle,,Suburban,65.29,2.52,90.5,47.43,Medium,1.1,0.94,0,6.07,High,Noisy,Group Study,Weekly,2,Excellent,6.67,Fair,5.41,6.12,Frequently,10,Medium,1,Shared,Low,3.72,Medium,19,97,38,98.39,7.61,41.39,F,Fail,Low
STU_001477,15,Male,High School,Public,Middle,High School,Suburban,58.09,2.29,,72.1,Medium,1.19,0.89,0,0.62,Medium,Moderate,Practice Tests,Weekly,5,Poor,7.42,Excellent,3.54,2.97,Frequently,10,High,1,Shared,Low,0.17,Easy,6,92,55,78.72,10.0,56.69,D,Pass,Low
STU_001478,18,Male,High School,Public,Lower-Middle,Bachelor,Suburban,84.15,3.41,92.48,63.78,Medium,0.77,0.41,1,2.79,Low,Moderate,Flashcards,Weekly,5,Average,6.05,Good,6.23,1.84,Rarely,9,Low,1,Dedicated,Moderate,0.16,Medium,18,87,49,74.61,6.88,56.38,D,Pass,Low
STU_001479,14,Male,High School,Public,Middle,Master,Rural,82.42,3.22,86.42,73.68,Medium,5.55,4.78,0,1.42,Medium,Moderate,Self-Reading,Rarely,3,Poor,7.31,Good,9.79,2.83,Occasionally,10,Low,1,Dedicated,Moderate,4.0,Medium,10,88,63,60.42,10.0,74.22,C,Pass,Medium
STU_001480,20,Female,High School,Public,Lower-Middle,High School,Urban,84.52,3.34,74.42,80.1,Low,2.18,1.63,1,5.68,Medium,Quiet,Practice Tests,Weekly,8,Average,6.71,Poor,7.67,4.05,Occasionally,10,Medium,1,Shared,High,0.86,Medium,23,97,73,96.74,8.3,73.82,C,Pass,Medium
STU_001481,14,Male,Undergraduate,Charter,Low,Associate,Urban,65.98,2.58,,60.31,High,2.06,1.56,0,0.23,Low,Noisy,Group Study,Weekly,5,Excellent,7.63,Excellent,2.02,2.79,Frequently,9,Medium,1,Dedicated,Moderate,3.37,Hard,4,97,54,78.0,8.16,58.63,D,Pass,Low
STU_001482,17,Male,High School,Private,Middle,Master,Urban,63.27,2.59,90.56,69.49,High,0.91,0.67,0,2.3,Medium,Quiet,Flashcards,Rarely,7,Average,7.37,Fair,1.0,6.36,Rarely,10,Medium,1,Dedicated,Moderate,0.0,Medium,18,87,57,,10.0,67.63,C,Pass,Medium
STU_001483,14,Male,High School,Private,Lower-Middle,Master,Urban,58.33,2.37,,40.61,Low,1.2,0.93,1,2.24,Medium,Noisy,Self-Reading,Daily,4,Average,5.78,Fair,1.1,1.24,Occasionally,9,Medium,1,Dedicated,Moderate,1.77,Easy,15,99,72,76.39,7.99,73.19,C,Pass,Medium
STU_001484,14,Male,High School,Private,Middle,Doctorate,Rural,67.55,2.59,84.86,66.93,Medium,0.89,0.58,0,1.39,Medium,Quiet,Practice Tests,Rarely,3,Average,6.29,Fair,6.54,1.8,Rarely,10,High,1,Dedicated,Moderate,6.49,Easy,6,94,51,47.38,9.4,56.06,D,Pass,Low
STU_001485,17,Female,High School,Charter,Low,Master,Urban,64.27,2.47,71.81,75.67,Medium,1.99,1.41,0,0.55,Low,Moderate,Group Study,Weekly,5,Average,6.5,Fair,5.21,1.13,Frequently,10,Medium,1,Dedicated,Low,2.48,Hard,7,91,27,65.79,10.0,29.99,F,Fail,Low
STU_001486,19,Other,Undergraduate,Charter,Upper-Middle,High School,Suburban,81.91,3.54,82.29,75.99,Medium,2.91,2.24,0,0.51,High,Moderate,Self-Reading,Weekly,3,Average,6.97,Excellent,6.63,0.1,Occasionally,10,High,1,Dedicated,Low,0.39,Medium,4,93,45,61.43,10.0,48.51,F,Fail,Low
STU_001487,19,Female,Undergraduate,Public,Middle,High School,Urban,54.41,2.09,,62.24,Medium,1.46,1.18,0,0.08,Medium,Noisy,Self-Reading,Daily,6,Average,9.84,Good,1.32,0.95,Occasionally,6,Low,1,Dedicated,Low,1.73,Medium,19,96,64,89.49,5.42,68.52,C,Pass,Medium
STU_001488,17,Male,Undergraduate,Private,High,Bachelor,Urban,80.48,3.19,88.38,76.03,Medium,2.73,1.8,0,1.15,Medium,Noisy,Practice Tests,Rarely,3,Poor,7.3,Good,3.63,0.41,Occasionally,10,Medium,1,Shared,High,1.06,Medium,20,99,59,66.65,9.43,57.9,D,Pass,Low
STU_001489,20,Female,Undergraduate,Public,High,High School,Rural,62.12,,93.62,80.18,Medium,4.9,3.96,1,1.52,High,Noisy,Self-Reading,Weekly,7,Excellent,6.85,Fair,5.17,0.84,Frequently,10,Low,1,Dedicated,High,4.37,Medium,13,94,70,84.67,10.0,74.0,C,Pass,Medium
STU_001490,18,Female,High School,Public,Lower-Middle,Bachelor,Suburban,90.2,,88.01,86.34,Medium,2.88,2.01,0,0.9,Low,Quiet,Summarizing,Daily,7,Poor,7.22,Poor,5.94,1.87,Occasionally,10,Medium,1,Dedicated,Moderate,2.15,Medium,8,91,70,90.26,10.0,75.06,B,Pass,Medium
STU_001491,14,Female,High School,Public,Lower-Middle,,Urban,70.6,3.04,89.28,82.19,Low,1.57,1.01,0,0.52,High,Moderate,Summarizing,Weekly,8,Average,6.83,Poor,5.4,3.56,Rarely,10,Medium,1,Shared,Low,8.86,Hard,12,87,58,,8.72,62.82,D,Pass,Medium
STU_001492,20,Male,High School,Private,Middle,Bachelor,Urban,70.03,2.91,88.93,71.54,Medium,2.29,1.7,1,4.73,High,Quiet,Group Study,Weekly,7,Average,9.28,Good,5.52,1.03,Occasionally,9,Medium,1,Dedicated,Low,0.75,Medium,13,94,71,96.64,7.06,74.54,C,Pass,Medium
STU_001493,14,Female,High School,Public,Upper-Middle,High School,Urban,67.5,2.81,89.6,80.69,High,0.74,0.61,0,1.36,High,Quiet,Self-Reading,Daily,6,Average,7.53,Good,5.66,0.13,Frequently,10,Medium,1,Dedicated,Moderate,3.42,Medium,12,85,47,49.97,10.0,56.85,D,Pass,Low
STU_001494,18,Female,High School,Public,Low,Master,Rural,82.87,3.4,77.61,73.34,Medium,5.23,3.42,0,0.04,Medium,Noisy,Practice Tests,Weekly,8,Excellent,6.15,Fair,4.24,8.58,Frequently,10,High,1,Shared,High,0.43,Hard,19,97,68,85.44,10.0,69.14,C,Pass,Medium
STU_001495,19,Male,High School,Public,High,Bachelor,Urban,81.04,3.36,96.57,67.56,High,1.24,0.75,0,1.15,Medium,Quiet,Summarizing,Weekly,3,Excellent,4.83,Good,4.71,1.02,Frequently,10,Medium,1,Dedicated,Low,3.42,Medium,22,96,55,99.22,10.0,57.42,D,Pass,Low
STU_001496,20,Male,High School,Public,Lower-Middle,Bachelor,Urban,84.52,2.98,78.78,78.43,High,2.48,1.47,0,0.58,Low,Moderate,Flashcards,Daily,10,Poor,7.85,Fair,4.28,0.62,Frequently,8,Medium,1,Shared,Moderate,3.91,Hard,6,100,72,57.06,9.25,71.97,C,Pass,Medium
STU_001497,16,Male,High School,Public,High,Bachelor,Suburban,69.33,2.99,83.72,64.9,Medium,2.9,1.95,1,1.46,Medium,Noisy,Practice Tests,Daily,6,Poor,6.55,Good,8.11,0.7,Frequently,10,High,1,Shared,Moderate,3.39,Hard,14,100,66,80.84,10.0,65.17,C,Pass,Medium
STU_001498,16,Female,High School,Public,Middle,Bachelor,Rural,65.03,2.67,100.0,75.37,Low,3.65,2.55,0,4.95,Medium,Moderate,Summarizing,Rarely,4,Average,5.29,,5.87,3.97,Frequently,10,Medium,1,Dedicated,High,5.26,Medium,6,95,37,87.76,9.08,37.74,F,Fail,Low
STU_001499,16,Male,High School,Public,Middle,High School,Urban,69.96,2.89,85.5,88.49,Medium,4.82,3.43,0,1.48,Medium,Moderate,Practice Tests,Daily,6,,5.99,Good,5.85,7.71,Occasionally,10,High,0,None,Moderate,1.98,Easy,13,99,82,100.0,10.0,84.43,B,Pass,High
STU_001500,19,Female,High School,Charter,Lower-Middle,High School,Suburban,69.21,2.89,92.79,76.31,Medium,2.26,1.59,0,0.09,Medium,Quiet,Self-Reading,Weekly,8,,6.6,Good,6.45,2.67,Occasionally,10,Medium,1,Dedicated,Low,7.53,Easy,25,99,68,88.2,10.0,70.26,C,Pass,Medium
STU_001501,19,Male,High School,Public,Middle,Doctorate,Urban,48.65,2.2,,51.6,High,0.96,0.85,1,0.03,Medium,Quiet,Summarizing,Weekly,5,Average,5.41,Good,5.21,0.44,Rarely,10,Medium,1,Shared,Low,5.91,Hard,21,88,26,96.81,10.0,28.83,F,Fail,Low
STU_001502,18,Male,Undergraduate,Public,Middle,High School,Suburban,53.27,1.99,77.0,71.49,Medium,3.13,1.78,0,0.58,Medium,Quiet,Flashcards,Weekly,9,Excellent,8.24,Fair,5.82,1.76,Rarely,6,Medium,1,Dedicated,Low,2.35,Medium,2,100,51,80.5,7.29,51.4,D,Pass,Low
STU_001503,14,Male,High School,Private,Lower-Middle,High School,Suburban,70.13,2.6,90.78,68.21,High,1.57,1.0,0,1.56,High,Quiet,Self-Reading,Daily,2,Excellent,8.79,Poor,6.19,1.51,Frequently,10,Medium,1,Dedicated,Low,0.4,Medium,18,89,48,68.0,8.59,52.26,D,Pass,Low
STU_001504,18,Male,Undergraduate,Private,Upper-Middle,High School,Urban,57.56,2.5,77.65,70.52,Medium,1.45,0.73,1,1.49,High,Moderate,Practice Tests,Weekly,4,Average,6.19,Good,6.78,0.91,Frequently,10,Low,1,Dedicated,High,4.71,Medium,13,99,26,65.63,10.0,29.38,F,Fail,Low
STU_001505,18,Female,Undergraduate,Private,Lower-Middle,Associate,Urban,63.18,2.42,78.58,72.34,High,4.37,2.66,0,4.04,Medium,Quiet,Self-Reading,Daily,13,Average,6.09,Good,4.99,4.72,Occasionally,8,High,1,Dedicated,High,2.72,Hard,8,87,63,69.97,8.79,73.23,C,Pass,Medium
STU_001506,19,Female,High School,Charter,Low,Master,Suburban,80.23,3.29,77.19,66.37,Low,3.34,2.96,1,0.31,Medium,Noisy,Flashcards,Rarely,6,Excellent,8.27,,6.55,2.3,Occasionally,10,High,0,Dedicated,Moderate,8.35,Hard,25,94,57,71.32,10.0,63.28,D,Pass,Medium
STU_001507,16,Male,Undergraduate,Private,Low,High School,Urban,61.59,2.35,95.96,73.73,Low,3.18,1.99,0,3.31,Medium,Moderate,Flashcards,Daily,1,Average,7.38,Fair,3.16,3.12,Rarely,10,Medium,1,Shared,Low,1.64,Medium,7,98,40,67.65,7.6,42.17,F,Fail,Low
STU_001508,15,Female,Undergraduate,Private,Middle,High School,Rural,88.94,3.72,77.71,52.72,Low,2.01,1.25,0,0.51,Medium,Quiet,Summarizing,Rarely,3,,6.33,Excellent,5.07,1.95,Frequently,10,Medium,1,Dedicated,Low,0.74,Medium,22,92,54,100.0,10.0,58.74,D,Pass,Low
STU_001509,14,Female,High School,Public,Lower-Middle,Associate,Urban,45.53,1.98,85.02,61.9,Low,2.72,2.4,0,0.54,Medium,Quiet,Self-Reading,Daily,6,Average,4.87,Fair,7.66,2.83,Occasionally,10,Medium,1,Shared,Moderate,7.04,Medium,26,85,42,65.03,8.8,46.11,F,Fail,Low
STU_001510,19,Female,High School,Charter,Upper-Middle,,Urban,92.1,3.6,95.68,53.45,Medium,2.2,1.37,0,0.25,Medium,Quiet,Summarizing,Rarely,1,Poor,7.62,,2.52,1.99,Rarely,10,Medium,1,Dedicated,Moderate,0.05,Hard,14,100,78,66.98,10.0,78.92,B,Pass,Medium
STU_001511,16,Female,High School,Private,Lower-Middle,Associate,Urban,50.42,2.22,74.88,64.74,Medium,5.36,4.4,1,1.65,Medium,Quiet,Summarizing,Rarely,6,Poor,3.74,Poor,6.92,0.21,Frequently,10,Low,0,Dedicated,Low,4.79,Hard,12,92,25,74.87,10.0,28.86,F,Fail,Low
STU_001512,20,Female,High School,Public,Upper-Middle,Bachelor,Suburban,79.16,,83.77,67.6,Medium,4.09,2.92,0,0.05,Medium,Quiet,Practice Tests,Rarely,6,Poor,7.67,Good,5.69,8.96,Occasionally,7,High,1,Dedicated,Moderate,1.84,Easy,6,97,90,,7.37,92.97,A,Pass,High
STU_001513,15,Female,High School,Public,Low,Master,Urban,54.78,2.41,77.25,80.2,Low,3.79,2.19,1,1.05,Medium,Quiet,Self-Reading,Daily,5,Excellent,9.09,Good,4.05,0.86,Frequently,10,High,1,None,Low,1.12,Easy,30,94,66,78.91,8.45,72.46,C,Pass,Medium
STU_001514,15,Female,High School,Public,Low,Bachelor,Urban,82.08,3.08,83.79,78.71,High,4.8,4.1,1,0.44,Medium,Quiet,Group Study,Weekly,6,Average,7.67,Good,7.98,1.75,Occasionally,10,High,1,Shared,Moderate,0.38,Medium,11,99,71,85.83,9.35,74.25,C,Pass,Medium
STU_001515,19,Male,Undergraduate,Public,Middle,Bachelor,Urban,55.05,2.16,88.66,96.06,Low,9.51,5.39,1,1.37,Medium,Quiet,Self-Reading,Daily,10,Average,6.11,Excellent,2.58,0.02,Rarely,9,Low,1,Dedicated,Low,2.21,Easy,17,87,83,,5.21,92.87,A,Pass,High
STU_001516,17,Male,High School,Private,Middle,Master,Urban,71.87,2.72,80.77,56.21,Medium,0.91,0.75,1,2.19,Low,Quiet,Group Study,Rarely,5,Average,8.57,Excellent,3.05,2.88,Frequently,8,Medium,1,Dedicated,Low,2.65,Easy,30,99,64,77.69,4.39,66.61,C,Pass,Medium
STU_001517,14,Female,Undergraduate,Charter,Upper-Middle,Associate,Rural,93.15,3.59,86.19,77.48,Medium,3.14,2.08,0,0.31,High,Quiet,Flashcards,Daily,2,Poor,6.53,Good,7.36,0.81,Occasionally,9,High,1,Shared,Low,11.47,Easy,24,87,72,,9.09,83.22,B,Pass,High
STU_001518,15,Male,High School,Charter,Upper-Middle,Associate,Suburban,76.88,3.17,69.87,56.54,Medium,3.24,2.82,0,0.64,High,Noisy,Flashcards,Daily,4,Excellent,6.89,Poor,4.64,0.21,Frequently,10,Medium,1,Dedicated,Low,4.31,Easy,17,85,53,67.04,9.72,62.46,D,Pass,Medium
STU_001519,19,Male,Undergraduate,Private,High,Master,Urban,91.25,3.68,81.48,64.12,Medium,1.03,0.89,0,10.94,High,Quiet,Flashcards,Daily,6,Poor,8.91,Fair,5.2,0.27,Rarely,9,High,1,Dedicated,Low,0.04,Medium,11,90,60,95.72,9.19,65.81,C,Pass,Medium
STU_001520,19,Male,Undergraduate,Public,Lower-Middle,Associate,Suburban,65.54,2.36,,95.81,Low,6.31,3.43,0,1.76,High,Noisy,Group Study,Daily,7,Excellent,8.14,Good,4.83,0.57,Occasionally,10,High,1,Dedicated,High,7.58,Hard,15,95,51,63.78,10.0,54.42,D,Pass,Low
STU_001521,16,Female,High School,Private,Upper-Middle,High School,Rural,64.33,2.74,86.04,67.38,Low,0.77,0.52,0,0.59,Medium,Quiet,Group Study,Daily,5,Average,6.01,,8.38,1.69,Occasionally,10,Low,1,Shared,Low,5.6,Easy,5,95,52,79.2,10.0,55.42,D,Pass,Low
STU_001522,20,Female,Undergraduate,Public,Lower-Middle,Master,Urban,62.3,2.43,,68.15,High,3.4,2.8,0,1.49,Medium,Noisy,Flashcards,Weekly,3,Excellent,7.36,Good,5.27,1.58,Occasionally,10,Medium,1,Dedicated,High,3.16,Easy,5,86,36,77.49,8.52,40.8,F,Fail,Low
STU_001523,17,Female,High School,Private,Lower-Middle,High School,Urban,54.63,2.27,100.0,69.92,Medium,3.23,2.69,0,1.82,Medium,Moderate,Practice Tests,Weekly,8,Average,6.52,Good,5.01,1.73,Rarely,7,Low,1,Dedicated,High,0.48,Hard,7,96,49,,8.79,51.48,D,Pass,Low
STU_001524,14,Female,Undergraduate,Public,Middle,Master,Suburban,64.83,2.61,79.45,68.67,High,5.83,4.38,1,0.53,Low,Quiet,Summarizing,Rarely,6,Average,7.19,Good,4.23,8.33,Occasionally,10,High,0,Shared,Low,0.26,Medium,10,96,59,100.0,8.31,62.27,D,Pass,Medium
STU_001525,18,Male,High School,Public,High,High School,Urban,66.2,2.7,92.63,80.63,High,4.44,2.7,0,0.94,High,Moderate,Practice Tests,Daily,8,Average,6.72,Fair,6.65,2.99,Frequently,10,High,1,Dedicated,Low,3.29,Hard,13,98,52,46.39,7.94,54.16,D,Pass,Low
STU_001526,20,Male,High School,Private,Low,Associate,Suburban,87.17,3.42,91.18,49.57,Low,1.6,1.2,0,2.56,Medium,Moderate,Summarizing,Weekly,5,Poor,4.84,Good,5.66,10.35,Rarely,10,High,1,Dedicated,Moderate,1.71,Medium,27,96,66,75.14,10.0,68.34,C,Pass,Medium
STU_001527,20,Female,High School,Public,Middle,High School,Urban,70.67,2.73,85.95,70.78,Medium,3.97,2.24,0,0.35,Medium,Noisy,Self-Reading,Rarely,7,,5.93,Fair,3.52,0.07,Rarely,10,High,1,Dedicated,Low,0.37,Hard,30,88,60,83.23,10.0,64.9,D,Pass,Medium
STU_001528,16,Male,Undergraduate,Private,Low,Bachelor,Suburban,45.84,2.0,62.83,40.45,Medium,1.2,0.89,0,2.18,Medium,Quiet,Self-Reading,Daily,5,Excellent,6.93,Good,5.3,0.07,Occasionally,10,Medium,0,Dedicated,Moderate,0.25,Easy,2,86,39,,7.72,43.84,F,Fail,Low
STU_001529,15,Female,High School,Charter,Middle,Associate,Suburban,69.18,2.81,,61.39,Medium,1.75,1.28,1,3.67,High,Noisy,Flashcards,Weekly,9,Excellent,5.66,Fair,6.98,5.92,Rarely,10,High,0,Shared,High,0.77,Hard,25,91,72,60.73,10.0,78.55,B,Pass,Medium
STU_001530,15,Female,Undergraduate,Public,Middle,High School,Rural,59.8,2.16,99.11,75.6,High,2.99,2.52,1,1.18,Medium,Moderate,Self-Reading,Weekly,6,Poor,5.7,,3.57,3.11,Occasionally,10,Medium,1,Shared,High,7.72,Medium,26,92,66,,10.0,73.32,C,Pass,Medium
STU_001531,16,Male,Undergraduate,Public,High,High School,Suburban,64.85,2.74,72.17,67.32,High,1.64,1.4,1,1.62,Medium,Quiet,Practice Tests,Rarely,4,Average,6.04,Fair,4.95,0.32,Rarely,10,Medium,1,Dedicated,Moderate,3.37,Medium,15,93,50,,10.0,55.25,D,Pass,Low
STU_001532,19,Male,High School,Public,Low,Bachelor,Urban,78.45,,84.61,70.49,Low,2.01,1.17,0,0.44,High,Quiet,Group Study,Weekly,6,Poor,7.24,Good,8.76,0.33,Rarely,10,High,1,Dedicated,Moderate,0.04,Hard,28,97,57,48.09,7.53,59.7,D,Pass,Low
STU_001533,15,Female,High School,Private,Middle,Associate,Suburban,41.34,1.91,95.98,79.42,Medium,2.32,1.69,0,0.5,Medium,Quiet,Summarizing,Rarely,5,,6.04,Excellent,5.03,0.45,Rarely,10,High,1,Dedicated,Low,0.71,Easy,21,89,44,88.23,10.0,50.22,D,Pass,Low
STU_001534,17,Male,Undergraduate,Charter,High,Associate,Suburban,86.23,3.54,79.33,74.61,Low,2.63,1.63,0,2.07,Medium,Moderate,Self-Reading,Daily,7,Average,5.49,Good,3.94,1.25,Frequently,10,Medium,1,Dedicated,Low,3.64,Easy,4,94,73,53.1,10.0,78.91,B,Pass,Medium
STU_001535,14,Female,High School,Private,Middle,Associate,Rural,58.5,2.22,88.89,78.36,Medium,4.79,3.07,0,4.44,Medium,Moderate,Practice Tests,Daily,5,Average,5.13,Fair,3.21,1.12,Frequently,10,Medium,1,Dedicated,Low,0.37,Easy,11,96,60,80.84,9.05,63.69,D,Pass,Medium
STU_001536,20,Male,High School,Public,High,Master,Rural,82.18,3.38,92.7,71.68,Medium,3.7,3.26,1,1.13,Low,Quiet,Summarizing,Weekly,6,Average,7.44,Fair,5.27,3.11,Occasionally,9,Low,1,Dedicated,Moderate,3.8,Medium,29,92,92,100.0,10.0,100.0,A,Pass,High
STU_001537,20,Female,High School,Public,High,Bachelor,Rural,60.37,2.4,84.14,59.18,Low,2.08,1.04,0,1.74,High,Quiet,Group Study,Weekly,7,Poor,6.75,Excellent,4.54,3.3,Rarely,10,Medium,1,Shared,Moderate,0.11,Medium,4,85,41,52.1,8.62,51.36,D,Pass,Low
STU_001538,17,Male,High School,Private,Low,Doctorate,Urban,50.17,1.97,90.61,71.31,Medium,1.02,0.53,0,3.18,Low,Quiet,Practice Tests,Daily,5,Excellent,5.23,Fair,5.62,3.12,Frequently,10,Low,1,Shared,Low,1.55,Medium,8,92,41,100.0,10.0,42.98,F,Fail,Low
STU_001539,15,Female,High School,Public,High,Bachelor,Urban,69.5,3.07,92.67,71.01,Medium,3.03,1.62,1,1.83,Medium,Quiet,Flashcards,Daily,7,Average,7.79,Excellent,6.5,1.41,Frequently,10,Medium,1,Shared,Low,1.46,Medium,23,96,83,81.38,10.0,85.96,A,Pass,High
STU_001540,20,Other,High School,Public,Middle,Bachelor,Urban,58.57,2.32,,67.72,Medium,1.72,0.96,1,5.74,Medium,Quiet,Practice Tests,Weekly,5,Excellent,8.34,Fair,2.62,1.1,Rarely,10,Medium,1,Shared,High,4.34,Medium,17,91,48,75.39,6.73,52.23,D,Pass,Low
STU_001541,18,Female,Undergraduate,Public,Lower-Middle,Bachelor,Urban,71.0,2.88,77.59,67.52,Low,1.61,1.41,0,0.24,Medium,Quiet,Flashcards,Daily,4,Average,7.2,Fair,6.73,2.48,Frequently,10,Medium,1,Dedicated,Moderate,2.31,Easy,12,96,55,92.63,10.0,56.45,D,Pass,Low
STU_001542,14,Male,Undergraduate,Public,High,Associate,Rural,60.87,2.35,99.19,100.0,High,7.66,5.87,1,1.05,High,Quiet,Flashcards,Daily,8,Poor,5.23,Poor,3.46,12.0,Frequently,10,Medium,1,Dedicated,Low,0.1,Easy,17,96,66,99.21,9.14,69.27,C,Pass,Medium
STU_001543,14,Female,High School,Public,Lower-Middle,Associate,Urban,81.06,3.31,84.13,47.12,Medium,1.1,0.62,0,4.42,Medium,Noisy,Practice Tests,Weekly,4,Average,8.7,Fair,8.39,1.52,Occasionally,6,High,1,None,Moderate,0.72,Medium,13,95,64,78.09,6.38,66.88,C,Pass,Medium
STU_001544,20,Female,High School,Public,Middle,Bachelor,Rural,88.36,3.66,89.94,58.99,Medium,2.72,1.59,1,5.28,Medium,Quiet,Summarizing,Daily,4,Poor,4.95,Good,4.73,0.24,Occasionally,10,Medium,1,Dedicated,Low,3.48,Hard,22,98,54,,9.69,54.27,D,Pass,Low
STU_001545,16,Male,High School,Public,Lower-Middle,High School,Urban,72.53,3.04,94.62,98.75,Medium,6.19,3.94,0,0.28,Low,Moderate,Group Study,Weekly,4,Average,7.11,Excellent,1.0,0.45,Frequently,10,Medium,1,Dedicated,Moderate,2.9,Easy,13,87,77,87.53,7.32,90.36,A,Pass,High
STU_001546,20,Male,High School,Public,Lower-Middle,Associate,Suburban,86.92,,79.19,64.07,Medium,1.66,0.97,0,2.8,Low,Quiet,Self-Reading,Daily,3,Average,6.04,,5.43,0.93,Frequently,10,Medium,1,Dedicated,Low,5.39,Medium,25,87,64,57.35,8.77,74.94,C,Pass,Medium
STU_001547,16,Female,Undergraduate,Charter,Low,Master,Rural,88.3,3.58,,64.78,Low,3.6,2.16,0,0.59,Low,Moderate,Group Study,Weekly,5,Poor,7.44,Good,1.33,11.53,Frequently,10,Medium,1,Dedicated,High,2.19,Easy,6,99,80,96.98,9.71,80.7,B,Pass,High
STU_001548,20,Female,High School,Charter,Lower-Middle,High School,Urban,68.77,3.07,83.7,74.56,High,4.17,2.31,0,1.05,High,Moderate,Self-Reading,Daily,8,Excellent,6.59,Fair,6.75,1.24,Frequently,10,Low,1,Dedicated,Low,0.7,Easy,16,86,54,69.16,5.44,62.29,D,Pass,Medium
STU_001549,18,Male,High School,Private,Low,Bachelor,Suburban,75.16,3.13,79.88,78.36,Low,4.03,3.47,0,1.28,Medium,Quiet,Flashcards,Daily,6,Excellent,6.02,Fair,4.93,3.1,Occasionally,10,High,1,Shared,High,3.44,Medium,29,91,73,78.42,10.0,79.54,B,Pass,Medium
STU_001550,19,Male,High School,Private,Middle,Master,Urban,79.23,2.86,84.6,52.92,Medium,2.21,1.55,1,0.69,Low,Quiet,Practice Tests,Weekly,10,Average,5.16,Fair,6.53,10.6,Occasionally,10,Medium,1,Shared,Low,1.0,Easy,10,99,72,67.03,9.69,72.88,C,Pass,Medium
STU_001551,14,Other,High School,Public,Lower-Middle,Associate,Rural,69.94,2.73,96.1,74.85,Medium,0.6,0.36,0,0.14,High,Moderate,Summarizing,Daily,6,Average,8.22,Good,4.4,0.32,Occasionally,10,Medium,1,Dedicated,Low,0.82,Medium,29,99,61,84.69,10.0,63.06,D,Pass,Medium
STU_001552,20,Male,High School,Charter,Middle,Bachelor,Rural,91.07,3.39,94.09,100.0,Low,9.32,8.35,0,5.04,Low,Moderate,Flashcards,Weekly,7,Average,5.15,Poor,4.87,2.12,Frequently,9,Low,1,Dedicated,Low,14.78,Medium,6,95,92,78.03,10.0,96.48,A,Pass,High
STU_001553,18,Female,Undergraduate,Private,Low,Master,Suburban,59.54,,92.68,68.66,Medium,2.21,1.74,0,4.76,Medium,Quiet,Practice Tests,Weekly,7,Average,8.31,Poor,4.95,0.74,Rarely,10,Medium,1,Shared,High,1.15,Medium,1,93,58,91.15,10.0,64.62,D,Pass,Medium
STU_001554,16,Male,High School,Public,Middle,,Urban,72.85,2.76,71.42,60.86,Low,1.64,1.42,0,3.78,Low,Quiet,Group Study,Weekly,5,Average,6.04,Good,2.83,0.1,Occasionally,9,Medium,1,Dedicated,Low,6.35,Medium,2,96,48,67.64,9.91,50.79,D,Pass,Low
STU_001555,16,Female,Undergraduate,Public,Lower-Middle,Bachelor,Rural,80.77,3.05,68.38,44.47,High,2.36,1.66,0,0.19,High,Moderate,Group Study,Weekly,3,Average,7.96,Good,5.07,0.02,Rarely,10,Medium,1,Dedicated,High,5.81,Easy,13,90,66,65.75,8.82,72.1,C,Pass,Medium
STU_001556,14,Female,High School,Private,Lower-Middle,High School,Suburban,66.33,,90.89,47.69,Medium,2.84,1.61,0,1.08,Medium,Noisy,Flashcards,Rarely,4,Excellent,6.61,Good,5.88,1.67,Occasionally,8,Medium,1,Dedicated,Moderate,1.95,Medium,24,87,64,58.84,6.42,71.94,C,Pass,Medium
STU_001557,17,Male,High School,Private,Low,,Urban,70.91,2.83,88.61,72.88,Low,1.13,0.77,0,1.76,High,Quiet,Group Study,Weekly,10,,8.25,Poor,5.88,0.03,Rarely,10,Medium,1,Shared,Low,8.95,Medium,16,90,53,88.09,9.11,58.74,D,Pass,Low
STU_001558,20,Male,High School,Public,Low,Bachelor,Suburban,70.19,2.96,72.74,56.31,Medium,1.35,0.69,0,0.13,Low,Moderate,Self-Reading,Weekly,5,Average,5.86,Good,6.22,1.23,Occasionally,8,High,1,Shared,Moderate,4.93,Medium,20,93,59,100.0,8.81,63.86,D,Pass,Medium
STU_001559,15,Male,Undergraduate,Charter,Lower-Middle,High School,Urban,59.23,2.15,82.16,80.0,High,2.66,2.23,1,0.83,Low,Moderate,Self-Reading,Weekly,5,Excellent,8.27,,6.77,0.68,Frequently,10,High,1,Dedicated,Low,0.9,Medium,8,98,57,98.73,10.0,55.59,D,Pass,Low
STU_001560,16,Female,Undergraduate,Charter,Upper-Middle,High School,Urban,48.32,2.12,81.74,79.77,Low,2.62,2.07,0,0.22,Medium,Quiet,Summarizing,Weekly,7,Average,7.51,Excellent,5.6,2.31,Occasionally,10,Medium,1,Dedicated,Low,2.63,Medium,30,87,48,86.43,8.79,52.0,D,Pass,Low
STU_001561,19,Male,High School,Public,Upper-Middle,Associate,Suburban,65.89,,89.48,74.29,Medium,2.16,1.23,0,1.71,Medium,Quiet,Group Study,Daily,6,,5.56,Fair,4.03,1.09,Occasionally,8,Medium,0,Dedicated,Low,4.81,Medium,8,95,56,87.36,8.36,56.52,D,Pass,Low
STU_001562,19,Male,High School,Public,Low,Bachelor,Suburban,70.5,3.19,82.68,65.36,High,0.74,0.45,1,2.31,Medium,Quiet,Practice Tests,Weekly,2,Average,6.33,Poor,5.72,9.15,Rarely,10,Medium,1,Dedicated,High,5.8,Medium,15,94,45,88.88,6.72,46.58,F,Fail,Low
STU_001563,16,Male,Undergraduate,Public,High,Bachelor,Suburban,70.49,2.76,89.7,61.27,Medium,3.07,2.15,0,0.08,Medium,Quiet,Group Study,Daily,4,Average,6.29,Poor,7.27,5.29,Frequently,10,Medium,1,Dedicated,Low,0.5,Medium,30,90,52,,10.0,60.12,D,Pass,Medium
STU_001564,17,Male,High School,Public,Upper-Middle,High School,Urban,68.73,2.84,82.02,52.5,Low,1.95,1.38,0,5.24,Medium,Quiet,Summarizing,Weekly,4,Poor,7.59,Excellent,8.93,1.84,Occasionally,10,Low,1,Dedicated,Low,2.14,Hard,16,85,34,71.07,10.0,42.14,F,Fail,Low
STU_001565,17,Female,High School,Public,High,Bachelor,Suburban,94.53,3.42,91.04,100.0,Medium,8.31,6.56,1,3.1,Medium,Quiet,Summarizing,Daily,10,Average,7.05,Good,5.8,0.27,Rarely,10,Medium,1,Dedicated,Low,1.88,Medium,2,96,78,89.27,9.87,78.55,B,Pass,Medium
STU_001566,18,Other,High School,Public,High,Associate,Rural,84.97,3.46,80.97,66.86,Medium,2.49,2.14,1,1.15,Medium,Noisy,Group Study,Weekly,6,Average,6.35,Good,7.56,2.16,Frequently,9,Medium,1,Dedicated,Low,2.24,Medium,25,95,62,62.79,7.16,64.88,D,Pass,Medium
STU_001567,19,Male,High School,Public,Lower-Middle,Bachelor,Rural,67.72,2.77,93.95,80.18,Medium,2.29,1.66,0,1.32,Medium,Quiet,Self-Reading,Weekly,5,Average,5.85,Good,6.61,1.27,Frequently,10,Low,1,None,Moderate,6.29,Easy,13,99,71,85.5,10.0,70.92,C,Pass,Medium
STU_001568,18,Female,Undergraduate,Public,Low,Bachelor,Urban,56.1,2.37,74.18,62.01,Low,0.7,0.61,0,1.6,Low,Quiet,Summarizing,Daily,2,Average,7.13,Excellent,2.51,0.82,Occasionally,10,High,1,Shared,Moderate,3.25,Hard,16,95,25,80.23,9.97,26.02,F,Fail,Low
STU_001569,19,Male,High School,Public,Middle,High School,Suburban,77.32,3.01,89.46,61.31,High,3.13,2.6,0,4.62,Low,Quiet,Group Study,Weekly,9,Excellent,6.06,Fair,8.25,1.97,Frequently,10,Medium,0,Dedicated,High,0.37,Medium,27,87,49,79.2,10.0,57.47,D,Pass,Low
STU_001570,20,Female,Undergraduate,Public,Middle,Bachelor,Urban,63.37,2.36,79.49,79.94,Medium,5.28,3.53,0,2.22,Medium,Quiet,Flashcards,Weekly,2,Average,5.72,Excellent,5.69,10.32,Occasionally,10,High,1,Shared,Low,3.3,Easy,4,86,49,94.2,10.0,56.33,D,Pass,Low
STU_001571,20,Female,High School,Private,Upper-Middle,Bachelor,Urban,79.3,3.0,,57.01,Medium,3.21,2.8,0,0.18,Medium,Quiet,Flashcards,Rarely,5,Average,7.53,Good,6.37,2.32,Occasionally,7,Medium,1,Dedicated,Moderate,4.41,Hard,11,89,65,86.47,6.01,70.17,C,Pass,Medium
STU_001572,15,Female,Undergraduate,Charter,Low,Master,Rural,63.89,2.52,90.37,85.04,High,3.57,3.06,0,0.79,Low,Quiet,Practice Tests,Daily,5,Excellent,7.82,Good,6.24,0.2,Frequently,10,High,1,Dedicated,High,1.66,Easy,28,93,61,75.81,8.41,67.4,C,Pass,Medium
STU_001573,20,Male,Undergraduate,Public,Middle,Bachelor,Urban,80.83,3.34,79.34,76.23,High,5.48,4.76,0,0.8,High,Quiet,Self-Reading,Weekly,4,Average,6.07,Good,1.39,0.25,Occasionally,10,High,1,Shared,Low,0.33,Medium,13,95,61,58.67,7.91,63.26,D,Pass,Medium
STU_001574,15,Female,Undergraduate,Private,Lower-Middle,Associate,Suburban,63.96,,77.1,50.86,High,1.95,1.56,1,5.01,Medium,Moderate,Summarizing,Rarely,4,Average,8.32,Fair,6.83,0.29,Rarely,10,Low,1,Dedicated,High,0.26,Medium,28,89,49,93.35,10.0,57.5,D,Pass,Low
STU_001575,20,Male,High School,Charter,Lower-Middle,Associate,Suburban,66.69,2.77,87.66,80.12,High,4.43,2.42,0,6.51,Low,Quiet,Group Study,Weekly,7,Average,8.55,Fair,7.37,1.25,Occasionally,10,Medium,1,None,Low,0.23,Hard,16,93,52,81.97,10.0,55.23,D,Pass,Low
STU_001576,14,Male,Undergraduate,Charter,Middle,High School,Rural,83.16,,,56.56,Medium,1.48,0.83,1,3.25,High,Quiet,Summarizing,Daily,2,Average,7.09,Fair,1.92,5.27,Occasionally,10,High,1,Dedicated,Low,0.89,Hard,13,98,39,70.68,10.0,39.98,F,Fail,Low
STU_001577,20,Female,High School,Public,Low,High School,Suburban,73.32,,91.26,76.54,Medium,0.85,0.49,0,1.54,Medium,Quiet,Practice Tests,Rarely,7,Average,5.84,Excellent,4.26,1.34,Frequently,10,Medium,1,Dedicated,Low,1.51,Medium,28,98,48,90.69,8.59,49.69,F,Fail,Low
STU_001578,18,Male,Undergraduate,Public,Low,High School,Urban,68.8,2.92,77.87,74.87,Medium,2.68,1.36,0,3.34,Medium,Moderate,Summarizing,Daily,5,Excellent,7.33,Excellent,4.46,0.21,Occasionally,10,Medium,1,Dedicated,Moderate,3.05,Hard,5,93,36,70.32,10.0,40.84,F,Fail,Low
STU_001579,16,Female,Undergraduate,Public,Lower-Middle,Master,Rural,59.92,2.56,81.59,56.22,High,3.49,2.74,1,4.74,Low,Moderate,Summarizing,Weekly,6,Poor,8.21,Poor,2.84,1.64,Occasionally,8,Low,1,Dedicated,Moderate,0.62,Hard,4,91,45,,6.53,48.55,F,Fail,Low
STU_001580,18,Female,High School,Public,Upper-Middle,Bachelor,Suburban,47.74,2.17,79.45,75.16,Medium,3.4,1.84,1,1.78,Medium,Moderate,Group Study,Rarely,13,Average,5.78,Fair,4.42,0.82,Occasionally,10,Medium,1,Dedicated,High,5.56,Easy,26,93,79,74.28,10.0,84.52,B,Pass,High
STU_001581,16,Male,Undergraduate,Public,Lower-Middle,Master,Suburban,70.95,3.15,74.32,59.4,High,4.0,3.36,0,1.79,High,Quiet,Summarizing,Rarely,9,Poor,10.38,Excellent,6.42,2.13,Frequently,5,Medium,1,Shared,Low,1.74,Easy,3,97,68,,6.06,70.0,C,Pass,Medium
STU_001582,17,Male,Undergraduate,Private,Middle,High School,Rural,53.92,1.97,93.53,89.97,Low,5.3,3.24,1,3.11,Low,Quiet,Summarizing,Weekly,5,Average,5.29,Good,3.99,1.35,Occasionally,10,Medium,1,Dedicated,Moderate,2.57,Hard,5,94,40,68.0,9.72,42.53,F,Fail,Low
STU_001583,18,Male,High School,Private,Middle,Associate,Suburban,65.93,2.57,87.28,65.55,Low,0.65,0.58,0,1.49,Medium,Noisy,Flashcards,Weekly,6,Average,6.61,Excellent,5.33,3.23,Rarely,8,Medium,1,Dedicated,Low,0.56,Hard,26,87,56,82.86,7.74,64.45,D,Pass,Medium
STU_001584,17,Female,Undergraduate,Public,Low,Associate,Rural,81.56,3.14,95.96,78.12,High,3.02,2.28,0,1.84,Medium,Moderate,Summarizing,Weekly,2,Poor,6.24,Fair,4.54,0.48,Rarely,10,High,1,Dedicated,High,2.21,Medium,21,89,53,59.08,10.0,59.45,D,Pass,Low
STU_001585,15,Female,High School,Private,Middle,Associate,Urban,61.03,2.67,96.2,82.67,High,1.88,1.63,0,0.64,Medium,Noisy,Self-Reading,Daily,7,Average,7.53,Fair,5.48,1.58,Rarely,7,High,1,Dedicated,Moderate,7.55,Hard,7,87,43,61.98,8.22,49.06,F,Fail,Low
STU_001586,15,Female,Undergraduate,Public,Middle,Associate,Rural,75.89,2.83,86.84,60.37,Low,2.39,1.78,0,0.42,Medium,Quiet,Flashcards,Daily,7,Excellent,5.88,Fair,4.9,2.27,Occasionally,8,High,1,Shared,Moderate,1.74,Hard,9,98,50,75.11,8.23,52.59,D,Pass,Low
STU_001587,14,Female,High School,Public,Low,Bachelor,Suburban,56.03,2.05,80.89,68.67,Low,0.75,0.43,0,1.94,High,Moderate,Summarizing,Weekly,7,,7.06,Fair,4.05,3.03,Occasionally,10,Medium,1,Dedicated,Moderate,11.42,Medium,27,93,37,80.45,9.35,40.72,F,Fail,Low
STU_001588,20,Male,Undergraduate,Public,Lower-Middle,Associate,Urban,66.73,2.67,73.14,52.06,Medium,0.5,0.42,0,1.29,Medium,Quiet,Self-Reading,Daily,7,Excellent,9.05,Good,2.37,2.74,Frequently,8,Medium,1,Shared,Low,4.42,Medium,5,96,67,77.05,7.93,68.19,C,Pass,Medium
STU_001589,18,Female,Undergraduate,Public,Upper-Middle,High School,Suburban,92.91,3.9,66.19,57.89,Medium,1.76,1.15,0,8.26,Medium,Moderate,Practice Tests,Rarely,9,Average,6.05,Good,3.6,0.12,Frequently,10,Medium,1,Dedicated,Low,1.54,Medium,2,86,57,83.78,10.0,65.19,C,Pass,Medium
STU_001590,17,Female,High School,Charter,Middle,Master,Urban,76.61,2.96,83.51,79.62,Medium,1.86,1.25,1,0.22,Medium,Moderate,Summarizing,Weekly,1,Excellent,5.18,Good,6.04,6.43,Frequently,8,High,1,Shared,Moderate,1.0,Hard,25,98,53,,8.58,57.0,D,Pass,Low
STU_001591,16,Male,Undergraduate,Public,High,High School,Suburban,81.22,3.43,91.66,80.24,Low,5.46,4.46,0,4.81,High,Quiet,Summarizing,Weekly,4,,8.41,Good,9.59,1.09,Frequently,7,High,1,Dedicated,Moderate,3.8,Hard,24,88,55,91.59,3.87,63.27,D,Pass,Medium
STU_001592,15,Male,Undergraduate,Private,Middle,Bachelor,Rural,81.92,3.25,87.71,50.51,Medium,1.76,1.02,0,0.45,Medium,Moderate,Summarizing,Weekly,3,Average,5.62,Good,8.08,1.25,Occasionally,10,Medium,1,Dedicated,Moderate,0.83,Medium,19,99,72,,9.4,75.57,B,Pass,Medium
STU_001593,20,Male,Undergraduate,Private,Middle,Bachelor,Urban,46.85,2.01,75.38,85.16,Low,6.81,4.9,0,0.07,Low,Moderate,Practice Tests,Daily,10,Average,6.93,Fair,2.62,5.95,Rarely,10,High,1,None,Moderate,0.48,Medium,6,90,42,76.12,10.0,45.77,F,Fail,Low
STU_001594,15,Female,High School,Public,Lower-Middle,Bachelor,Suburban,64.76,2.52,100.0,84.01,Medium,3.0,1.99,0,1.46,Medium,Moderate,Practice Tests,Weekly,7,Poor,6.51,Good,3.28,5.68,Frequently,10,Medium,1,Dedicated,Moderate,0.76,Medium,29,85,47,77.29,10.0,53.94,D,Pass,Low
STU_001595,16,Male,High School,Private,Upper-Middle,,Suburban,52.85,2.12,88.49,74.38,Medium,3.24,1.62,0,0.96,Low,Moderate,Group Study,Rarely,4,Average,5.47,Excellent,3.43,1.83,Frequently,10,Medium,0,Dedicated,Moderate,0.59,Easy,11,96,74,92.77,8.92,74.7,C,Pass,Medium
STU_001596,20,Male,High School,Private,Low,Associate,Suburban,80.36,3.36,,78.82,Medium,4.95,4.22,0,0.26,High,Moderate,Flashcards,Weekly,2,Excellent,6.18,Poor,5.33,2.49,Occasionally,10,Medium,0,Shared,High,1.69,Medium,12,99,75,87.47,9.28,76.49,B,Pass,Medium
STU_001597,20,Female,Undergraduate,Charter,Upper-Middle,High School,Suburban,54.05,2.06,86.68,77.46,Low,3.03,1.73,0,0.63,High,Quiet,Practice Tests,Weekly,1,Average,7.46,Good,7.52,0.14,Frequently,10,Low,1,Dedicated,Low,3.26,Easy,1,89,31,72.74,10.0,31.42,F,Fail,Low
STU_001598,17,Male,Undergraduate,Public,Low,High School,Urban,61.78,2.33,89.88,69.05,Medium,2.16,1.4,0,0.77,Medium,Moderate,Summarizing,Daily,3,Average,9.21,Good,1.95,2.87,Occasionally,10,Medium,1,Shared,Moderate,5.35,Medium,4,96,35,69.03,10.0,35.74,F,Fail,Low
STU_001599,17,Male,Undergraduate,Public,Upper-Middle,Bachelor,Urban,73.99,3.14,90.64,76.86,High,1.05,0.64,1,0.19,Medium,Noisy,Group Study,Rarely,0,,7.79,Fair,6.17,1.23,Rarely,10,High,1,Dedicated,Moderate,2.87,Easy,10,90,53,82.66,10.0,56.58,D,Pass,Low
STU_001600,18,Female,Undergraduate,Public,Middle,Associate,Suburban,53.98,2.12,90.68,81.68,Medium,4.1,3.67,0,0.74,Medium,Noisy,Self-Reading,Daily,4,Average,6.66,Good,3.77,0.12,Occasionally,10,High,1,Dedicated,High,1.15,Easy,26,92,68,62.87,10.0,71.51,C,Pass,Medium
STU_001601,18,Male,High School,Public,Middle,Bachelor,Urban,55.49,2.11,89.13,77.18,Medium,1.54,1.14,1,1.66,Low,Noisy,Group Study,Weekly,5,Average,7.7,Excellent,1.75,1.89,Occasionally,10,Medium,1,Shared,Low,0.89,Easy,18,86,39,74.97,10.0,45.13,F,Fail,Low
STU_001602,19,Female,Undergraduate,Public,Lower-Middle,High School,Suburban,67.04,2.81,81.87,51.98,Low,3.21,2.44,0,4.31,Medium,Noisy,Summarizing,Daily,3,Poor,6.84,,9.88,2.96,Occasionally,10,Medium,1,Dedicated,Moderate,5.74,Medium,13,96,57,55.88,7.97,59.07,D,Pass,Low
STU_001603,19,Female,Undergraduate,Public,Middle,Associate,Rural,80.04,3.06,81.85,77.51,Medium,2.55,2.07,1,0.11,High,Quiet,Self-Reading,Daily,1,Average,7.45,Fair,5.09,0.64,Frequently,10,Medium,1,Shared,Low,0.04,Hard,6,85,51,84.43,10.0,62.19,D,Pass,Medium
STU_001604,14,Male,Undergraduate,Private,Upper-Middle,Associate,Urban,66.47,2.68,87.08,98.26,Medium,7.53,6.08,0,1.91,Medium,Quiet,Group Study,Weekly,7,Average,5.52,Fair,6.74,0.07,Occasionally,10,Low,1,Dedicated,High,2.92,Medium,15,98,58,,10.0,59.61,D,Pass,Low
STU_001605,15,Male,High School,Public,Middle,High School,Urban,94.01,3.89,70.79,52.47,High,2.93,2.55,0,0.31,Medium,Noisy,Practice Tests,Rarely,6,Average,8.04,Good,3.45,2.27,Occasionally,10,Medium,1,Dedicated,Low,4.62,Medium,9,96,81,85.39,9.37,84.04,B,Pass,High
STU_001606,18,Male,High School,Private,Low,Bachelor,Suburban,56.35,2.32,100.0,58.83,Medium,3.11,2.63,1,3.56,Medium,Quiet,Flashcards,Weekly,6,Average,5.33,Fair,6.81,1.58,Frequently,10,Medium,1,Shared,Low,0.01,Medium,24,92,50,85.21,8.96,53.75,D,Pass,Low
STU_001607,17,Female,Undergraduate,Public,Lower-Middle,Associate,Suburban,76.47,2.98,83.84,80.63,Low,3.99,2.44,0,5.47,High,Noisy,Practice Tests,Weekly,5,Average,8.47,,4.3,0.75,Occasionally,10,High,1,Dedicated,Moderate,3.99,Easy,28,93,93,75.82,8.46,100.0,A,Pass,High
STU_001608,16,Male,High School,Private,Middle,Master,Rural,66.84,2.62,,81.02,High,3.87,3.04,0,3.4,High,Quiet,Self-Reading,Rarely,4,Average,6.6,Good,5.58,1.84,Frequently,10,Low,1,Shared,Moderate,2.44,Medium,29,85,38,74.95,10.0,43.61,F,Fail,Low
STU_001609,17,Female,Undergraduate,Public,Middle,High School,Suburban,100.0,3.91,77.36,52.0,Medium,4.04,2.09,1,2.29,Medium,Moderate,Flashcards,Weekly,5,,7.34,Fair,7.36,0.81,Occasionally,7,High,1,Dedicated,High,1.67,Easy,10,93,93,75.7,9.39,100.0,A,Pass,High
STU_001610,15,Male,High School,Public,Middle,Bachelor,Suburban,69.68,2.74,87.21,90.27,Medium,8.09,5.81,1,2.67,High,Noisy,Self-Reading,Daily,8,Excellent,5.0,Good,3.37,0.06,Rarely,10,High,0,Shared,Moderate,0.3,Medium,16,92,66,100.0,7.8,69.89,C,Pass,Medium
STU_001611,19,Female,Undergraduate,Public,Middle,Bachelor,Suburban,71.02,2.88,74.53,54.23,Medium,1.67,1.44,0,0.89,Medium,Quiet,Flashcards,Rarely,6,Excellent,7.39,Fair,4.93,0.1,Occasionally,10,Medium,1,Dedicated,High,2.35,Easy,9,97,64,,10.0,68.35,C,Pass,Medium
STU_001612,17,Male,Undergraduate,Public,Low,High School,Urban,59.36,2.46,84.6,80.42,Low,4.59,3.16,1,0.47,Low,Quiet,Practice Tests,Daily,8,Average,6.15,Excellent,3.33,1.05,Frequently,9,Medium,1,Shared,High,1.66,Medium,28,94,54,74.8,6.94,57.22,D,Pass,Low
STU_001613,14,Female,High School,Public,Lower-Middle,High School,Urban,93.41,3.7,93.27,95.72,High,5.27,4.46,0,0.11,High,Quiet,Self-Reading,Rarely,7,Average,7.33,Fair,3.37,0.6,Frequently,10,High,1,None,Moderate,3.19,Medium,23,85,77,48.98,10.0,93.78,A,Pass,High
STU_001614,15,Female,High School,Public,Middle,High School,Rural,68.08,2.76,90.45,88.98,Medium,4.15,3.7,0,1.21,Medium,Moderate,Flashcards,Rarely,5,Poor,6.76,Fair,4.69,4.5,Frequently,7,Low,1,Dedicated,Moderate,2.23,Medium,21,93,61,65.79,6.59,65.45,C,Pass,Medium
STU_001615,19,Female,High School,Public,Middle,Associate,Urban,62.02,2.67,82.38,65.52,Medium,2.7,2.13,0,0.27,Medium,Quiet,Flashcards,Weekly,6,Average,5.65,Fair,4.14,0.55,Occasionally,10,High,1,Dedicated,Moderate,3.34,Medium,25,92,58,79.44,8.94,61.54,D,Pass,Medium
STU_001616,16,Male,High School,Public,Low,High School,Urban,74.14,2.97,77.29,40.37,High,2.97,2.31,1,0.38,Medium,Quiet,Self-Reading,Daily,2,Average,8.59,Good,4.56,2.24,Occasionally,10,Medium,1,Dedicated,Low,0.66,Hard,24,93,55,39.04,9.1,55.96,D,Pass,Low
STU_001617,19,Female,High School,Charter,Lower-Middle,High School,Rural,62.53,2.61,69.62,77.53,Low,5.35,2.75,0,7.18,Medium,Quiet,Self-Reading,Weekly,7,Average,8.22,Good,6.25,1.74,Frequently,8,High,1,Shared,Low,1.54,Hard,21,89,59,100.0,7.42,63.86,D,Pass,Medium
STU_001618,20,Female,Undergraduate,Private,High,Master,Urban,57.1,2.36,83.42,79.78,Low,3.38,2.17,0,0.33,High,Quiet,Flashcards,Daily,7,Excellent,7.87,,3.82,0.38,Frequently,7,High,1,Dedicated,Moderate,6.23,Hard,29,97,60,88.14,10.0,62.06,D,Pass,Medium
STU_001619,14,Female,Undergraduate,Public,Middle,,Urban,68.33,2.9,,62.95,Low,2.59,1.97,0,0.17,Medium,Moderate,Practice Tests,Daily,2,Average,6.36,Good,6.75,0.99,Occasionally,7,Low,1,Dedicated,Moderate,0.39,Medium,26,89,71,84.53,7.84,79.46,B,Pass,Medium
STU_001620,15,Male,Undergraduate,Public,Lower-Middle,Associate,Urban,76.97,2.81,,82.59,Medium,3.36,2.22,0,0.64,Medium,Moderate,Summarizing,Weekly,7,Average,5.98,Poor,3.68,1.74,Occasionally,10,Medium,1,Shared,High,4.39,Medium,25,97,79,70.23,9.8,80.66,B,Pass,High
STU_001621,16,Male,High School,Public,Lower-Middle,Associate,Suburban,64.37,2.35,74.22,65.58,High,5.88,3.23,0,9.41,High,Quiet,Practice Tests,Weekly,8,Average,6.61,Poor,4.14,0.54,Occasionally,8,High,1,Shared,Moderate,2.11,Medium,15,86,52,74.58,6.77,60.4,D,Pass,Medium
STU_001622,14,Female,Undergraduate,Private,Middle,Associate,Urban,74.44,3.08,87.03,59.94,Low,1.8,1.04,1,0.77,Medium,Quiet,Practice Tests,Daily,6,Average,6.36,,2.83,2.23,Occasionally,8,High,1,Shared,Low,0.26,Medium,16,99,51,42.98,5.62,50.94,D,Pass,Low
STU_001623,19,Male,High School,Private,Middle,High School,Rural,97.82,3.77,87.39,72.49,Medium,3.13,2.4,0,3.87,Medium,Noisy,Flashcards,Weekly,4,Poor,8.71,,3.15,2.81,Rarely,9,High,1,Dedicated,High,0.07,Medium,26,100,97,76.66,9.53,97.6,A,Pass,High
STU_001624,14,Female,Undergraduate,Public,High,High School,Suburban,81.8,3.58,96.74,88.51,Medium,3.06,2.49,0,0.2,Low,Quiet,Flashcards,Daily,4,Average,6.94,Good,4.63,1.32,Frequently,10,Low,1,Shared,Low,0.97,Easy,11,88,76,70.74,9.23,85.42,A,Pass,High
STU_001625,15,Female,Undergraduate,Public,Lower-Middle,Associate,Urban,62.78,2.73,81.22,56.81,Low,2.23,1.3,0,0.53,Low,Quiet,Flashcards,Weekly,5,Average,7.88,Excellent,8.07,3.56,Frequently,10,Medium,1,Dedicated,High,2.8,Medium,24,85,56,,9.52,62.57,D,Pass,Medium
STU_001626,18,Male,High School,Public,Lower-Middle,Bachelor,Rural,73.08,2.91,86.94,65.43,Medium,1.8,1.24,0,0.61,High,Noisy,Group Study,Rarely,2,Average,7.67,Fair,3.99,4.24,Frequently,10,Medium,1,Shared,Moderate,2.63,Medium,13,95,67,90.31,6.78,69.35,C,Pass,Medium
STU_001627,14,Male,Undergraduate,Private,Low,Bachelor,Urban,71.36,2.78,79.25,65.32,Medium,2.95,1.52,0,3.26,Low,Quiet,Flashcards,Daily,3,Average,7.07,Poor,5.24,9.0,Frequently,10,High,1,Dedicated,Moderate,3.95,Hard,13,90,41,85.13,9.75,45.04,F,Fail,Low
STU_001628,20,Female,High School,Public,Low,Associate,Urban,69.02,2.65,72.2,47.86,Medium,0.5,0.27,0,2.22,Low,Quiet,Group Study,Weekly,3,Excellent,6.19,Fair,7.87,0.01,Occasionally,10,High,1,Dedicated,Moderate,1.38,Medium,15,100,53,83.36,8.19,51.39,D,Pass,Low
STU_001629,14,Female,High School,Public,Lower-Middle,Associate,Suburban,49.23,1.98,78.27,79.25,Medium,3.36,2.6,1,0.92,Medium,Moderate,Self-Reading,Weekly,6,Average,6.18,Fair,3.95,7.76,Occasionally,10,Medium,1,Dedicated,Low,0.44,Easy,17,94,47,53.58,7.02,49.13,F,Fail,Low
STU_001630,19,Other,High School,Private,Middle,Bachelor,Suburban,86.01,3.42,93.79,82.92,Medium,4.48,3.6,0,5.37,High,Quiet,Summarizing,Weekly,5,Average,5.57,Fair,5.38,1.68,Occasionally,10,Medium,1,Shared,Low,0.38,Hard,17,99,74,67.67,10.0,75.81,B,Pass,Medium
STU_001631,19,Male,High School,Private,Lower-Middle,Master,Rural,63.74,2.39,93.0,96.18,Medium,4.44,3.96,1,3.76,Low,Moderate,Flashcards,Weekly,5,Excellent,6.83,Good,6.98,0.43,Occasionally,10,Medium,1,Dedicated,Moderate,1.65,Medium,16,97,65,100.0,9.07,68.72,C,Pass,Medium
STU_001632,16,Male,High School,Public,Lower-Middle,Bachelor,Rural,62.56,2.31,83.76,74.42,Low,3.46,2.48,0,0.58,Medium,Noisy,Summarizing,Weekly,5,,8.9,Good,3.34,0.76,Occasionally,7,High,1,Dedicated,Moderate,2.76,Medium,7,98,70,80.79,3.68,72.02,C,Pass,Medium
STU_001633,19,Female,Undergraduate,Public,Upper-Middle,Master,Suburban,66.66,2.76,79.95,82.89,Low,6.34,4.25,1,4.33,Low,Quiet,Flashcards,Rarely,3,Average,8.12,Good,4.86,3.5,Frequently,9,High,1,Dedicated,Moderate,2.71,Medium,24,90,68,65.17,8.74,73.92,C,Pass,Medium
STU_001634,17,Female,Undergraduate,Charter,Middle,,Rural,88.96,3.76,,87.32,Low,5.96,3.84,0,2.03,Medium,Quiet,Practice Tests,Weekly,7,Average,7.62,Good,6.13,4.6,Frequently,8,Medium,1,Dedicated,Moderate,3.14,Easy,27,99,99,84.64,6.5,100.0,A,Pass,High
STU_001635,15,Female,High School,Public,Lower-Middle,High School,Urban,69.58,2.85,82.59,52.25,Medium,1.22,0.75,0,1.44,High,Quiet,Group Study,Daily,4,Average,8.6,Good,7.57,3.4,Frequently,10,Low,1,Shared,High,4.89,Medium,26,97,58,88.75,9.16,60.36,D,Pass,Medium
STU_001636,15,Male,High School,Public,Low,,Urban,67.95,2.83,86.1,55.95,Medium,1.84,0.94,1,1.74,Low,Moderate,Flashcards,Weekly,3,,7.74,,6.27,6.31,Occasionally,8,Medium,1,Dedicated,Moderate,6.42,Easy,21,87,72,100.0,7.56,80.48,B,Pass,High
STU_001637,18,Female,High School,Public,Middle,High School,Suburban,85.31,3.48,98.51,77.93,Medium,0.97,0.66,0,2.04,High,Quiet,Summarizing,Daily,7,Excellent,5.06,Fair,1.98,4.66,Occasionally,8,Medium,1,Dedicated,Low,0.78,Medium,6,90,64,89.04,8.46,66.75,C,Pass,Medium
STU_001638,18,Male,High School,Private,Lower-Middle,,Rural,66.16,2.53,,69.59,High,2.69,2.23,1,0.16,Low,Moderate,Summarizing,Daily,4,Average,4.63,Excellent,7.89,3.1,Frequently,9,High,0,None,Low,3.3,Medium,16,89,43,68.23,9.7,49.28,F,Fail,Low
STU_001639,15,Male,Undergraduate,Private,Low,High School,Suburban,69.05,2.8,82.32,74.83,Medium,7.22,4.89,0,0.2,Medium,Quiet,Self-Reading,Weekly,8,Excellent,7.76,Excellent,3.79,3.11,Frequently,10,Medium,1,Dedicated,High,5.46,Easy,12,92,79,82.31,8.66,84.66,B,Pass,High
STU_001640,20,Male,High School,Public,Upper-Middle,Bachelor,Suburban,69.35,2.76,75.33,56.71,Medium,3.06,1.63,0,3.86,Medium,Quiet,Summarizing,Weekly,5,Average,8.04,,1.0,4.12,Rarely,8,High,1,Dedicated,Moderate,6.47,Medium,14,93,53,74.52,7.62,58.13,D,Pass,Low
STU_001641,18,Male,High School,Private,Middle,Bachelor,Urban,60.33,2.16,96.4,68.02,Low,2.22,1.78,1,0.09,Medium,Quiet,Group Study,Weekly,2,Average,7.24,Fair,6.33,0.07,Occasionally,9,Low,1,Dedicated,Low,0.33,Hard,8,99,32,78.6,10.0,33.24,F,Fail,Low
STU_001642,16,Female,Undergraduate,Charter,Middle,High School,Suburban,72.04,2.79,82.02,89.93,Medium,5.98,4.26,0,0.35,Medium,Moderate,Summarizing,Rarely,6,Average,5.85,Good,7.24,1.63,Frequently,10,Medium,0,Dedicated,Moderate,14.88,Easy,12,93,73,79.67,9.76,80.02,B,Pass,High
STU_001643,19,Female,Undergraduate,Public,High,Master,Urban,68.24,2.54,82.74,79.54,High,1.13,0.95,0,3.72,Medium,Quiet,Self-Reading,Daily,4,Excellent,8.03,Poor,5.16,0.11,Frequently,10,Low,1,Shared,Low,1.16,Hard,30,97,49,52.57,10.0,50.31,D,Pass,Low
STU_001644,15,Female,High School,Public,Upper-Middle,Bachelor,Suburban,70.16,2.8,90.45,81.23,Medium,3.2,2.6,0,2.51,High,Quiet,Summarizing,Daily,6,Average,7.27,Excellent,3.9,1.08,Frequently,8,Medium,1,Dedicated,High,2.91,Hard,21,86,52,60.22,7.5,58.26,D,Pass,Low
STU_001645,18,Male,High School,Public,High,Bachelor,Rural,63.32,2.59,89.93,63.66,Medium,0.54,0.33,1,0.54,Low,Noisy,Group Study,Daily,2,Average,6.3,Fair,2.98,0.27,Frequently,10,High,1,Shared,High,1.11,Hard,30,95,34,93.11,9.53,36.39,F,Fail,Low
STU_001646,15,Female,Undergraduate,Private,Middle,Associate,Urban,68.17,2.69,,65.71,Low,1.99,1.72,0,1.07,Medium,Quiet,Summarizing,Daily,10,Average,8.18,Fair,9.24,0.51,Frequently,7,Medium,1,Dedicated,Low,0.57,Easy,28,90,70,84.51,4.52,79.64,B,Pass,Medium
STU_001647,17,Male,High School,Private,Upper-Middle,High School,Urban,71.63,2.89,82.22,67.49,Low,1.06,0.91,0,5.88,Low,Moderate,Practice Tests,Daily,6,Average,6.61,Fair,2.76,5.33,Frequently,10,Medium,1,Dedicated,Low,1.25,Easy,27,93,59,80.76,10.0,62.46,D,Pass,Medium
STU_001648,14,Male,High School,Private,Low,Master,Rural,63.5,2.66,89.37,68.16,Medium,1.35,0.75,0,1.44,Medium,Quiet,Flashcards,Daily,5,Poor,7.62,Good,5.58,2.18,Occasionally,8,High,1,Dedicated,Moderate,3.86,Hard,18,100,51,90.52,7.16,52.16,D,Pass,Low
STU_001649,19,Female,High School,Private,Middle,Bachelor,Urban,58.34,2.39,84.34,60.1,Medium,3.31,2.43,1,0.66,Medium,Moderate,Summarizing,Daily,2,Excellent,9.6,Excellent,3.2,0.77,Occasionally,10,Medium,1,Dedicated,High,12.67,Easy,22,88,50,50.16,10.0,59.79,D,Pass,Low
STU_001650,15,Female,High School,Public,Middle,Master,Urban,59.65,2.45,78.97,50.94,Medium,1.27,0.87,1,2.61,High,Quiet,Group Study,Rarely,3,Average,5.68,Good,4.03,7.65,Frequently,10,Low,1,Dedicated,Low,8.82,Medium,23,87,38,75.67,8.66,45.06,F,Fail,Low
STU_001651,14,Female,Undergraduate,Public,Middle,Associate,Urban,71.73,,85.83,46.34,Medium,2.32,1.97,1,1.39,Medium,Quiet,Self-Reading,Weekly,8,Average,8.15,Good,6.38,0.57,Occasionally,10,Medium,0,Dedicated,Moderate,1.64,Medium,5,93,59,,7.94,61.89,D,Pass,Medium
STU_001652,18,Male,High School,Private,Low,Bachelor,Suburban,61.95,2.52,89.97,78.93,High,3.4,2.04,0,0.04,High,Quiet,Self-Reading,Weekly,6,Average,6.2,Poor,4.09,0.32,Frequently,10,High,1,Shared,High,0.49,Medium,5,97,53,86.56,10.0,54.8,D,Pass,Low
STU_001653,14,Male,High School,Public,Upper-Middle,Associate,Urban,69.05,3.06,79.52,61.34,Low,3.1,2.64,1,2.19,Low,Moderate,Self-Reading,Weekly,9,Poor,6.03,Good,4.76,1.29,Rarely,10,Medium,0,Dedicated,Moderate,4.99,Medium,23,98,60,80.7,10.0,63.03,D,Pass,Medium
STU_001654,19,Male,Undergraduate,Public,Middle,Associate,Suburban,66.54,2.71,,76.69,High,3.21,1.96,1,1.98,Medium,Moderate,Flashcards,Rarely,4,Average,7.08,Fair,3.02,0.57,Occasionally,10,High,1,Shared,High,3.47,Medium,8,86,64,54.51,10.0,76.03,B,Pass,Medium
STU_001655,15,Female,Undergraduate,Public,Lower-Middle,,Urban,62.51,2.5,79.91,75.77,High,3.02,2.16,0,8.2,High,Quiet,Practice Tests,Daily,4,Poor,6.79,Excellent,6.15,2.31,Frequently,10,High,1,Dedicated,Low,7.2,Easy,23,97,49,,9.11,51.83,D,Pass,Low
STU_001656,17,Male,Undergraduate,Charter,Lower-Middle,Associate,Urban,80.55,3.48,89.78,85.82,Low,6.21,3.72,0,6.59,Medium,Quiet,Flashcards,Rarely,15,,6.73,Good,7.54,3.51,Occasionally,10,High,1,Shared,High,0.44,Medium,7,97,87,55.05,10.0,91.64,A,Pass,High
STU_001657,20,Male,Undergraduate,Private,Lower-Middle,,Suburban,73.45,,82.23,67.29,Medium,3.77,3.22,0,1.78,Medium,Quiet,Flashcards,Rarely,7,Poor,7.23,Fair,6.53,4.4,Occasionally,10,High,1,Dedicated,Low,1.04,Hard,11,100,48,,10.0,48.77,F,Fail,Low
STU_001658,18,Male,High School,Public,High,Bachelor,Rural,97.51,3.99,,68.25,Medium,2.22,1.33,0,1.1,Low,Noisy,Practice Tests,Weekly,8,Average,8.24,Good,3.95,0.43,Rarely,9,Low,1,Dedicated,Low,3.86,Medium,6,94,76,80.37,9.65,80.3,B,Pass,High
STU_001659,15,Female,High School,Private,Low,Master,Urban,64.63,2.7,93.79,89.36,Low,5.2,3.07,0,1.88,Medium,Quiet,Group Study,Weekly,10,Average,7.02,Excellent,4.67,0.31,Frequently,10,Medium,1,Dedicated,Moderate,1.02,Hard,28,93,63,88.67,7.29,66.16,C,Pass,Medium
STU_001660,19,Female,High School,Private,Lower-Middle,Bachelor,Urban,82.01,3.45,70.74,56.45,Low,1.41,0.89,0,1.81,Medium,Moderate,Flashcards,Weekly,3,Average,9.84,,4.8,0.33,Rarely,10,High,1,Dedicated,Moderate,7.26,Medium,14,85,51,77.51,9.52,59.35,D,Pass,Low
STU_001661,18,Female,Undergraduate,Public,Upper-Middle,Master,Suburban,88.81,3.33,,97.3,High,5.42,2.89,1,5.03,Medium,Noisy,Group Study,Rarely,6,Average,8.02,Fair,8.01,1.52,Rarely,10,Medium,1,Dedicated,Low,5.54,Easy,2,92,79,89.68,9.63,85.24,A,Pass,High
STU_001662,16,Female,High School,Charter,High,High School,Rural,75.64,3.28,,52.51,Medium,1.7,1.19,0,2.11,Low,Quiet,Flashcards,Weekly,11,Poor,6.75,Good,4.51,1.45,Occasionally,10,Medium,1,Dedicated,Low,3.02,Medium,17,92,78,100.0,7.93,85.19,A,Pass,High
STU_001663,14,Male,Undergraduate,Public,High,Bachelor,Urban,50.72,2.21,94.06,80.75,Medium,3.24,2.6,0,1.55,High,Quiet,Group Study,Rarely,5,Average,7.09,Excellent,4.92,5.68,Occasionally,10,Medium,1,None,Moderate,15.09,Medium,20,85,40,93.65,10.0,48.65,F,Fail,Low
STU_001664,20,Male,High School,Public,Low,Bachelor,Suburban,60.66,2.77,75.94,78.57,High,7.1,4.45,0,6.38,Low,Quiet,Self-Reading,Weekly,6,,8.22,,6.43,0.66,Occasionally,8,High,1,Dedicated,Moderate,0.21,Medium,30,97,67,64.71,8.88,68.76,C,Pass,Medium
STU_001665,19,Female,Undergraduate,Private,Lower-Middle,High School,Urban,74.26,2.93,81.33,85.44,Medium,3.11,2.77,0,2.35,Medium,Quiet,Practice Tests,Weekly,1,Poor,5.5,Excellent,3.74,1.24,Occasionally,10,Medium,1,Dedicated,Moderate,0.9,Easy,12,100,69,66.52,10.0,66.29,C,Pass,Medium
STU_001666,16,Female,High School,Public,Upper-Middle,,Suburban,95.9,3.85,84.67,66.56,Low,2.52,1.59,0,0.3,Medium,Moderate,Self-Reading,Weekly,10,,8.09,Poor,3.2,1.17,Occasionally,6,Low,0,Dedicated,Moderate,3.43,Medium,29,85,77,86.32,7.63,93.79,A,Pass,High
STU_001667,15,Female,High School,Private,High,High School,Urban,69.02,2.6,91.1,67.84,High,2.37,1.27,1,0.38,High,Moderate,Summarizing,Daily,7,Excellent,8.87,Fair,6.99,7.52,Frequently,10,High,1,Shared,Low,0.42,Medium,11,98,74,,8.89,75.37,B,Pass,Medium
STU_001668,17,Female,High School,Private,Middle,Associate,Suburban,48.45,,88.78,64.71,High,2.36,1.85,0,5.79,High,Quiet,Flashcards,Weekly,1,Average,7.62,Poor,5.18,0.6,Occasionally,10,High,1,Dedicated,High,2.41,Medium,30,97,44,79.55,9.39,44.77,F,Fail,Low
STU_001669,18,Female,High School,Private,Lower-Middle,,Suburban,70.45,2.63,78.13,66.19,Low,2.28,1.37,0,1.07,Medium,Noisy,Flashcards,Rarely,6,Average,7.89,Good,3.07,3.54,Occasionally,7,High,1,Dedicated,Moderate,1.03,Medium,23,91,79,90.98,7.68,86.84,A,Pass,High
STU_001670,14,Female,Undergraduate,Public,Upper-Middle,High School,Suburban,70.62,2.95,85.52,63.6,Low,1.06,0.83,1,2.0,High,Noisy,Flashcards,Rarely,4,Average,8.37,Poor,7.11,3.18,Frequently,10,Medium,1,Dedicated,Low,1.09,Medium,24,98,41,91.19,10.0,40.76,F,Fail,Low
STU_001671,18,Female,Undergraduate,Private,Low,Associate,Urban,56.2,2.05,72.04,76.34,Medium,1.62,1.14,0,0.7,Low,Quiet,Summarizing,Weekly,5,Average,3.92,Poor,4.72,1.48,Frequently,9,Medium,1,Dedicated,Moderate,1.88,Medium,16,96,43,55.26,8.07,41.59,F,Fail,Low
STU_001672,20,Male,High School,Public,Lower-Middle,Bachelor,Suburban,65.0,2.37,83.59,51.93,Medium,3.3,1.7,0,0.97,Medium,Quiet,Practice Tests,Weekly,6,Excellent,8.81,Good,3.87,7.34,Occasionally,6,Medium,1,Shared,Low,14.0,Easy,16,99,82,59.51,5.13,82.62,B,Pass,High
STU_001673,15,Male,Undergraduate,Private,Middle,Master,Rural,95.33,3.82,,78.62,Medium,2.78,2.32,1,2.68,Low,Quiet,Self-Reading,Rarely,3,Average,7.29,Poor,1.59,2.22,Occasionally,10,Low,1,Dedicated,High,0.77,Hard,1,99,49,87.27,9.73,48.04,F,Fail,Low
STU_001674,18,Female,High School,Public,Lower-Middle,Master,Suburban,75.23,3.15,78.37,52.99,Medium,2.71,2.4,0,2.14,High,Moderate,Self-Reading,Rarely,4,Average,6.02,Excellent,1.99,0.33,Occasionally,7,Medium,1,Dedicated,Moderate,2.05,Medium,11,92,60,71.56,8.88,67.98,C,Pass,Medium
STU_001675,14,Male,High School,Public,Lower-Middle,,Urban,82.53,3.21,,66.66,High,2.99,1.65,0,1.14,Medium,Noisy,Flashcards,Weekly,6,Excellent,6.15,Poor,6.85,1.53,Rarely,8,Medium,1,Shared,Moderate,2.4,Hard,18,95,77,86.41,8.64,82.58,B,Pass,High
STU_001676,15,Female,High School,Private,Middle,High School,Suburban,59.49,,87.57,61.22,Low,2.97,2.46,0,2.01,Medium,Moderate,Self-Reading,Rarely,7,Average,5.0,Fair,3.84,1.19,Frequently,10,Medium,0,Dedicated,Moderate,2.87,Medium,15,92,48,73.3,9.14,51.91,D,Pass,Low
STU_001677,18,Male,High School,Public,Middle,High School,Urban,74.19,3.08,88.72,68.49,High,2.48,2.18,0,0.42,Medium,Moderate,Self-Reading,Daily,4,Poor,6.28,Good,5.26,1.97,Occasionally,10,Medium,1,Dedicated,Low,7.85,Medium,21,91,71,88.75,10.0,78.28,B,Pass,Medium
STU_001678,17,Male,High School,Public,Upper-Middle,Bachelor,Suburban,55.73,2.07,,78.43,Low,4.72,3.11,0,0.02,Medium,Moderate,Flashcards,Weekly,7,Average,6.05,Good,2.32,3.12,Occasionally,10,High,1,Shared,Moderate,2.07,Medium,24,85,50,89.32,10.0,62.29,D,Pass,Medium
STU_001679,19,Female,High School,Public,Low,Doctorate,Rural,62.13,2.51,79.65,47.01,Medium,2.92,1.71,0,1.24,Low,Quiet,Group Study,Rarely,4,Excellent,8.34,Fair,6.21,1.35,Occasionally,10,Medium,1,Dedicated,High,14.79,Hard,29,97,49,84.45,7.65,49.22,F,Fail,Low
STU_001680,15,Female,Undergraduate,Public,Middle,Bachelor,Suburban,65.0,2.46,85.53,63.98,High,3.34,2.6,0,1.27,High,Moderate,Summarizing,Weekly,4,Excellent,6.14,Good,8.46,6.11,Occasionally,10,Medium,1,Dedicated,Moderate,4.0,Easy,24,92,63,100.0,9.16,68.55,C,Pass,Medium
STU_001681,19,Male,Undergraduate,Public,Middle,Bachelor,Urban,74.09,2.95,75.69,65.42,Medium,3.2,2.32,0,0.08,Medium,Moderate,Practice Tests,Weekly,3,Excellent,7.83,Good,6.41,1.1,Occasionally,9,Medium,1,Dedicated,Moderate,5.37,Easy,8,92,78,88.79,8.15,82.72,B,Pass,High
STU_001682,15,Male,High School,Public,Upper-Middle,Bachelor,Rural,73.98,3.2,90.53,53.83,Medium,0.84,0.56,1,4.29,Low,Moderate,Flashcards,Rarely,2,Average,7.4,Poor,4.07,2.91,Frequently,10,Medium,1,Shared,Moderate,5.15,Medium,10,96,47,67.33,8.28,45.27,F,Fail,Low
STU_001683,17,Male,Undergraduate,Public,High,,Rural,81.93,3.38,81.05,70.49,Medium,2.97,2.56,0,4.42,Medium,Noisy,Self-Reading,Weekly,6,,6.89,Excellent,7.65,2.82,Frequently,10,High,0,Shared,Low,9.56,Hard,21,90,62,92.04,7.89,65.75,C,Pass,Medium
STU_001684,19,Male,Undergraduate,Private,Middle,Master,Rural,61.22,2.38,84.98,55.57,Low,0.68,0.48,1,0.16,High,Quiet,Summarizing,Weekly,3,Poor,7.5,,6.49,2.75,Rarely,8,Low,1,Dedicated,High,1.33,Medium,12,99,51,85.82,7.84,50.94,D,Pass,Low
STU_001685,16,Female,Undergraduate,Private,Lower-Middle,High School,Rural,60.96,2.39,82.69,69.22,Low,5.17,3.11,0,0.26,Medium,Moderate,Summarizing,Daily,3,Excellent,8.21,Fair,4.33,3.35,Frequently,10,Low,1,Dedicated,High,0.64,Easy,21,89,61,81.26,10.0,64.16,D,Pass,Medium
STU_001686,14,Male,Undergraduate,Public,High,High School,Suburban,89.03,3.55,100.0,85.33,Low,2.85,2.0,0,2.14,Medium,Moderate,Group Study,Weekly,3,Excellent,6.0,,3.8,1.95,Rarely,10,Low,1,Dedicated,Moderate,3.39,Medium,27,97,68,84.28,10.0,70.04,C,Pass,Medium
STU_001687,16,Female,Undergraduate,Private,Middle,Bachelor,Rural,70.0,3.07,84.01,81.47,High,5.38,3.34,0,4.83,High,Quiet,Practice Tests,Weekly,9,,7.94,Fair,3.81,0.1,Frequently,10,Low,1,Dedicated,Low,4.15,Medium,20,100,59,69.82,9.25,58.37,D,Pass,Low
STU_001688,18,Male,High School,Private,Low,High School,Suburban,61.95,2.36,87.9,75.17,Low,2.52,2.17,1,7.87,Medium,Quiet,Summarizing,Daily,6,Average,7.84,Good,4.7,0.2,Occasionally,10,High,1,Dedicated,Low,2.54,Medium,25,98,47,,10.0,45.83,F,Fail,Low
STU_001689,17,Female,High School,Charter,Low,Master,Urban,63.61,2.59,87.05,91.19,High,6.19,3.1,0,0.71,Medium,Moderate,Self-Reading,Daily,7,Excellent,6.61,Excellent,6.27,1.18,Frequently,9,Low,1,Dedicated,Low,0.77,Medium,28,94,75,73.46,8.89,80.19,B,Pass,High
STU_001690,16,Other,Undergraduate,Public,Lower-Middle,Bachelor,Suburban,74.72,2.92,85.27,70.36,Low,3.75,2.83,0,1.15,Medium,Quiet,Group Study,Weekly,5,Average,7.29,Good,3.01,0.67,Occasionally,9,Low,1,Dedicated,Low,2.07,Medium,10,86,59,90.33,7.1,71.74,C,Pass,Medium
STU_001691,15,Male,High School,Charter,High,High School,Suburban,85.7,3.43,75.81,56.67,Medium,3.49,2.91,0,0.7,Medium,Moderate,Group Study,Weekly,11,Average,6.87,Good,5.03,0.16,Rarely,10,High,1,Dedicated,Low,5.87,Medium,1,94,64,,6.92,66.87,C,Pass,Medium
STU_001692,18,Female,High School,Private,Lower-Middle,High School,Rural,73.35,2.83,80.44,74.21,Low,1.92,0.98,0,0.53,Medium,Noisy,Practice Tests,Weekly,3,Average,8.39,Excellent,2.48,6.22,Occasionally,6,Medium,1,Dedicated,High,3.24,Easy,11,87,41,65.63,7.71,51.82,D,Pass,Low
STU_001693,18,Male,Undergraduate,Private,High,,Urban,73.73,,,59.26,High,1.53,1.18,0,4.04,Medium,Moderate,Flashcards,Weekly,5,,9.46,Excellent,7.36,0.56,Frequently,7,High,1,Shared,High,2.87,Easy,5,85,70,91.72,5.05,82.38,B,Pass,High
STU_001694,16,Male,High School,Public,Middle,Associate,Urban,63.02,,86.76,72.93,Medium,3.21,1.7,0,0.08,Medium,Quiet,Self-Reading,Daily,5,Average,5.57,Excellent,8.73,0.1,Rarely,10,High,1,Dedicated,Low,0.11,Hard,28,85,36,75.95,8.63,40.16,F,Fail,Low
STU_001695,16,Male,High School,Public,Middle,Doctorate,Urban,56.83,2.39,100.0,85.81,Medium,1.79,1.21,0,1.45,High,Quiet,Practice Tests,Daily,2,,5.47,Good,4.92,1.27,Frequently,10,Low,1,Dedicated,Low,0.53,Easy,20,88,67,66.86,10.0,76.97,B,Pass,Medium
STU_001696,17,Male,High School,Private,Middle,,Suburban,70.34,3.06,86.03,62.83,High,5.77,3.95,1,1.12,High,Quiet,Self-Reading,Rarely,4,Poor,6.65,Poor,5.04,0.43,Occasionally,10,High,1,Dedicated,High,0.2,Easy,15,91,58,49.71,10.0,62.73,D,Pass,Medium
STU_001697,14,Female,High School,Public,Lower-Middle,Associate,Suburban,72.08,,96.91,95.74,Medium,2.8,1.43,1,3.11,High,Noisy,Self-Reading,Weekly,5,Excellent,8.79,Fair,6.78,1.1,Occasionally,10,High,1,Dedicated,High,0.49,Medium,19,91,64,80.19,8.63,70.26,C,Pass,Medium
STU_001698,16,Female,High School,Charter,Low,High School,Urban,73.52,3.13,78.87,66.46,Medium,1.92,1.57,0,0.31,High,Quiet,Flashcards,Weekly,2,Average,7.01,Fair,5.59,7.01,Occasionally,10,Medium,1,Shared,High,1.59,Hard,23,87,37,65.83,10.0,44.34,F,Fail,Low
STU_001699,20,Female,Undergraduate,Charter,High,Master,Suburban,68.98,2.6,88.54,74.61,High,1.35,0.77,0,6.56,Low,Noisy,Self-Reading,Daily,5,Average,8.39,Fair,7.87,2.16,Frequently,10,High,1,Dedicated,Low,2.22,Hard,4,90,55,59.13,8.53,59.86,D,Pass,Low
STU_001700,16,Female,High School,Private,Middle,Master,Urban,69.1,2.5,92.23,89.81,Medium,6.39,5.62,0,3.84,High,Moderate,Flashcards,Rarely,8,Poor,7.13,Good,2.73,6.72,Rarely,10,Medium,1,Dedicated,Low,1.19,Hard,22,98,58,82.48,10.0,60.55,D,Pass,Medium
STU_001701,19,Male,High School,Public,High,High School,Urban,58.46,2.43,83.35,70.87,High,2.03,1.29,0,1.43,Medium,Quiet,Summarizing,Rarely,6,Average,4.79,Good,7.95,7.61,Rarely,10,Medium,1,Shared,Moderate,3.72,Hard,17,85,36,72.32,8.26,42.39,F,Fail,Low
STU_001702,15,Female,High School,Public,Lower-Middle,High School,Suburban,56.99,,93.52,58.86,Medium,1.81,1.4,0,2.3,High,Noisy,Summarizing,Weekly,3,Average,7.36,Fair,4.77,0.02,Rarely,10,Medium,1,Dedicated,Moderate,5.16,Medium,19,86,52,48.67,7.67,60.54,D,Pass,Medium
STU_001703,20,Female,High School,Public,Upper-Middle,Associate,Suburban,60.2,2.63,83.98,72.47,High,1.8,1.04,1,0.52,High,Moderate,Summarizing,Daily,5,Average,7.71,Poor,3.94,0.29,Frequently,10,Medium,1,Dedicated,Low,0.33,Easy,13,86,64,76.19,8.85,73.0,C,Pass,Medium
STU_001704,20,Female,Undergraduate,Private,Low,Bachelor,Urban,61.46,2.51,71.16,55.1,Low,2.82,2.16,0,0.47,Medium,Quiet,Practice Tests,Rarely,2,Excellent,8.01,Good,1.0,4.93,Occasionally,10,High,1,Dedicated,Low,6.83,Easy,13,86,42,67.27,8.37,48.49,F,Fail,Low
STU_001705,19,Male,High School,Public,High,High School,Urban,68.27,2.72,97.65,83.68,Medium,1.4,0.8,0,0.29,High,Quiet,Practice Tests,Weekly,6,Average,6.21,Fair,3.3,5.75,Rarely,9,Low,1,Dedicated,Moderate,1.97,Hard,23,94,40,92.28,7.08,43.84,F,Fail,Low
STU_001706,19,Male,High School,Charter,Low,High School,Rural,76.08,3.0,75.65,52.44,High,3.4,2.71,0,2.52,High,Noisy,Self-Reading,Daily,2,Excellent,6.22,,3.95,3.11,Occasionally,9,Medium,1,Dedicated,Low,0.66,Hard,4,87,33,72.62,9.14,37.74,F,Fail,Low
STU_001707,18,Male,High School,Public,Middle,Bachelor,Urban,74.94,3.06,85.41,70.39,High,2.35,1.39,1,2.3,Medium,Moderate,Summarizing,Rarely,5,Excellent,7.42,Excellent,4.49,2.87,Occasionally,10,Medium,1,Dedicated,Moderate,2.33,Medium,27,100,69,100.0,6.9,71.27,C,Pass,Medium
STU_001708,14,Male,High School,Public,Lower-Middle,High School,Urban,65.81,2.8,79.08,46.08,Medium,3.55,2.8,1,3.58,High,Moderate,Group Study,Weekly,6,Excellent,7.56,Good,2.83,2.47,Occasionally,10,Medium,1,Dedicated,Low,4.7,Medium,28,91,70,85.97,9.76,75.17,B,Pass,Medium
STU_001709,15,Male,High School,Private,Low,Associate,Suburban,68.55,2.84,85.85,80.26,Medium,5.41,3.59,0,3.67,Medium,Moderate,Summarizing,Daily,11,Poor,7.01,Poor,3.87,3.09,Occasionally,10,Medium,1,Shared,Low,17.03,Medium,1,86,47,55.02,10.0,54.13,D,Pass,Low
STU_001710,17,Female,High School,Private,Upper-Middle,Master,Suburban,85.67,3.28,74.22,68.81,Low,2.41,1.5,0,0.43,Medium,Quiet,Practice Tests,Weekly,7,Average,6.84,Fair,1.0,3.73,Frequently,10,Low,1,Dedicated,Low,0.87,Medium,23,96,63,74.31,10.0,65.95,C,Pass,Medium
STU_001711,20,Female,Undergraduate,Charter,Lower-Middle,High School,Urban,76.37,,87.43,62.67,Low,1.45,1.16,1,1.13,High,Moderate,Practice Tests,Weekly,3,,6.48,,5.84,1.32,Occasionally,10,Medium,1,Dedicated,Moderate,3.95,Hard,21,88,47,,9.32,53.19,D,Pass,Low
STU_001712,17,Male,Undergraduate,Public,Middle,Bachelor,Suburban,80.99,3.21,79.06,66.7,High,1.4,0.78,0,0.17,Medium,Moderate,Summarizing,Daily,4,Average,7.62,Good,6.68,1.0,Occasionally,10,High,1,Dedicated,Low,4.58,Easy,13,85,58,87.62,9.28,66.59,C,Pass,Medium
STU_001713,16,Male,Undergraduate,Public,Lower-Middle,High School,Suburban,66.43,2.84,80.77,63.65,Medium,1.27,0.93,0,7.06,Medium,Moderate,Flashcards,Weekly,7,Poor,6.62,Good,4.01,2.06,Occasionally,10,Low,1,Dedicated,Low,0.82,Hard,25,98,37,48.73,9.65,35.75,F,Fail,Low
STU_001714,16,Female,High School,Public,Low,High School,Suburban,58.95,2.24,86.97,65.35,High,2.06,1.64,0,0.99,Low,Moderate,Practice Tests,Daily,4,,7.67,Good,3.16,2.02,Frequently,10,Medium,1,Dedicated,Moderate,4.98,Medium,5,97,50,,8.01,50.43,D,Pass,Low
STU_001715,17,Male,Undergraduate,Public,Low,High School,Urban,72.98,3.05,88.93,79.17,Medium,3.72,2.54,0,2.8,Low,Quiet,Summarizing,Weekly,2,Average,7.36,Excellent,3.59,1.15,Rarely,10,Low,0,Dedicated,Low,5.91,Easy,21,93,76,90.61,8.01,78.55,B,Pass,Medium
STU_001716,16,Female,High School,Public,Middle,Bachelor,Urban,52.54,,,77.99,High,1.53,1.04,0,1.12,Medium,Quiet,Self-Reading,Weekly,3,Poor,6.78,Fair,7.12,1.89,Occasionally,10,Medium,1,Dedicated,Low,2.35,Hard,28,92,31,82.13,10.0,35.72,F,Fail,Low
STU_001717,14,Male,High School,Public,Middle,Bachelor,Urban,73.18,2.79,80.18,43.05,Medium,3.1,1.66,1,2.09,Medium,Noisy,Practice Tests,Weekly,6,Average,5.59,Good,1.0,1.26,Rarely,10,Low,1,Dedicated,High,0.44,Medium,17,99,68,89.29,9.96,67.6,C,Pass,Medium
STU_001718,19,Other,High School,Private,Lower-Middle,High School,Suburban,60.52,2.63,61.58,49.96,Medium,4.48,3.92,0,7.55,Medium,Moderate,Practice Tests,Weekly,6,Average,5.83,Fair,3.44,0.07,Frequently,9,Medium,0,None,Moderate,0.87,Hard,30,95,48,91.69,8.27,53.03,D,Pass,Low
STU_001719,16,Male,High School,Private,Middle,High School,Rural,51.44,2.06,75.16,55.59,Low,1.07,0.79,0,0.59,Medium,Noisy,Flashcards,Rarely,3,Average,5.68,Poor,5.3,2.63,Frequently,9,Low,1,Dedicated,Moderate,0.78,Medium,30,93,52,99.96,8.94,53.68,D,Pass,Low
STU_001720,18,Female,High School,Charter,Lower-Middle,High School,Urban,65.71,2.53,87.98,74.51,Low,3.79,2.28,0,1.46,Medium,Moderate,Practice Tests,Weekly,8,Poor,8.06,Good,1.94,0.99,Frequently,10,High,1,Dedicated,Low,5.69,Medium,22,100,52,83.63,10.0,52.87,D,Pass,Low
STU_001721,16,Male,High School,Private,Lower-Middle,Bachelor,Rural,56.75,2.21,,62.92,Medium,2.94,2.6,0,3.9,High,Quiet,Practice Tests,Weekly,3,Excellent,7.65,Good,3.78,2.99,Frequently,10,High,1,Shared,Low,4.83,Hard,2,94,14,81.25,8.58,14.24,F,Fail,Low
STU_001722,15,Male,Undergraduate,Public,Low,Bachelor,Urban,52.88,2.04,94.46,84.81,Low,2.14,1.55,0,0.83,Medium,Moderate,Self-Reading,Weekly,3,Average,6.36,Fair,6.65,3.76,Occasionally,10,High,1,Dedicated,Moderate,3.64,Medium,7,99,44,84.27,10.0,46.14,F,Fail,Low
STU_001723,14,Male,High School,Public,Low,High School,Rural,65.71,2.44,76.43,76.59,Medium,2.05,1.28,0,1.16,Medium,Noisy,Summarizing,Daily,7,Excellent,7.31,Good,3.77,1.83,Rarely,10,Medium,1,Shared,Moderate,1.47,Medium,23,98,57,43.29,10.0,57.9,D,Pass,Low
STU_001724,15,Male,High School,Public,Middle,,Urban,70.67,2.55,85.02,42.67,Low,1.85,1.18,0,3.56,Medium,Noisy,Summarizing,Weekly,8,Excellent,7.89,Fair,5.69,6.37,Frequently,10,Medium,1,None,Low,2.65,Easy,16,86,64,,10.0,71.04,C,Pass,Medium
STU_001725,15,Female,High School,Public,Middle,Bachelor,Urban,62.69,2.31,77.59,40.22,Low,1.97,1.09,0,5.13,Medium,Quiet,Group Study,Daily,6,,8.8,Fair,6.7,0.91,Frequently,6,Low,1,Shared,Moderate,0.66,Easy,9,97,66,54.78,6.25,68.12,C,Pass,Medium
STU_001726,18,Female,High School,Public,Middle,Bachelor,Urban,72.57,,90.56,41.66,Medium,1.62,0.9,0,1.72,High,Moderate,Practice Tests,Weekly,12,Average,8.72,Good,4.42,0.95,Rarely,10,Medium,1,Dedicated,Moderate,6.86,Medium,15,93,73,86.57,9.59,77.82,B,Pass,Medium
STU_001727,14,Male,High School,Public,High,Bachelor,Rural,48.96,2.13,89.71,59.69,High,1.6,1.4,0,6.94,Low,Quiet,Self-Reading,Weekly,3,Average,5.88,Poor,5.78,6.57,Occasionally,10,Medium,1,Dedicated,Moderate,2.07,Medium,24,93,29,61.91,9.78,31.27,F,Fail,Low
STU_001728,14,Male,High School,Charter,Upper-Middle,Bachelor,Suburban,64.08,2.47,82.65,63.39,Low,2.55,2.04,1,1.07,Low,Moderate,Flashcards,Rarely,5,Average,5.36,Fair,1.77,0.32,Occasionally,10,Low,1,None,Low,0.6,Easy,12,99,44,80.51,10.0,44.34,F,Fail,Low
STU_001729,14,Male,Undergraduate,Public,Upper-Middle,Associate,Suburban,66.77,2.67,84.11,87.81,Low,2.85,2.46,1,0.52,Medium,Quiet,Self-Reading,Daily,7,Average,6.37,Fair,5.13,3.77,Occasionally,8,High,1,Shared,High,0.61,Easy,22,92,84,59.92,8.66,89.25,A,Pass,High
STU_001730,14,Female,High School,Charter,Low,Bachelor,Urban,54.06,2.42,99.39,84.07,Medium,5.29,4.43,0,1.16,Low,Quiet,Practice Tests,Weekly,2,Excellent,7.59,Fair,5.81,2.11,Occasionally,10,Medium,1,None,Moderate,0.49,Easy,9,91,71,84.43,10.0,78.25,B,Pass,Medium
STU_001731,14,Female,High School,Private,Lower-Middle,,Urban,45.59,1.84,89.15,78.04,Medium,0.84,0.7,0,2.36,Medium,Moderate,Flashcards,Rarely,5,Average,5.88,Fair,4.01,1.37,Occasionally,10,High,1,Dedicated,Moderate,0.94,Medium,8,87,29,72.84,9.01,36.23,F,Fail,Low
STU_001732,18,Female,Undergraduate,Private,Middle,High School,Urban,88.76,3.65,82.5,62.97,Medium,2.24,1.55,0,0.26,High,Quiet,Group Study,Weekly,7,Average,7.47,Poor,5.71,2.05,Occasionally,9,High,1,Dedicated,Moderate,3.76,Easy,19,89,72,90.74,8.97,82.21,B,Pass,High
STU_001733,16,Female,High School,Public,Middle,High School,Rural,69.98,2.9,86.73,83.58,High,3.94,3.31,0,7.29,Medium,Noisy,Summarizing,Daily,3,Average,8.64,Good,2.28,0.91,Occasionally,10,High,1,Dedicated,Moderate,0.23,Hard,15,94,42,82.02,10.0,43.51,F,Fail,Low
STU_001734,15,Female,High School,Private,Middle,Associate,Suburban,82.48,3.22,92.42,61.88,Medium,4.54,2.4,0,6.38,Medium,Noisy,Group Study,Daily,1,Excellent,4.93,Excellent,3.42,0.04,Occasionally,10,Low,1,Shared,Low,7.65,Easy,24,98,75,69.4,8.18,76.36,B,Pass,Medium
STU_001735,14,Male,High School,Public,Low,,Suburban,56.15,2.38,80.64,74.49,Medium,6.39,4.44,1,2.74,High,Noisy,Self-Reading,Weekly,8,Average,8.44,Good,6.82,0.06,Occasionally,10,Medium,1,Dedicated,Low,0.05,Easy,4,100,68,74.23,9.42,68.07,C,Pass,Medium
STU_001736,20,Other,Undergraduate,Public,Lower-Middle,Bachelor,Suburban,71.47,2.78,89.55,56.44,Low,2.58,2.32,0,1.07,Low,Quiet,Group Study,Rarely,5,Average,7.18,Poor,6.88,3.51,Occasionally,10,Low,0,Dedicated,Low,0.23,Medium,7,100,50,82.22,8.12,50.35,D,Pass,Low
STU_001737,16,Male,Undergraduate,Public,Upper-Middle,Bachelor,Suburban,66.3,2.61,81.21,78.68,Low,5.93,4.32,0,2.27,Low,Quiet,Summarizing,Weekly,10,Average,7.07,Excellent,5.95,7.46,Rarely,7,High,1,Dedicated,Low,4.2,Easy,11,97,96,96.7,8.13,98.66,A,Pass,High
STU_001738,16,Male,High School,Private,High,High School,Urban,85.19,3.48,88.82,76.2,High,2.3,1.94,1,0.15,Low,Quiet,Practice Tests,Daily,6,Average,6.45,Good,5.04,0.32,Frequently,10,Medium,1,Dedicated,Low,8.17,Medium,30,93,86,89.46,5.88,89.1,A,Pass,High
STU_001739,15,Female,Undergraduate,Public,Upper-Middle,High School,Urban,70.4,2.54,92.52,92.3,Medium,3.37,2.44,1,1.07,Medium,Quiet,Practice Tests,Weekly,8,,5.53,Excellent,4.4,2.1,Frequently,10,High,1,Dedicated,Low,1.39,Medium,17,99,87,64.46,8.17,89.6,A,Pass,High
STU_001740,18,Male,High School,Public,Low,Bachelor,Suburban,66.55,2.78,,48.78,Medium,1.36,0.83,0,0.29,Medium,Quiet,Flashcards,Weekly,2,Average,6.64,Fair,4.17,4.89,Occasionally,10,High,1,Dedicated,Low,0.22,Easy,4,99,53,57.43,9.91,52.19,D,Pass,Low
STU_001741,17,Female,Undergraduate,Public,Low,High School,Rural,72.8,2.99,79.83,57.21,Medium,4.28,2.18,0,0.19,Medium,Noisy,Group Study,Weekly,6,Excellent,8.87,Excellent,4.05,7.25,Rarely,8,High,1,Dedicated,Low,4.72,Easy,6,100,99,84.53,9.01,97.05,A,Pass,High
STU_001742,17,Male,High School,Charter,Lower-Middle,Bachelor,Suburban,59.52,2.58,90.52,63.14,Medium,3.33,2.82,0,2.93,Low,Moderate,Flashcards,Weekly,3,Poor,6.59,Fair,1.89,2.77,Frequently,10,High,1,Dedicated,High,5.8,Medium,18,93,65,88.38,10.0,70.76,C,Pass,Medium
STU_001743,16,Female,High School,Public,Lower-Middle,Bachelor,Suburban,65.65,2.49,76.61,59.09,Medium,0.85,0.68,0,0.82,High,Quiet,Self-Reading,Daily,4,Excellent,6.64,Good,4.83,1.92,Occasionally,10,Medium,1,Dedicated,Low,0.66,Hard,17,89,16,100.0,8.52,19.41,F,Fail,Low
STU_001744,19,Male,High School,Public,Middle,Bachelor,Urban,100.0,4.0,69.19,46.02,Medium,0.98,0.76,1,0.04,Low,Quiet,Summarizing,Rarely,4,Average,7.11,Poor,5.24,7.54,Occasionally,10,Medium,1,Dedicated,Low,2.23,Medium,15,93,59,63.11,8.84,62.82,D,Pass,Medium
STU_001745,19,Female,Undergraduate,Public,Low,Bachelor,Urban,70.43,2.76,,80.3,Medium,2.22,1.95,1,0.02,High,Quiet,Group Study,Daily,3,Average,6.58,Fair,4.18,1.44,Occasionally,10,Medium,1,Dedicated,Low,4.52,Easy,1,98,59,70.57,9.1,57.97,D,Pass,Low
STU_001746,15,Female,High School,Private,Lower-Middle,Associate,Rural,52.95,2.35,72.16,64.82,Low,2.58,1.95,0,1.19,Medium,Moderate,Flashcards,Weekly,4,Excellent,5.44,Good,4.8,0.99,Frequently,10,Medium,1,Dedicated,Low,1.05,Medium,18,97,58,82.07,9.86,57.58,D,Pass,Low
STU_001747,17,Male,High School,Charter,Low,Bachelor,Urban,47.01,1.89,93.23,71.41,Medium,2.19,1.86,0,2.38,Medium,Quiet,Self-Reading,Daily,6,,6.04,Fair,3.86,1.82,Occasionally,10,Medium,1,Dedicated,Moderate,0.27,Hard,27,89,48,72.05,10.0,51.12,D,Pass,Low
STU_001748,16,Male,Undergraduate,Public,Upper-Middle,Associate,Rural,74.91,2.96,80.72,59.86,Medium,1.14,0.79,1,0.45,Low,Quiet,Group Study,Rarely,5,Poor,10.39,Fair,7.36,3.42,Rarely,10,High,0,Dedicated,High,1.67,Medium,6,86,52,69.51,9.39,62.1,D,Pass,Medium
STU_001749,18,Male,Undergraduate,Public,Middle,Bachelor,Urban,88.52,3.54,91.95,67.63,Low,1.64,1.22,0,0.16,Medium,Noisy,Group Study,Weekly,4,Average,8.23,Good,6.55,5.83,Rarely,7,Medium,1,Dedicated,Moderate,0.99,Medium,19,95,90,74.26,8.34,93.72,A,Pass,High
STU_001750,17,Female,High School,Public,High,High School,Urban,67.95,2.6,81.37,75.42,Medium,3.35,1.91,0,0.88,Medium,Quiet,Self-Reading,Weekly,7,Average,7.15,Good,4.32,0.74,Frequently,10,Medium,1,Dedicated,Low,1.0,Hard,14,91,63,86.01,10.0,69.26,C,Pass,Medium
STU_001751,16,Female,High School,Private,Middle,Associate,Urban,60.16,2.3,85.03,72.35,Medium,2.04,1.06,0,6.07,Medium,Quiet,Flashcards,Weekly,6,Average,7.03,Fair,2.19,7.09,Occasionally,9,High,0,Dedicated,High,0.46,Hard,23,95,55,69.56,9.17,57.05,D,Pass,Low
STU_001752,16,Male,High School,Public,Middle,Master,Urban,71.48,2.6,100.0,90.88,High,3.29,2.44,1,1.51,Medium,Quiet,Summarizing,Weekly,9,,6.95,Fair,6.21,0.9,Frequently,9,Medium,1,Dedicated,Low,1.63,Hard,4,89,47,100.0,7.28,50.56,D,Pass,Low
STU_001753,14,Male,Undergraduate,Private,Upper-Middle,Bachelor,Suburban,72.93,2.94,86.5,83.17,High,3.46,2.69,0,2.74,Medium,Quiet,Flashcards,Daily,8,Excellent,7.54,Fair,7.21,0.59,Frequently,10,High,1,Dedicated,Low,3.59,Hard,8,85,34,70.24,10.0,39.17,F,Fail,Low
STU_001754,18,Female,Undergraduate,Public,Middle,High School,Suburban,75.61,3.16,91.07,70.96,High,3.86,2.1,1,1.4,Low,Quiet,Flashcards,Weekly,7,Average,6.34,Excellent,3.48,0.62,Occasionally,10,Low,1,Dedicated,Low,0.69,Medium,23,89,63,100.0,10.0,65.95,C,Pass,Medium
STU_001755,14,Male,High School,Private,Lower-Middle,Master,Urban,79.33,3.06,83.59,59.18,High,2.0,1.08,0,3.01,Low,Quiet,Group Study,Daily,6,Average,5.67,Fair,8.78,0.67,Occasionally,9,High,1,Shared,Moderate,2.07,Hard,14,88,47,100.0,9.52,53.53,D,Pass,Low
STU_001756,15,Male,High School,Public,Low,Master,Rural,55.59,,82.68,75.96,High,2.08,1.37,0,2.08,Low,Quiet,Practice Tests,Weekly,3,,7.68,Good,4.48,0.66,Rarely,10,High,1,Dedicated,Low,4.55,Hard,12,100,33,,8.42,32.71,F,Fail,Low
STU_001757,14,Female,Undergraduate,Private,Middle,High School,Suburban,73.81,2.98,75.78,83.56,High,4.95,4.16,0,1.7,Medium,Quiet,Practice Tests,Weekly,6,Poor,7.33,Excellent,4.96,4.01,Occasionally,8,Medium,1,Dedicated,Moderate,0.75,Easy,24,86,63,100.0,8.75,71.71,C,Pass,Medium
STU_001758,20,Male,High School,Public,Upper-Middle,Associate,Urban,52.38,,94.0,58.87,Medium,4.11,3.16,1,0.74,Medium,Quiet,Flashcards,Weekly,4,Average,6.37,Good,5.17,4.5,Frequently,10,Medium,1,Dedicated,Low,3.0,Hard,20,95,34,75.0,7.96,34.88,F,Fail,Low
STU_001759,14,Male,Undergraduate,Public,Middle,High School,Urban,79.01,3.02,79.09,59.85,High,0.61,0.34,1,1.07,Low,Quiet,Summarizing,Daily,5,Average,5.02,Excellent,1.02,2.76,Rarely,10,Medium,1,Dedicated,Low,7.52,Easy,4,92,47,93.34,10.0,51.99,D,Pass,Low
STU_001760,20,Female,High School,Public,Lower-Middle,High School,Suburban,53.09,2.43,,75.52,Medium,1.85,1.18,0,1.57,Low,Moderate,Summarizing,Daily,5,Average,6.23,Poor,5.25,4.07,Rarely,10,Medium,1,None,Low,1.11,Medium,25,89,35,67.18,9.86,38.96,F,Fail,Low
STU_001761,17,Male,High School,Charter,Lower-Middle,High School,Urban,76.17,3.22,68.32,56.15,Medium,0.75,0.41,1,0.03,Medium,Moderate,Flashcards,Daily,4,,7.1,Fair,4.34,4.97,Rarely,7,Low,0,Dedicated,Moderate,0.95,Hard,25,97,50,,6.77,53.52,D,Pass,Low
STU_001762,19,Female,High School,Private,Lower-Middle,Bachelor,Suburban,61.37,,93.71,68.18,High,4.56,4.05,0,2.91,High,Quiet,Practice Tests,Weekly,11,Excellent,6.95,Fair,3.49,0.67,Rarely,10,Medium,1,Shared,Moderate,2.13,Medium,29,95,92,,10.0,97.06,A,Pass,High
STU_001763,16,Male,High School,Charter,Middle,Bachelor,Suburban,62.36,2.6,,88.12,Low,3.91,2.4,0,6.88,High,Moderate,Summarizing,Daily,5,Average,5.91,Fair,5.45,8.85,Frequently,10,Medium,1,Shared,Moderate,1.83,Medium,7,100,65,76.94,9.9,65.29,C,Pass,Medium
STU_001764,20,Male,High School,Charter,Upper-Middle,Master,Suburban,70.09,2.61,73.97,57.33,Medium,3.54,2.32,0,4.29,Low,Moderate,Flashcards,Weekly,0,,5.73,Fair,3.52,5.8,Occasionally,10,Medium,1,Dedicated,Moderate,3.1,Easy,29,94,55,73.62,8.89,59.81,D,Pass,Low
STU_001765,18,Female,Undergraduate,Public,Lower-Middle,Bachelor,Suburban,72.58,2.75,76.87,70.06,Medium,2.96,2.21,0,1.67,Low,Noisy,Self-Reading,Weekly,5,Average,6.56,Poor,4.57,1.25,Frequently,10,High,1,Shared,Moderate,1.72,Hard,30,93,46,,10.0,47.35,F,Fail,Low
STU_001766,14,Male,High School,Private,Middle,Bachelor,Urban,74.71,3.1,83.17,71.36,Medium,2.18,1.38,1,0.42,High,Moderate,Self-Reading,Daily,5,Average,6.1,Good,8.89,0.15,Occasionally,7,Low,1,Dedicated,Low,5.73,Medium,27,94,61,73.51,6.76,66.46,C,Pass,Medium
STU_001767,20,Male,High School,Private,Lower-Middle,Master,Suburban,69.78,2.81,81.97,78.64,Medium,4.72,2.38,1,1.8,High,Noisy,Self-Reading,Daily,2,Average,6.76,Fair,10.51,1.95,Occasionally,10,Medium,1,Shared,High,0.56,Medium,28,93,64,54.55,10.0,68.23,C,Pass,Medium
